ISO-10303-21;
HEADER;
/* Generated by software containing ST-Developer
 * from STEP Tools, Inc. (www.steptools.com) 
 */

FILE_DESCRIPTION(
/* description */ (''),
/* implementation_level */ '2;1');

FILE_NAME(
/* name */ 'Bottom Case.step',
/* time_stamp */ '2025-06-24T12:46:16+12:00',
/* author */ (''),
/* organization */ (''),
/* preprocessor_version */ 'ST-DEVELOPER v20.1',
/* originating_system */ 'Autodesk Translation Framework v14.10.0.0',
/* authorisation */ '');

FILE_SCHEMA (('AUTOMOTIVE_DESIGN { 1 0 10303 214 3 1 1 }'));
ENDSEC;

DATA;
#10=MECHANICAL_DESIGN_GEOMETRIC_PRESENTATION_REPRESENTATION('',(#13),#10473);
#11=SHAPE_REPRESENTATION_RELATIONSHIP('SRR','None',#10480,#12);
#12=ADVANCED_BREP_SHAPE_REPRESENTATION('',(#14),#10472);
#13=STYLED_ITEM('',(#10489),#14);
#14=MANIFOLD_SOLID_BREP('Body1',#5101);
#15=(
BOUNDED_SURFACE()
B_SPLINE_SURFACE(1,2,((#9290,#9291,#9292,#9293,#9294,#9295,#9296,#9297,
#9298),(#9299,#9300,#9301,#9302,#9303,#9304,#9305,#9306,#9307)),
 .UNSPECIFIED.,.F.,.T.,.F.)
B_SPLINE_SURFACE_WITH_KNOTS((2,2),(3,2,2,2,3),(0.,1.95912652707049),(-3.14159265358979,
-1.5707963267949,0.,1.5707963267949,3.14159265358979),.UNSPECIFIED.)
GEOMETRIC_REPRESENTATION_ITEM()
RATIONAL_B_SPLINE_SURFACE(((1.,0.707106781186548,1.,0.707106781186548,1.,
0.707106781186548,1.,0.707106781186548,1.),(1.,0.707106781186548,1.,0.707106781186548,
1.,0.707106781186548,1.,0.707106781186548,1.)))
REPRESENTATION_ITEM('')
SURFACE()
);
#16=(
BOUNDED_SURFACE()
B_SPLINE_SURFACE(1,2,((#9312,#9313,#9314,#9315,#9316,#9317,#9318,#9319,
#9320),(#9321,#9322,#9323,#9324,#9325,#9326,#9327,#9328,#9329)),
 .UNSPECIFIED.,.F.,.T.,.F.)
B_SPLINE_SURFACE_WITH_KNOTS((2,2),(3,2,2,2,3),(0.,0.589371375048986),(-3.14159265358979,
-1.5707963267949,0.,1.5707963267949,3.14159265358979),.UNSPECIFIED.)
GEOMETRIC_REPRESENTATION_ITEM()
RATIONAL_B_SPLINE_SURFACE(((1.,0.707106781186548,1.,0.707106781186548,1.,
0.707106781186548,1.,0.707106781186548,1.),(1.,0.707106781186548,1.,0.707106781186548,
1.,0.707106781186548,1.,0.707106781186548,1.)))
REPRESENTATION_ITEM('')
SURFACE()
);
#17=(
BOUNDED_SURFACE()
B_SPLINE_SURFACE(1,2,((#9334,#9335,#9336,#9337,#9338,#9339,#9340,#9341,
#9342),(#9343,#9344,#9345,#9346,#9347,#9348,#9349,#9350,#9351)),
 .UNSPECIFIED.,.F.,.T.,.F.)
B_SPLINE_SURFACE_WITH_KNOTS((2,2),(3,2,2,2,3),(0.,0.589371375049527),(-3.14159265358979,
-1.5707963267949,0.,1.5707963267949,3.14159265358979),.UNSPECIFIED.)
GEOMETRIC_REPRESENTATION_ITEM()
RATIONAL_B_SPLINE_SURFACE(((1.,0.707106781186548,1.,0.707106781186548,1.,
0.707106781186548,1.,0.707106781186548,1.),(1.,0.707106781186548,1.,0.707106781186548,
1.,0.707106781186548,1.,0.707106781186548,1.)))
REPRESENTATION_ITEM('')
SURFACE()
);
#18=(
BOUNDED_SURFACE()
B_SPLINE_SURFACE(1,2,((#9976,#9977,#9978,#9979,#9980,#9981,#9982,#9983,
#9984),(#9985,#9986,#9987,#9988,#9989,#9990,#9991,#9992,#9993)),
 .UNSPECIFIED.,.F.,.T.,.F.)
B_SPLINE_SURFACE_WITH_KNOTS((2,2),(3,2,2,2,3),(0.,1.95912652707069),(-3.14159265358979,
-1.5707963267949,0.,1.5707963267949,3.14159265358979),.UNSPECIFIED.)
GEOMETRIC_REPRESENTATION_ITEM()
RATIONAL_B_SPLINE_SURFACE(((1.,0.707106781186548,1.,0.707106781186548,1.,
0.707106781186548,1.,0.707106781186548,1.),(1.,0.707106781186548,1.,0.707106781186548,
1.,0.707106781186548,1.,0.707106781186548,1.)))
REPRESENTATION_ITEM('')
SURFACE()
);
#19=(
BOUNDED_SURFACE()
B_SPLINE_SURFACE(1,2,((#9998,#9999,#10000,#10001,#10002,#10003,#10004,#10005,
#10006),(#10007,#10008,#10009,#10010,#10011,#10012,#10013,#10014,#10015)),
 .UNSPECIFIED.,.F.,.T.,.F.)
B_SPLINE_SURFACE_WITH_KNOTS((2,2),(3,2,2,2,3),(0.,1.27424895106005),(-3.14159265358979,
-1.5707963267949,0.,1.5707963267949,3.14159265358979),.UNSPECIFIED.)
GEOMETRIC_REPRESENTATION_ITEM()
RATIONAL_B_SPLINE_SURFACE(((1.,0.707106781186548,1.,0.707106781186548,1.,
0.707106781186548,1.,0.707106781186548,1.),(1.,0.707106781186548,1.,0.707106781186548,
1.,0.707106781186548,1.,0.707106781186548,1.)))
REPRESENTATION_ITEM('')
SURFACE()
);
#20=(
BOUNDED_SURFACE()
B_SPLINE_SURFACE(2,2,((#10104,#10105,#10106),(#10107,#10108,#10109),(#10110,
#10111,#10112)),.UNSPECIFIED.,.F.,.F.,.F.)
B_SPLINE_SURFACE_WITH_KNOTS((3,3),(3,3),(-1.5707963267949,2.96923123347176E-16),
(1.57079622640417,3.14159265358979),.UNSPECIFIED.)
GEOMETRIC_REPRESENTATION_ITEM()
RATIONAL_B_SPLINE_SURFACE(((1.,0.707106745693064,1.),(0.707106781186542,
0.499999974902313,0.707106781186542),(1.,0.707106745693064,1.)))
REPRESENTATION_ITEM('')
SURFACE()
);
#21=(
BOUNDED_SURFACE()
B_SPLINE_SURFACE(2,2,((#10307,#10308,#10309),(#10310,#10311,#10312),(#10313,
#10314,#10315)),.UNSPECIFIED.,.F.,.F.,.F.)
B_SPLINE_SURFACE_WITH_KNOTS((3,3),(3,3),(-6.50689280227536E-16,1.5707963267949),
(1.57079632349812,3.14159265358979),.UNSPECIFIED.)
GEOMETRIC_REPRESENTATION_ITEM()
RATIONAL_B_SPLINE_SURFACE(((1.,0.70710678002096,1.),(0.707106781186545,
0.499999999175804,0.707106781186545),(1.,0.70710678002096,1.)))
REPRESENTATION_ITEM('')
SURFACE()
);
#22=(
BOUNDED_SURFACE()
B_SPLINE_SURFACE(1,2,((#10402,#10403,#10404),(#10405,#10406,#10407)),
 .UNSPECIFIED.,.F.,.F.,.F.)
B_SPLINE_SURFACE_WITH_KNOTS((2,2),(3,3),(-1.,4.80030344655768),(-1.57079632514663,
-1.19807811420191E-15),.UNSPECIFIED.)
GEOMETRIC_REPRESENTATION_ITEM()
RATIONAL_B_SPLINE_SURFACE(((1.,0.707106781769297,1.),(1.,0.707106781769297,
1.)))
REPRESENTATION_ITEM('')
SURFACE()
);
#23=(
BOUNDED_SURFACE()
B_SPLINE_SURFACE(1,2,((#10412,#10413,#10414),(#10415,#10416,#10417)),
 .UNSPECIFIED.,.F.,.F.,.F.)
B_SPLINE_SURFACE_WITH_KNOTS((2,2),(3,3),(-1.,4.90208201852458),(-1.5707963267949,
7.42643621009841E-18),.UNSPECIFIED.)
GEOMETRIC_REPRESENTATION_ITEM()
RATIONAL_B_SPLINE_SURFACE(((1.,0.707106781186548,1.),(1.,0.707106781186548,
1.)))
REPRESENTATION_ITEM('')
SURFACE()
);
#24=(
BOUNDED_SURFACE()
B_SPLINE_SURFACE(1,2,((#10440,#10441,#10442),(#10443,#10444,#10445)),
 .UNSPECIFIED.,.F.,.F.,.F.)
B_SPLINE_SURFACE_WITH_KNOTS((2,2),(3,3),(-1.00000000000001,4.75668405683862),
(-1.57079632514663,-0.0372482600821946),.UNSPECIFIED.)
GEOMETRIC_REPRESENTATION_ITEM()
RATIONAL_B_SPLINE_SURFACE(((1.,0.720152639751935,1.),(1.,0.720152639751935,
1.)))
REPRESENTATION_ITEM('')
SURFACE()
);
#25=FACE_BOUND('',#1715,.T.);
#26=FACE_BOUND('',#1716,.T.);
#27=FACE_BOUND('',#1717,.T.);
#28=FACE_BOUND('',#1718,.T.);
#29=FACE_BOUND('',#1719,.T.);
#30=FACE_BOUND('',#1720,.T.);
#31=FACE_BOUND('',#1721,.T.);
#32=FACE_BOUND('',#1723,.T.);
#33=FACE_BOUND('',#1727,.T.);
#34=FACE_BOUND('',#1731,.T.);
#35=FACE_BOUND('',#1735,.T.);
#36=FACE_BOUND('',#1739,.T.);
#37=FACE_BOUND('',#1743,.T.);
#38=FACE_BOUND('',#1747,.T.);
#39=FACE_BOUND('',#1763,.T.);
#40=FACE_BOUND('',#1765,.T.);
#41=FACE_BOUND('',#1767,.T.);
#42=FACE_BOUND('',#1779,.T.);
#43=FACE_BOUND('',#1781,.T.);
#44=FACE_BOUND('',#1783,.T.);
#45=FACE_BOUND('',#1963,.T.);
#46=FACE_BOUND('',#1964,.T.);
#47=FACE_BOUND('',#1965,.T.);
#48=FACE_BOUND('',#1966,.T.);
#49=FACE_BOUND('',#1967,.T.);
#50=FACE_BOUND('',#1968,.T.);
#51=FACE_BOUND('',#1969,.T.);
#52=FACE_BOUND('',#1981,.T.);
#53=FACE_BOUND('',#1982,.T.);
#54=FACE_BOUND('',#1983,.T.);
#55=FACE_BOUND('',#1984,.T.);
#56=FACE_BOUND('',#1985,.T.);
#57=FACE_BOUND('',#1986,.T.);
#58=FACE_BOUND('',#1987,.T.);
#59=FACE_BOUND('',#1988,.T.);
#60=FACE_BOUND('',#1989,.T.);
#61=FACE_BOUND('',#1990,.T.);
#62=FACE_BOUND('',#1991,.T.);
#63=FACE_BOUND('',#1992,.T.);
#64=FACE_BOUND('',#1993,.T.);
#65=FACE_BOUND('',#1994,.T.);
#66=FACE_BOUND('',#1995,.T.);
#67=FACE_BOUND('',#1996,.T.);
#68=ELLIPSE('',#5138,1.00095268520757,1.);
#69=ELLIPSE('',#5145,1.00095268520757,1.);
#70=ELLIPSE('',#5146,1.10104795372833,1.1);
#71=ELLIPSE('',#5147,1.10104795372833,1.1);
#72=ELLIPSE('',#5148,1.10104795372833,1.1);
#73=ELLIPSE('',#5149,1.10104795372833,1.1);
#74=ELLIPSE('',#5150,1.10104795372833,1.1);
#75=ELLIPSE('',#5151,1.10104795372833,1.1);
#76=ELLIPSE('',#5152,1.10104795372833,1.1);
#77=ELLIPSE('',#5202,4.10285805548996,4.1);
#78=ELLIPSE('',#5204,4.10285805548996,4.1);
#79=ELLIPSE('',#5206,4.10285805548996,4.1);
#80=ELLIPSE('',#5218,4.10285805548996,4.1);
#81=ELLIPSE('',#5220,4.10285805548996,4.1);
#82=ELLIPSE('',#5228,3.00285805562271,3.);
#83=ELLIPSE('',#5235,4.1,4.09895304374004);
#84=ELLIPSE('',#5236,4.1,4.09895304374004);
#85=ELLIPSE('',#5237,4.1,4.09895304374004);
#86=ELLIPSE('',#5251,137.553513756321,6.);
#87=ELLIPSE('',#5252,137.553513756321,6.);
#88=ELLIPSE('',#5271,137.553513756321,6.);
#89=ELLIPSE('',#5272,137.553513756321,6.);
#90=ELLIPSE('',#5291,137.553513756321,6.);
#91=ELLIPSE('',#5292,137.553513756321,6.);
#92=ELLIPSE('',#5311,137.553513756321,6.);
#93=ELLIPSE('',#5312,137.553513756321,6.);
#94=ELLIPSE('',#5331,137.553513756321,6.);
#95=ELLIPSE('',#5332,137.553513756321,6.);
#96=ELLIPSE('',#5351,137.553513756321,6.);
#97=ELLIPSE('',#5352,137.553513756321,6.);
#98=ELLIPSE('',#5371,137.553513756321,6.);
#99=ELLIPSE('',#5372,137.553513756321,6.);
#100=ELLIPSE('',#5391,137.553513756321,6.);
#101=ELLIPSE('',#5392,137.553513756321,6.);
#102=ELLIPSE('',#5411,137.553513756321,6.);
#103=ELLIPSE('',#5412,137.553513756321,6.);
#104=ELLIPSE('',#5431,137.553513756321,6.);
#105=ELLIPSE('',#5432,137.553513756321,6.);
#106=ELLIPSE('',#5438,4.1,4.09895304374004);
#107=ELLIPSE('',#5439,4.1,4.09895304374004);
#108=ELLIPSE('',#5453,3.00285805562271,3.);
#109=ELLIPSE('',#5459,3.00285805562271,3.);
#110=ELLIPSE('',#5464,3.,2.99714466474557);
#111=ELLIPSE('',#5465,3.,2.99714466461308);
#112=ELLIPSE('',#5466,3.,2.99714466461308);
#113=ELLIPSE('',#5469,0.565685424949238,0.4);
#114=PLANE('',#5128);
#115=PLANE('',#5133);
#116=PLANE('',#5135);
#117=PLANE('',#5136);
#118=PLANE('',#5137);
#119=PLANE('',#5153);
#120=PLANE('',#5159);
#121=PLANE('',#5165);
#122=PLANE('',#5171);
#123=PLANE('',#5177);
#124=PLANE('',#5183);
#125=PLANE('',#5189);
#126=PLANE('',#5195);
#127=PLANE('',#5196);
#128=PLANE('',#5197);
#129=PLANE('',#5198);
#130=PLANE('',#5199);
#131=PLANE('',#5200);
#132=PLANE('',#5201);
#133=PLANE('',#5203);
#134=PLANE('',#5205);
#135=PLANE('',#5207);
#136=PLANE('',#5208);
#137=PLANE('',#5209);
#138=PLANE('',#5210);
#139=PLANE('',#5211);
#140=PLANE('',#5212);
#141=PLANE('',#5213);
#142=PLANE('',#5214);
#143=PLANE('',#5215);
#144=PLANE('',#5216);
#145=PLANE('',#5217);
#146=PLANE('',#5219);
#147=PLANE('',#5221);
#148=PLANE('',#5226);
#149=PLANE('',#5230);
#150=PLANE('',#5234);
#151=PLANE('',#5238);
#152=PLANE('',#5239);
#153=PLANE('',#5240);
#154=PLANE('',#5241);
#155=PLANE('',#5242);
#156=PLANE('',#5243);
#157=PLANE('',#5244);
#158=PLANE('',#5245);
#159=PLANE('',#5246);
#160=PLANE('',#5248);
#161=PLANE('',#5254);
#162=PLANE('',#5255);
#163=PLANE('',#5256);
#164=PLANE('',#5257);
#165=PLANE('',#5258);
#166=PLANE('',#5259);
#167=PLANE('',#5260);
#168=PLANE('',#5261);
#169=PLANE('',#5262);
#170=PLANE('',#5263);
#171=PLANE('',#5264);
#172=PLANE('',#5265);
#173=PLANE('',#5266);
#174=PLANE('',#5268);
#175=PLANE('',#5274);
#176=PLANE('',#5275);
#177=PLANE('',#5276);
#178=PLANE('',#5277);
#179=PLANE('',#5278);
#180=PLANE('',#5279);
#181=PLANE('',#5280);
#182=PLANE('',#5281);
#183=PLANE('',#5282);
#184=PLANE('',#5283);
#185=PLANE('',#5284);
#186=PLANE('',#5285);
#187=PLANE('',#5286);
#188=PLANE('',#5288);
#189=PLANE('',#5294);
#190=PLANE('',#5295);
#191=PLANE('',#5296);
#192=PLANE('',#5297);
#193=PLANE('',#5298);
#194=PLANE('',#5299);
#195=PLANE('',#5300);
#196=PLANE('',#5301);
#197=PLANE('',#5302);
#198=PLANE('',#5303);
#199=PLANE('',#5304);
#200=PLANE('',#5305);
#201=PLANE('',#5306);
#202=PLANE('',#5308);
#203=PLANE('',#5314);
#204=PLANE('',#5315);
#205=PLANE('',#5316);
#206=PLANE('',#5317);
#207=PLANE('',#5318);
#208=PLANE('',#5319);
#209=PLANE('',#5320);
#210=PLANE('',#5321);
#211=PLANE('',#5322);
#212=PLANE('',#5323);
#213=PLANE('',#5324);
#214=PLANE('',#5325);
#215=PLANE('',#5326);
#216=PLANE('',#5328);
#217=PLANE('',#5334);
#218=PLANE('',#5335);
#219=PLANE('',#5336);
#220=PLANE('',#5337);
#221=PLANE('',#5338);
#222=PLANE('',#5339);
#223=PLANE('',#5340);
#224=PLANE('',#5341);
#225=PLANE('',#5342);
#226=PLANE('',#5343);
#227=PLANE('',#5344);
#228=PLANE('',#5345);
#229=PLANE('',#5346);
#230=PLANE('',#5348);
#231=PLANE('',#5354);
#232=PLANE('',#5355);
#233=PLANE('',#5356);
#234=PLANE('',#5357);
#235=PLANE('',#5358);
#236=PLANE('',#5359);
#237=PLANE('',#5360);
#238=PLANE('',#5361);
#239=PLANE('',#5362);
#240=PLANE('',#5363);
#241=PLANE('',#5364);
#242=PLANE('',#5365);
#243=PLANE('',#5366);
#244=PLANE('',#5368);
#245=PLANE('',#5374);
#246=PLANE('',#5375);
#247=PLANE('',#5376);
#248=PLANE('',#5377);
#249=PLANE('',#5378);
#250=PLANE('',#5379);
#251=PLANE('',#5380);
#252=PLANE('',#5381);
#253=PLANE('',#5382);
#254=PLANE('',#5383);
#255=PLANE('',#5384);
#256=PLANE('',#5385);
#257=PLANE('',#5386);
#258=PLANE('',#5388);
#259=PLANE('',#5394);
#260=PLANE('',#5395);
#261=PLANE('',#5396);
#262=PLANE('',#5397);
#263=PLANE('',#5398);
#264=PLANE('',#5399);
#265=PLANE('',#5400);
#266=PLANE('',#5401);
#267=PLANE('',#5402);
#268=PLANE('',#5403);
#269=PLANE('',#5404);
#270=PLANE('',#5405);
#271=PLANE('',#5406);
#272=PLANE('',#5408);
#273=PLANE('',#5414);
#274=PLANE('',#5415);
#275=PLANE('',#5416);
#276=PLANE('',#5417);
#277=PLANE('',#5418);
#278=PLANE('',#5419);
#279=PLANE('',#5420);
#280=PLANE('',#5421);
#281=PLANE('',#5422);
#282=PLANE('',#5423);
#283=PLANE('',#5424);
#284=PLANE('',#5425);
#285=PLANE('',#5426);
#286=PLANE('',#5428);
#287=PLANE('',#5434);
#288=PLANE('',#5435);
#289=PLANE('',#5436);
#290=PLANE('',#5437);
#291=PLANE('',#5440);
#292=PLANE('',#5455);
#293=PLANE('',#5462);
#294=PLANE('',#5463);
#295=PLANE('',#5467);
#296=PLANE('',#5479);
#297=PLANE('',#5482);
#298=PLANE('',#5483);
#299=PLANE('',#5484);
#300=PLANE('',#5485);
#301=PLANE('',#5486);
#302=PLANE('',#5487);
#303=PLANE('',#5489);
#304=PLANE('',#5490);
#305=PLANE('',#5491);
#306=PLANE('',#5492);
#307=PLANE('',#5493);
#308=PLANE('',#5494);
#309=PLANE('',#5496);
#310=PLANE('',#5498);
#311=PLANE('',#5500);
#312=PLANE('',#5501);
#313=PLANE('',#5503);
#314=PLANE('',#5504);
#315=PLANE('',#5505);
#316=PLANE('',#5506);
#317=PLANE('',#5507);
#318=PLANE('',#5508);
#319=PLANE('',#5509);
#320=PLANE('',#5510);
#321=LINE('',#7019,#849);
#322=LINE('',#7022,#850);
#323=LINE('',#7025,#851);
#324=LINE('',#7029,#852);
#325=LINE('',#7033,#853);
#326=LINE('',#7037,#854);
#327=LINE('',#7039,#855);
#328=LINE('',#7041,#856);
#329=LINE('',#7043,#857);
#330=LINE('',#7046,#858);
#331=LINE('',#7049,#859);
#332=LINE('',#7050,#860);
#333=LINE('',#7053,#861);
#334=LINE('',#7054,#862);
#335=LINE('',#7137,#863);
#336=LINE('',#7139,#864);
#337=LINE('',#7141,#865);
#338=LINE('',#7143,#866);
#339=LINE('',#7145,#867);
#340=LINE('',#7147,#868);
#341=LINE('',#7149,#869);
#342=LINE('',#7151,#870);
#343=LINE('',#7155,#871);
#344=LINE('',#7159,#872);
#345=LINE('',#7163,#873);
#346=LINE('',#7167,#874);
#347=LINE('',#7171,#875);
#348=LINE('',#7173,#876);
#349=LINE('',#7175,#877);
#350=LINE('',#7179,#878);
#351=LINE('',#7183,#879);
#352=LINE('',#7187,#880);
#353=LINE('',#7189,#881);
#354=LINE('',#7190,#882);
#355=LINE('',#7213,#883);
#356=LINE('',#7215,#884);
#357=LINE('',#7224,#885);
#358=LINE('',#7226,#886);
#359=LINE('',#7235,#887);
#360=LINE('',#7237,#888);
#361=LINE('',#7246,#889);
#362=LINE('',#7248,#890);
#363=LINE('',#7257,#891);
#364=LINE('',#7259,#892);
#365=LINE('',#7268,#893);
#366=LINE('',#7270,#894);
#367=LINE('',#7279,#895);
#368=LINE('',#7281,#896);
#369=LINE('',#8518,#897);
#370=LINE('',#8520,#898);
#371=LINE('',#8522,#899);
#372=LINE('',#8524,#900);
#373=LINE('',#8526,#901);
#374=LINE('',#8528,#902);
#375=LINE('',#8530,#903);
#376=LINE('',#8532,#904);
#377=LINE('',#8534,#905);
#378=LINE('',#8536,#906);
#379=LINE('',#8538,#907);
#380=LINE('',#8540,#908);
#381=LINE('',#8541,#909);
#382=LINE('',#8545,#910);
#383=LINE('',#8547,#911);
#384=LINE('',#8549,#912);
#385=LINE('',#8551,#913);
#386=LINE('',#8553,#914);
#387=LINE('',#8555,#915);
#388=LINE('',#8557,#916);
#389=LINE('',#8559,#917);
#390=LINE('',#8561,#918);
#391=LINE('',#8563,#919);
#392=LINE('',#8565,#920);
#393=LINE('',#8567,#921);
#394=LINE('',#8568,#922);
#395=LINE('',#8572,#923);
#396=LINE('',#8574,#924);
#397=LINE('',#8576,#925);
#398=LINE('',#8578,#926);
#399=LINE('',#8580,#927);
#400=LINE('',#8582,#928);
#401=LINE('',#8584,#929);
#402=LINE('',#8586,#930);
#403=LINE('',#8588,#931);
#404=LINE('',#8590,#932);
#405=LINE('',#8592,#933);
#406=LINE('',#8594,#934);
#407=LINE('',#8595,#935);
#408=LINE('',#8599,#936);
#409=LINE('',#8601,#937);
#410=LINE('',#8603,#938);
#411=LINE('',#8605,#939);
#412=LINE('',#8607,#940);
#413=LINE('',#8609,#941);
#414=LINE('',#8611,#942);
#415=LINE('',#8613,#943);
#416=LINE('',#8615,#944);
#417=LINE('',#8617,#945);
#418=LINE('',#8619,#946);
#419=LINE('',#8621,#947);
#420=LINE('',#8622,#948);
#421=LINE('',#8626,#949);
#422=LINE('',#8628,#950);
#423=LINE('',#8630,#951);
#424=LINE('',#8632,#952);
#425=LINE('',#8634,#953);
#426=LINE('',#8636,#954);
#427=LINE('',#8638,#955);
#428=LINE('',#8640,#956);
#429=LINE('',#8642,#957);
#430=LINE('',#8644,#958);
#431=LINE('',#8646,#959);
#432=LINE('',#8648,#960);
#433=LINE('',#8649,#961);
#434=LINE('',#8653,#962);
#435=LINE('',#8655,#963);
#436=LINE('',#8657,#964);
#437=LINE('',#8659,#965);
#438=LINE('',#8661,#966);
#439=LINE('',#8663,#967);
#440=LINE('',#8665,#968);
#441=LINE('',#8667,#969);
#442=LINE('',#8669,#970);
#443=LINE('',#8671,#971);
#444=LINE('',#8673,#972);
#445=LINE('',#8675,#973);
#446=LINE('',#8676,#974);
#447=LINE('',#8680,#975);
#448=LINE('',#8682,#976);
#449=LINE('',#8684,#977);
#450=LINE('',#8686,#978);
#451=LINE('',#8688,#979);
#452=LINE('',#8690,#980);
#453=LINE('',#8692,#981);
#454=LINE('',#8694,#982);
#455=LINE('',#8696,#983);
#456=LINE('',#8698,#984);
#457=LINE('',#8700,#985);
#458=LINE('',#8702,#986);
#459=LINE('',#8703,#987);
#460=LINE('',#8707,#988);
#461=LINE('',#8709,#989);
#462=LINE('',#8711,#990);
#463=LINE('',#8713,#991);
#464=LINE('',#8715,#992);
#465=LINE('',#8717,#993);
#466=LINE('',#8719,#994);
#467=LINE('',#8721,#995);
#468=LINE('',#8723,#996);
#469=LINE('',#8725,#997);
#470=LINE('',#8727,#998);
#471=LINE('',#8729,#999);
#472=LINE('',#8730,#1000);
#473=LINE('',#8734,#1001);
#474=LINE('',#8736,#1002);
#475=LINE('',#8738,#1003);
#476=LINE('',#8740,#1004);
#477=LINE('',#8742,#1005);
#478=LINE('',#8744,#1006);
#479=LINE('',#8746,#1007);
#480=LINE('',#8748,#1008);
#481=LINE('',#8750,#1009);
#482=LINE('',#8752,#1010);
#483=LINE('',#8754,#1011);
#484=LINE('',#8756,#1012);
#485=LINE('',#8757,#1013);
#486=LINE('',#8761,#1014);
#487=LINE('',#8763,#1015);
#488=LINE('',#8765,#1016);
#489=LINE('',#8767,#1017);
#490=LINE('',#8769,#1018);
#491=LINE('',#8771,#1019);
#492=LINE('',#8773,#1020);
#493=LINE('',#8775,#1021);
#494=LINE('',#8777,#1022);
#495=LINE('',#8779,#1023);
#496=LINE('',#8781,#1024);
#497=LINE('',#8783,#1025);
#498=LINE('',#8784,#1026);
#499=LINE('',#9211,#1027);
#500=LINE('',#9213,#1028);
#501=LINE('',#9215,#1029);
#502=LINE('',#9216,#1030);
#503=LINE('',#9222,#1031);
#504=LINE('',#9225,#1032);
#505=LINE('',#9227,#1033);
#506=LINE('',#9228,#1034);
#507=LINE('',#9284,#1035);
#508=LINE('',#9286,#1036);
#509=LINE('',#9288,#1037);
#510=LINE('',#9289,#1038);
#511=LINE('',#9359,#1039);
#512=LINE('',#9360,#1040);
#513=LINE('',#9361,#1041);
#514=LINE('',#9364,#1042);
#515=LINE('',#9365,#1043);
#516=LINE('',#9368,#1044);
#517=LINE('',#9369,#1045);
#518=LINE('',#9372,#1046);
#519=LINE('',#9373,#1047);
#520=LINE('',#9376,#1048);
#521=LINE('',#9377,#1049);
#522=LINE('',#9380,#1050);
#523=LINE('',#9381,#1051);
#524=LINE('',#9384,#1052);
#525=LINE('',#9385,#1053);
#526=LINE('',#9388,#1054);
#527=LINE('',#9389,#1055);
#528=LINE('',#9392,#1056);
#529=LINE('',#9397,#1057);
#530=LINE('',#9406,#1058);
#531=LINE('',#9407,#1059);
#532=LINE('',#9410,#1060);
#533=LINE('',#9411,#1061);
#534=LINE('',#9414,#1062);
#535=LINE('',#9415,#1063);
#536=LINE('',#9417,#1064);
#537=LINE('',#9421,#1065);
#538=LINE('',#9422,#1066);
#539=LINE('',#9423,#1067);
#540=LINE('',#9426,#1068);
#541=LINE('',#9427,#1069);
#542=LINE('',#9430,#1070);
#543=LINE('',#9431,#1071);
#544=LINE('',#9434,#1072);
#545=LINE('',#9435,#1073);
#546=LINE('',#9438,#1074);
#547=LINE('',#9439,#1075);
#548=LINE('',#9442,#1076);
#549=LINE('',#9443,#1077);
#550=LINE('',#9446,#1078);
#551=LINE('',#9447,#1079);
#552=LINE('',#9450,#1080);
#553=LINE('',#9451,#1081);
#554=LINE('',#9454,#1082);
#555=LINE('',#9459,#1083);
#556=LINE('',#9468,#1084);
#557=LINE('',#9469,#1085);
#558=LINE('',#9472,#1086);
#559=LINE('',#9473,#1087);
#560=LINE('',#9476,#1088);
#561=LINE('',#9477,#1089);
#562=LINE('',#9479,#1090);
#563=LINE('',#9483,#1091);
#564=LINE('',#9484,#1092);
#565=LINE('',#9485,#1093);
#566=LINE('',#9488,#1094);
#567=LINE('',#9489,#1095);
#568=LINE('',#9492,#1096);
#569=LINE('',#9493,#1097);
#570=LINE('',#9496,#1098);
#571=LINE('',#9497,#1099);
#572=LINE('',#9500,#1100);
#573=LINE('',#9501,#1101);
#574=LINE('',#9504,#1102);
#575=LINE('',#9505,#1103);
#576=LINE('',#9508,#1104);
#577=LINE('',#9509,#1105);
#578=LINE('',#9512,#1106);
#579=LINE('',#9513,#1107);
#580=LINE('',#9516,#1108);
#581=LINE('',#9521,#1109);
#582=LINE('',#9530,#1110);
#583=LINE('',#9531,#1111);
#584=LINE('',#9534,#1112);
#585=LINE('',#9535,#1113);
#586=LINE('',#9538,#1114);
#587=LINE('',#9539,#1115);
#588=LINE('',#9541,#1116);
#589=LINE('',#9545,#1117);
#590=LINE('',#9546,#1118);
#591=LINE('',#9547,#1119);
#592=LINE('',#9550,#1120);
#593=LINE('',#9551,#1121);
#594=LINE('',#9554,#1122);
#595=LINE('',#9555,#1123);
#596=LINE('',#9558,#1124);
#597=LINE('',#9559,#1125);
#598=LINE('',#9562,#1126);
#599=LINE('',#9563,#1127);
#600=LINE('',#9566,#1128);
#601=LINE('',#9567,#1129);
#602=LINE('',#9570,#1130);
#603=LINE('',#9571,#1131);
#604=LINE('',#9574,#1132);
#605=LINE('',#9575,#1133);
#606=LINE('',#9578,#1134);
#607=LINE('',#9583,#1135);
#608=LINE('',#9592,#1136);
#609=LINE('',#9593,#1137);
#610=LINE('',#9596,#1138);
#611=LINE('',#9597,#1139);
#612=LINE('',#9600,#1140);
#613=LINE('',#9601,#1141);
#614=LINE('',#9603,#1142);
#615=LINE('',#9607,#1143);
#616=LINE('',#9608,#1144);
#617=LINE('',#9609,#1145);
#618=LINE('',#9612,#1146);
#619=LINE('',#9613,#1147);
#620=LINE('',#9616,#1148);
#621=LINE('',#9617,#1149);
#622=LINE('',#9620,#1150);
#623=LINE('',#9621,#1151);
#624=LINE('',#9624,#1152);
#625=LINE('',#9625,#1153);
#626=LINE('',#9628,#1154);
#627=LINE('',#9629,#1155);
#628=LINE('',#9632,#1156);
#629=LINE('',#9633,#1157);
#630=LINE('',#9636,#1158);
#631=LINE('',#9637,#1159);
#632=LINE('',#9640,#1160);
#633=LINE('',#9645,#1161);
#634=LINE('',#9654,#1162);
#635=LINE('',#9655,#1163);
#636=LINE('',#9658,#1164);
#637=LINE('',#9659,#1165);
#638=LINE('',#9662,#1166);
#639=LINE('',#9663,#1167);
#640=LINE('',#9665,#1168);
#641=LINE('',#9669,#1169);
#642=LINE('',#9670,#1170);
#643=LINE('',#9671,#1171);
#644=LINE('',#9674,#1172);
#645=LINE('',#9675,#1173);
#646=LINE('',#9678,#1174);
#647=LINE('',#9679,#1175);
#648=LINE('',#9682,#1176);
#649=LINE('',#9683,#1177);
#650=LINE('',#9686,#1178);
#651=LINE('',#9687,#1179);
#652=LINE('',#9690,#1180);
#653=LINE('',#9691,#1181);
#654=LINE('',#9694,#1182);
#655=LINE('',#9695,#1183);
#656=LINE('',#9698,#1184);
#657=LINE('',#9699,#1185);
#658=LINE('',#9702,#1186);
#659=LINE('',#9707,#1187);
#660=LINE('',#9716,#1188);
#661=LINE('',#9717,#1189);
#662=LINE('',#9720,#1190);
#663=LINE('',#9721,#1191);
#664=LINE('',#9724,#1192);
#665=LINE('',#9725,#1193);
#666=LINE('',#9727,#1194);
#667=LINE('',#9731,#1195);
#668=LINE('',#9732,#1196);
#669=LINE('',#9733,#1197);
#670=LINE('',#9736,#1198);
#671=LINE('',#9737,#1199);
#672=LINE('',#9740,#1200);
#673=LINE('',#9741,#1201);
#674=LINE('',#9744,#1202);
#675=LINE('',#9745,#1203);
#676=LINE('',#9748,#1204);
#677=LINE('',#9749,#1205);
#678=LINE('',#9752,#1206);
#679=LINE('',#9753,#1207);
#680=LINE('',#9756,#1208);
#681=LINE('',#9757,#1209);
#682=LINE('',#9760,#1210);
#683=LINE('',#9761,#1211);
#684=LINE('',#9764,#1212);
#685=LINE('',#9769,#1213);
#686=LINE('',#9778,#1214);
#687=LINE('',#9779,#1215);
#688=LINE('',#9782,#1216);
#689=LINE('',#9783,#1217);
#690=LINE('',#9786,#1218);
#691=LINE('',#9787,#1219);
#692=LINE('',#9789,#1220);
#693=LINE('',#9793,#1221);
#694=LINE('',#9794,#1222);
#695=LINE('',#9795,#1223);
#696=LINE('',#9798,#1224);
#697=LINE('',#9799,#1225);
#698=LINE('',#9802,#1226);
#699=LINE('',#9803,#1227);
#700=LINE('',#9806,#1228);
#701=LINE('',#9807,#1229);
#702=LINE('',#9810,#1230);
#703=LINE('',#9811,#1231);
#704=LINE('',#9814,#1232);
#705=LINE('',#9815,#1233);
#706=LINE('',#9818,#1234);
#707=LINE('',#9819,#1235);
#708=LINE('',#9822,#1236);
#709=LINE('',#9823,#1237);
#710=LINE('',#9826,#1238);
#711=LINE('',#9831,#1239);
#712=LINE('',#9840,#1240);
#713=LINE('',#9841,#1241);
#714=LINE('',#9844,#1242);
#715=LINE('',#9845,#1243);
#716=LINE('',#9848,#1244);
#717=LINE('',#9849,#1245);
#718=LINE('',#9851,#1246);
#719=LINE('',#9855,#1247);
#720=LINE('',#9856,#1248);
#721=LINE('',#9857,#1249);
#722=LINE('',#9860,#1250);
#723=LINE('',#9861,#1251);
#724=LINE('',#9864,#1252);
#725=LINE('',#9865,#1253);
#726=LINE('',#9868,#1254);
#727=LINE('',#9869,#1255);
#728=LINE('',#9872,#1256);
#729=LINE('',#9873,#1257);
#730=LINE('',#9876,#1258);
#731=LINE('',#9877,#1259);
#732=LINE('',#9880,#1260);
#733=LINE('',#9881,#1261);
#734=LINE('',#9884,#1262);
#735=LINE('',#9885,#1263);
#736=LINE('',#9888,#1264);
#737=LINE('',#9893,#1265);
#738=LINE('',#9902,#1266);
#739=LINE('',#9903,#1267);
#740=LINE('',#9906,#1268);
#741=LINE('',#9907,#1269);
#742=LINE('',#9910,#1270);
#743=LINE('',#9911,#1271);
#744=LINE('',#9913,#1272);
#745=LINE('',#9917,#1273);
#746=LINE('',#9918,#1274);
#747=LINE('',#9919,#1275);
#748=LINE('',#9922,#1276);
#749=LINE('',#9923,#1277);
#750=LINE('',#9926,#1278);
#751=LINE('',#9927,#1279);
#752=LINE('',#9930,#1280);
#753=LINE('',#9931,#1281);
#754=LINE('',#9934,#1282);
#755=LINE('',#9935,#1283);
#756=LINE('',#9938,#1284);
#757=LINE('',#9939,#1285);
#758=LINE('',#9942,#1286);
#759=LINE('',#9943,#1287);
#760=LINE('',#9946,#1288);
#761=LINE('',#9947,#1289);
#762=LINE('',#9950,#1290);
#763=LINE('',#9955,#1291);
#764=LINE('',#9964,#1292);
#765=LINE('',#9965,#1293);
#766=LINE('',#9968,#1294);
#767=LINE('',#9969,#1295);
#768=LINE('',#9972,#1296);
#769=LINE('',#9973,#1297);
#770=LINE('',#9975,#1298);
#771=LINE('',#10065,#1299);
#772=LINE('',#10090,#1300);
#773=LINE('',#10092,#1301);
#774=LINE('',#10093,#1302);
#775=LINE('',#10099,#1303);
#776=LINE('',#10102,#1304);
#777=LINE('',#10117,#1305);
#778=LINE('',#10178,#1306);
#779=LINE('',#10184,#1307);
#780=LINE('',#10185,#1308);
#781=LINE('',#10189,#1309);
#782=LINE('',#10193,#1310);
#783=LINE('',#10197,#1311);
#784=LINE('',#10201,#1312);
#785=LINE('',#10203,#1313);
#786=LINE('',#10206,#1314);
#787=LINE('',#10211,#1315);
#788=LINE('',#10213,#1316);
#789=LINE('',#10215,#1317);
#790=LINE('',#10216,#1318);
#791=LINE('',#10220,#1319);
#792=LINE('',#10221,#1320);
#793=LINE('',#10223,#1321);
#794=LINE('',#10226,#1322);
#795=LINE('',#10228,#1323);
#796=LINE('',#10232,#1324);
#797=LINE('',#10237,#1325);
#798=LINE('',#10238,#1326);
#799=LINE('',#10239,#1327);
#800=LINE('',#10242,#1328);
#801=LINE('',#10248,#1329);
#802=LINE('',#10249,#1330);
#803=LINE('',#10327,#1331);
#804=LINE('',#10328,#1332);
#805=LINE('',#10331,#1333);
#806=LINE('',#10333,#1334);
#807=LINE('',#10334,#1335);
#808=LINE('',#10337,#1336);
#809=LINE('',#10340,#1337);
#810=LINE('',#10343,#1338);
#811=LINE('',#10344,#1339);
#812=LINE('',#10347,#1340);
#813=LINE('',#10349,#1341);
#814=LINE('',#10351,#1342);
#815=LINE('',#10353,#1343);
#816=LINE('',#10355,#1344);
#817=LINE('',#10393,#1345);
#818=LINE('',#10395,#1346);
#819=LINE('',#10397,#1347);
#820=LINE('',#10399,#1348);
#821=LINE('',#10401,#1349);
#822=LINE('',#10408,#1350);
#823=LINE('',#10409,#1351);
#824=LINE('',#10411,#1352);
#825=LINE('',#10418,#1353);
#826=LINE('',#10420,#1354);
#827=LINE('',#10422,#1355);
#828=LINE('',#10423,#1356);
#829=LINE('',#10424,#1357);
#830=LINE('',#10426,#1358);
#831=LINE('',#10429,#1359);
#832=LINE('',#10431,#1360);
#833=LINE('',#10433,#1361);
#834=LINE('',#10435,#1362);
#835=LINE('',#10437,#1363);
#836=LINE('',#10439,#1364);
#837=LINE('',#10446,#1365);
#838=LINE('',#10449,#1366);
#839=LINE('',#10450,#1367);
#840=LINE('',#10452,#1368);
#841=LINE('',#10455,#1369);
#842=LINE('',#10456,#1370);
#843=LINE('',#10458,#1371);
#844=LINE('',#10460,#1372);
#845=LINE('',#10462,#1373);
#846=LINE('',#10464,#1374);
#847=LINE('',#10466,#1375);
#848=LINE('',#10468,#1376);
#849=VECTOR('',#5537,10.);
#850=VECTOR('',#5540,10.);
#851=VECTOR('',#5543,10.);
#852=VECTOR('',#5546,10.);
#853=VECTOR('',#5551,10.);
#854=VECTOR('',#5556,10.);
#855=VECTOR('',#5557,10.);
#856=VECTOR('',#5558,10.);
#857=VECTOR('',#5559,10.);
#858=VECTOR('',#5562,10.);
#859=VECTOR('',#5565,10.);
#860=VECTOR('',#5566,10.);
#861=VECTOR('',#5569,10.);
#862=VECTOR('',#5570,10.);
#863=VECTOR('',#5573,10.);
#864=VECTOR('',#5574,10.);
#865=VECTOR('',#5575,10.);
#866=VECTOR('',#5576,10.);
#867=VECTOR('',#5577,10.);
#868=VECTOR('',#5578,10.);
#869=VECTOR('',#5579,10.);
#870=VECTOR('',#5580,10.);
#871=VECTOR('',#5583,10.);
#872=VECTOR('',#5586,10.);
#873=VECTOR('',#5589,10.);
#874=VECTOR('',#5592,10.);
#875=VECTOR('',#5595,10.);
#876=VECTOR('',#5596,10.);
#877=VECTOR('',#5597,10.);
#878=VECTOR('',#5600,10.);
#879=VECTOR('',#5603,10.);
#880=VECTOR('',#5606,10.);
#881=VECTOR('',#5607,10.);
#882=VECTOR('',#5608,10.);
#883=VECTOR('',#5633,1.6);
#884=VECTOR('',#5636,1.1);
#885=VECTOR('',#5647,1.6);
#886=VECTOR('',#5650,1.1);
#887=VECTOR('',#5661,1.6);
#888=VECTOR('',#5664,1.1);
#889=VECTOR('',#5675,1.6);
#890=VECTOR('',#5678,1.1);
#891=VECTOR('',#5689,1.6);
#892=VECTOR('',#5692,1.1);
#893=VECTOR('',#5703,1.6);
#894=VECTOR('',#5706,1.1);
#895=VECTOR('',#5717,1.6);
#896=VECTOR('',#5720,1.1);
#897=VECTOR('',#5747,1.);
#898=VECTOR('',#5748,1.);
#899=VECTOR('',#5749,1.);
#900=VECTOR('',#5750,1.);
#901=VECTOR('',#5751,1.);
#902=VECTOR('',#5752,1.);
#903=VECTOR('',#5753,1.);
#904=VECTOR('',#5754,1.);
#905=VECTOR('',#5755,1.);
#906=VECTOR('',#5756,1.);
#907=VECTOR('',#5757,1.);
#908=VECTOR('',#5758,1.);
#909=VECTOR('',#5759,1.);
#910=VECTOR('',#5762,1.);
#911=VECTOR('',#5763,1.);
#912=VECTOR('',#5764,1.);
#913=VECTOR('',#5765,1.);
#914=VECTOR('',#5766,1.);
#915=VECTOR('',#5767,1.);
#916=VECTOR('',#5768,1.);
#917=VECTOR('',#5769,1.);
#918=VECTOR('',#5770,1.);
#919=VECTOR('',#5771,1.);
#920=VECTOR('',#5772,1.);
#921=VECTOR('',#5773,1.);
#922=VECTOR('',#5774,1.);
#923=VECTOR('',#5777,1.);
#924=VECTOR('',#5778,1.);
#925=VECTOR('',#5779,1.);
#926=VECTOR('',#5780,1.);
#927=VECTOR('',#5781,1.);
#928=VECTOR('',#5782,1.);
#929=VECTOR('',#5783,1.);
#930=VECTOR('',#5784,1.);
#931=VECTOR('',#5785,1.);
#932=VECTOR('',#5786,1.);
#933=VECTOR('',#5787,1.);
#934=VECTOR('',#5788,1.);
#935=VECTOR('',#5789,1.);
#936=VECTOR('',#5792,1.);
#937=VECTOR('',#5793,1.);
#938=VECTOR('',#5794,1.);
#939=VECTOR('',#5795,1.);
#940=VECTOR('',#5796,1.);
#941=VECTOR('',#5797,1.);
#942=VECTOR('',#5798,1.);
#943=VECTOR('',#5799,1.);
#944=VECTOR('',#5800,1.);
#945=VECTOR('',#5801,1.);
#946=VECTOR('',#5802,1.);
#947=VECTOR('',#5803,1.);
#948=VECTOR('',#5804,1.);
#949=VECTOR('',#5807,1.);
#950=VECTOR('',#5808,1.);
#951=VECTOR('',#5809,1.);
#952=VECTOR('',#5810,1.);
#953=VECTOR('',#5811,1.);
#954=VECTOR('',#5812,1.);
#955=VECTOR('',#5813,1.);
#956=VECTOR('',#5814,1.);
#957=VECTOR('',#5815,1.);
#958=VECTOR('',#5816,1.);
#959=VECTOR('',#5817,1.);
#960=VECTOR('',#5818,1.);
#961=VECTOR('',#5819,1.);
#962=VECTOR('',#5822,1.);
#963=VECTOR('',#5823,1.);
#964=VECTOR('',#5824,1.);
#965=VECTOR('',#5825,1.);
#966=VECTOR('',#5826,1.);
#967=VECTOR('',#5827,1.);
#968=VECTOR('',#5828,1.);
#969=VECTOR('',#5829,1.);
#970=VECTOR('',#5830,1.);
#971=VECTOR('',#5831,1.);
#972=VECTOR('',#5832,1.);
#973=VECTOR('',#5833,1.);
#974=VECTOR('',#5834,1.);
#975=VECTOR('',#5837,1.);
#976=VECTOR('',#5838,1.);
#977=VECTOR('',#5839,1.);
#978=VECTOR('',#5840,1.);
#979=VECTOR('',#5841,1.);
#980=VECTOR('',#5842,1.);
#981=VECTOR('',#5843,1.);
#982=VECTOR('',#5844,1.);
#983=VECTOR('',#5845,1.);
#984=VECTOR('',#5846,1.);
#985=VECTOR('',#5847,1.);
#986=VECTOR('',#5848,1.);
#987=VECTOR('',#5849,1.);
#988=VECTOR('',#5852,1.);
#989=VECTOR('',#5853,1.);
#990=VECTOR('',#5854,1.);
#991=VECTOR('',#5855,1.);
#992=VECTOR('',#5856,1.);
#993=VECTOR('',#5857,1.);
#994=VECTOR('',#5858,1.);
#995=VECTOR('',#5859,1.);
#996=VECTOR('',#5860,1.);
#997=VECTOR('',#5861,1.);
#998=VECTOR('',#5862,1.);
#999=VECTOR('',#5863,1.);
#1000=VECTOR('',#5864,1.);
#1001=VECTOR('',#5867,1.);
#1002=VECTOR('',#5868,1.);
#1003=VECTOR('',#5869,1.);
#1004=VECTOR('',#5870,1.);
#1005=VECTOR('',#5871,1.);
#1006=VECTOR('',#5872,1.);
#1007=VECTOR('',#5873,1.);
#1008=VECTOR('',#5874,1.);
#1009=VECTOR('',#5875,1.);
#1010=VECTOR('',#5876,1.);
#1011=VECTOR('',#5877,1.);
#1012=VECTOR('',#5878,1.);
#1013=VECTOR('',#5879,1.);
#1014=VECTOR('',#5882,1.);
#1015=VECTOR('',#5883,1.);
#1016=VECTOR('',#5884,1.);
#1017=VECTOR('',#5885,1.);
#1018=VECTOR('',#5886,1.);
#1019=VECTOR('',#5887,1.);
#1020=VECTOR('',#5888,1.);
#1021=VECTOR('',#5889,1.);
#1022=VECTOR('',#5890,1.);
#1023=VECTOR('',#5891,1.);
#1024=VECTOR('',#5892,1.);
#1025=VECTOR('',#5893,1.);
#1026=VECTOR('',#5894,1.);
#1027=VECTOR('',#5915,10.);
#1028=VECTOR('',#5916,10.);
#1029=VECTOR('',#5917,10.);
#1030=VECTOR('',#5918,10.);
#1031=VECTOR('',#5925,10.);
#1032=VECTOR('',#5928,10.);
#1033=VECTOR('',#5929,10.);
#1034=VECTOR('',#5930,10.);
#1035=VECTOR('',#5939,10.);
#1036=VECTOR('',#5940,10.);
#1037=VECTOR('',#5941,10.);
#1038=VECTOR('',#5942,10.);
#1039=VECTOR('',#5951,10.);
#1040=VECTOR('',#5952,1.);
#1041=VECTOR('',#5953,1.);
#1042=VECTOR('',#5956,10.);
#1043=VECTOR('',#5957,1.);
#1044=VECTOR('',#5960,10.);
#1045=VECTOR('',#5961,1.);
#1046=VECTOR('',#5964,10.);
#1047=VECTOR('',#5965,1.);
#1048=VECTOR('',#5968,10.);
#1049=VECTOR('',#5969,1.);
#1050=VECTOR('',#5972,10.);
#1051=VECTOR('',#5973,1.);
#1052=VECTOR('',#5976,10.);
#1053=VECTOR('',#5977,1.);
#1054=VECTOR('',#5980,10.);
#1055=VECTOR('',#5981,1.);
#1056=VECTOR('',#5984,10.);
#1057=VECTOR('',#5989,10.);
#1058=VECTOR('',#6002,10.);
#1059=VECTOR('',#6003,1.);
#1060=VECTOR('',#6006,10.);
#1061=VECTOR('',#6007,1.);
#1062=VECTOR('',#6010,10.);
#1063=VECTOR('',#6011,1.);
#1064=VECTOR('',#6014,10.);
#1065=VECTOR('',#6017,10.);
#1066=VECTOR('',#6018,1.);
#1067=VECTOR('',#6019,1.);
#1068=VECTOR('',#6022,10.);
#1069=VECTOR('',#6023,1.);
#1070=VECTOR('',#6026,10.);
#1071=VECTOR('',#6027,1.);
#1072=VECTOR('',#6030,10.);
#1073=VECTOR('',#6031,1.);
#1074=VECTOR('',#6034,10.);
#1075=VECTOR('',#6035,1.);
#1076=VECTOR('',#6038,10.);
#1077=VECTOR('',#6039,1.);
#1078=VECTOR('',#6042,10.);
#1079=VECTOR('',#6043,1.);
#1080=VECTOR('',#6046,10.);
#1081=VECTOR('',#6047,1.);
#1082=VECTOR('',#6050,10.);
#1083=VECTOR('',#6055,10.);
#1084=VECTOR('',#6068,10.);
#1085=VECTOR('',#6069,1.);
#1086=VECTOR('',#6072,10.);
#1087=VECTOR('',#6073,1.);
#1088=VECTOR('',#6076,10.);
#1089=VECTOR('',#6077,1.);
#1090=VECTOR('',#6080,10.);
#1091=VECTOR('',#6083,10.);
#1092=VECTOR('',#6084,1.);
#1093=VECTOR('',#6085,1.);
#1094=VECTOR('',#6088,10.);
#1095=VECTOR('',#6089,1.);
#1096=VECTOR('',#6092,10.);
#1097=VECTOR('',#6093,1.);
#1098=VECTOR('',#6096,10.);
#1099=VECTOR('',#6097,1.);
#1100=VECTOR('',#6100,10.);
#1101=VECTOR('',#6101,1.);
#1102=VECTOR('',#6104,10.);
#1103=VECTOR('',#6105,1.);
#1104=VECTOR('',#6108,10.);
#1105=VECTOR('',#6109,1.);
#1106=VECTOR('',#6112,10.);
#1107=VECTOR('',#6113,1.);
#1108=VECTOR('',#6116,10.);
#1109=VECTOR('',#6121,10.);
#1110=VECTOR('',#6134,10.);
#1111=VECTOR('',#6135,1.);
#1112=VECTOR('',#6138,10.);
#1113=VECTOR('',#6139,1.);
#1114=VECTOR('',#6142,10.);
#1115=VECTOR('',#6143,1.);
#1116=VECTOR('',#6146,10.);
#1117=VECTOR('',#6149,10.);
#1118=VECTOR('',#6150,1.);
#1119=VECTOR('',#6151,1.);
#1120=VECTOR('',#6154,10.);
#1121=VECTOR('',#6155,1.);
#1122=VECTOR('',#6158,10.);
#1123=VECTOR('',#6159,1.);
#1124=VECTOR('',#6162,10.);
#1125=VECTOR('',#6163,1.);
#1126=VECTOR('',#6166,10.);
#1127=VECTOR('',#6167,1.);
#1128=VECTOR('',#6170,10.);
#1129=VECTOR('',#6171,1.);
#1130=VECTOR('',#6174,10.);
#1131=VECTOR('',#6175,1.);
#1132=VECTOR('',#6178,10.);
#1133=VECTOR('',#6179,1.);
#1134=VECTOR('',#6182,10.);
#1135=VECTOR('',#6187,10.);
#1136=VECTOR('',#6200,10.);
#1137=VECTOR('',#6201,1.);
#1138=VECTOR('',#6204,10.);
#1139=VECTOR('',#6205,1.);
#1140=VECTOR('',#6208,10.);
#1141=VECTOR('',#6209,1.);
#1142=VECTOR('',#6212,10.);
#1143=VECTOR('',#6215,10.);
#1144=VECTOR('',#6216,1.);
#1145=VECTOR('',#6217,1.);
#1146=VECTOR('',#6220,10.);
#1147=VECTOR('',#6221,1.);
#1148=VECTOR('',#6224,10.);
#1149=VECTOR('',#6225,1.);
#1150=VECTOR('',#6228,10.);
#1151=VECTOR('',#6229,1.);
#1152=VECTOR('',#6232,10.);
#1153=VECTOR('',#6233,1.);
#1154=VECTOR('',#6236,10.);
#1155=VECTOR('',#6237,1.);
#1156=VECTOR('',#6240,10.);
#1157=VECTOR('',#6241,1.);
#1158=VECTOR('',#6244,10.);
#1159=VECTOR('',#6245,1.);
#1160=VECTOR('',#6248,10.);
#1161=VECTOR('',#6253,10.);
#1162=VECTOR('',#6266,10.);
#1163=VECTOR('',#6267,1.);
#1164=VECTOR('',#6270,10.);
#1165=VECTOR('',#6271,1.);
#1166=VECTOR('',#6274,10.);
#1167=VECTOR('',#6275,1.);
#1168=VECTOR('',#6278,10.);
#1169=VECTOR('',#6281,10.);
#1170=VECTOR('',#6282,1.);
#1171=VECTOR('',#6283,1.);
#1172=VECTOR('',#6286,10.);
#1173=VECTOR('',#6287,1.);
#1174=VECTOR('',#6290,10.);
#1175=VECTOR('',#6291,1.);
#1176=VECTOR('',#6294,10.);
#1177=VECTOR('',#6295,1.);
#1178=VECTOR('',#6298,10.);
#1179=VECTOR('',#6299,1.);
#1180=VECTOR('',#6302,10.);
#1181=VECTOR('',#6303,1.);
#1182=VECTOR('',#6306,10.);
#1183=VECTOR('',#6307,1.);
#1184=VECTOR('',#6310,10.);
#1185=VECTOR('',#6311,1.);
#1186=VECTOR('',#6314,10.);
#1187=VECTOR('',#6319,10.);
#1188=VECTOR('',#6332,10.);
#1189=VECTOR('',#6333,1.);
#1190=VECTOR('',#6336,10.);
#1191=VECTOR('',#6337,1.);
#1192=VECTOR('',#6340,10.);
#1193=VECTOR('',#6341,1.);
#1194=VECTOR('',#6344,10.);
#1195=VECTOR('',#6347,10.);
#1196=VECTOR('',#6348,1.);
#1197=VECTOR('',#6349,1.);
#1198=VECTOR('',#6352,10.);
#1199=VECTOR('',#6353,1.);
#1200=VECTOR('',#6356,10.);
#1201=VECTOR('',#6357,1.);
#1202=VECTOR('',#6360,10.);
#1203=VECTOR('',#6361,1.);
#1204=VECTOR('',#6364,10.);
#1205=VECTOR('',#6365,1.);
#1206=VECTOR('',#6368,10.);
#1207=VECTOR('',#6369,1.);
#1208=VECTOR('',#6372,10.);
#1209=VECTOR('',#6373,1.);
#1210=VECTOR('',#6376,10.);
#1211=VECTOR('',#6377,1.);
#1212=VECTOR('',#6380,10.);
#1213=VECTOR('',#6385,10.);
#1214=VECTOR('',#6398,10.);
#1215=VECTOR('',#6399,1.);
#1216=VECTOR('',#6402,10.);
#1217=VECTOR('',#6403,1.);
#1218=VECTOR('',#6406,10.);
#1219=VECTOR('',#6407,1.);
#1220=VECTOR('',#6410,10.);
#1221=VECTOR('',#6413,10.);
#1222=VECTOR('',#6414,1.);
#1223=VECTOR('',#6415,1.);
#1224=VECTOR('',#6418,10.);
#1225=VECTOR('',#6419,1.);
#1226=VECTOR('',#6422,10.);
#1227=VECTOR('',#6423,1.);
#1228=VECTOR('',#6426,10.);
#1229=VECTOR('',#6427,1.);
#1230=VECTOR('',#6430,10.);
#1231=VECTOR('',#6431,1.);
#1232=VECTOR('',#6434,10.);
#1233=VECTOR('',#6435,1.);
#1234=VECTOR('',#6438,10.);
#1235=VECTOR('',#6439,1.);
#1236=VECTOR('',#6442,10.);
#1237=VECTOR('',#6443,1.);
#1238=VECTOR('',#6446,10.);
#1239=VECTOR('',#6451,10.);
#1240=VECTOR('',#6464,10.);
#1241=VECTOR('',#6465,1.);
#1242=VECTOR('',#6468,10.);
#1243=VECTOR('',#6469,1.);
#1244=VECTOR('',#6472,10.);
#1245=VECTOR('',#6473,1.);
#1246=VECTOR('',#6476,10.);
#1247=VECTOR('',#6479,10.);
#1248=VECTOR('',#6480,1.);
#1249=VECTOR('',#6481,1.);
#1250=VECTOR('',#6484,10.);
#1251=VECTOR('',#6485,1.);
#1252=VECTOR('',#6488,10.);
#1253=VECTOR('',#6489,1.);
#1254=VECTOR('',#6492,10.);
#1255=VECTOR('',#6493,1.);
#1256=VECTOR('',#6496,10.);
#1257=VECTOR('',#6497,1.);
#1258=VECTOR('',#6500,10.);
#1259=VECTOR('',#6501,1.);
#1260=VECTOR('',#6504,10.);
#1261=VECTOR('',#6505,1.);
#1262=VECTOR('',#6508,10.);
#1263=VECTOR('',#6509,1.);
#1264=VECTOR('',#6512,10.);
#1265=VECTOR('',#6517,10.);
#1266=VECTOR('',#6530,10.);
#1267=VECTOR('',#6531,1.);
#1268=VECTOR('',#6534,10.);
#1269=VECTOR('',#6535,1.);
#1270=VECTOR('',#6538,10.);
#1271=VECTOR('',#6539,1.);
#1272=VECTOR('',#6542,10.);
#1273=VECTOR('',#6545,10.);
#1274=VECTOR('',#6546,1.);
#1275=VECTOR('',#6547,1.);
#1276=VECTOR('',#6550,10.);
#1277=VECTOR('',#6551,1.);
#1278=VECTOR('',#6554,10.);
#1279=VECTOR('',#6555,1.);
#1280=VECTOR('',#6558,10.);
#1281=VECTOR('',#6559,1.);
#1282=VECTOR('',#6562,10.);
#1283=VECTOR('',#6563,1.);
#1284=VECTOR('',#6566,10.);
#1285=VECTOR('',#6567,1.);
#1286=VECTOR('',#6570,10.);
#1287=VECTOR('',#6571,1.);
#1288=VECTOR('',#6574,10.);
#1289=VECTOR('',#6575,1.);
#1290=VECTOR('',#6578,10.);
#1291=VECTOR('',#6583,10.);
#1292=VECTOR('',#6596,10.);
#1293=VECTOR('',#6597,1.);
#1294=VECTOR('',#6600,10.);
#1295=VECTOR('',#6601,1.);
#1296=VECTOR('',#6604,10.);
#1297=VECTOR('',#6605,1.);
#1298=VECTOR('',#6608,10.);
#1299=VECTOR('',#6613,10.);
#1300=VECTOR('',#6616,10.);
#1301=VECTOR('',#6617,10.);
#1302=VECTOR('',#6618,10.);
#1303=VECTOR('',#6625,10.);
#1304=VECTOR('',#6628,10.);
#1305=VECTOR('',#6637,10.);
#1306=VECTOR('',#6644,10.);
#1307=VECTOR('',#6651,10.);
#1308=VECTOR('',#6652,10.);
#1309=VECTOR('',#6655,10.);
#1310=VECTOR('',#6658,10.);
#1311=VECTOR('',#6661,10.);
#1312=VECTOR('',#6664,10.);
#1313=VECTOR('',#6667,10.);
#1314=VECTOR('',#6670,10.);
#1315=VECTOR('',#6675,10.);
#1316=VECTOR('',#6676,10.);
#1317=VECTOR('',#6677,10.);
#1318=VECTOR('',#6678,10.);
#1319=VECTOR('',#6681,10.);
#1320=VECTOR('',#6682,10.);
#1321=VECTOR('',#6683,10.);
#1322=VECTOR('',#6686,10.);
#1323=VECTOR('',#6687,10.);
#1324=VECTOR('',#6690,10.);
#1325=VECTOR('',#6695,10.);
#1326=VECTOR('',#6696,3.);
#1327=VECTOR('',#6697,10.);
#1328=VECTOR('',#6700,10.);
#1329=VECTOR('',#6707,10.);
#1330=VECTOR('',#6708,10.);
#1331=VECTOR('',#6723,10.);
#1332=VECTOR('',#6724,10.);
#1333=VECTOR('',#6727,10.);
#1334=VECTOR('',#6728,10.);
#1335=VECTOR('',#6729,10.);
#1336=VECTOR('',#6732,10.);
#1337=VECTOR('',#6737,10.);
#1338=VECTOR('',#6740,10.);
#1339=VECTOR('',#6741,10.);
#1340=VECTOR('',#6744,10.);
#1341=VECTOR('',#6745,10.);
#1342=VECTOR('',#6746,10.);
#1343=VECTOR('',#6747,10.);
#1344=VECTOR('',#6748,10.);
#1345=VECTOR('',#6751,10.);
#1346=VECTOR('',#6754,10.);
#1347=VECTOR('',#6757,10.);
#1348=VECTOR('',#6760,10.);
#1349=VECTOR('',#6763,10.);
#1350=VECTOR('',#6764,10.);
#1351=VECTOR('',#6765,10.);
#1352=VECTOR('',#6768,10.);
#1353=VECTOR('',#6769,10.);
#1354=VECTOR('',#6772,10.);
#1355=VECTOR('',#6775,10.);
#1356=VECTOR('',#6776,10.);
#1357=VECTOR('',#6777,10.);
#1358=VECTOR('',#6780,10.);
#1359=VECTOR('',#6785,10.);
#1360=VECTOR('',#6788,10.);
#1361=VECTOR('',#6791,10.);
#1362=VECTOR('',#6794,10.);
#1363=VECTOR('',#6797,10.);
#1364=VECTOR('',#6800,10.);
#1365=VECTOR('',#6801,10.);
#1366=VECTOR('',#6804,10.);
#1367=VECTOR('',#6805,10.);
#1368=VECTOR('',#6808,10.);
#1369=VECTOR('',#6811,10.);
#1370=VECTOR('',#6812,10.);
#1371=VECTOR('',#6815,10.);
#1372=VECTOR('',#6818,10.);
#1373=VECTOR('',#6821,10.);
#1374=VECTOR('',#6824,10.);
#1375=VECTOR('',#6827,10.);
#1376=VECTOR('',#6830,10.);
#1377=CYLINDRICAL_SURFACE('',#5126,0.5);
#1378=CYLINDRICAL_SURFACE('',#5131,0.5);
#1379=CYLINDRICAL_SURFACE('',#5156,1.6);
#1380=CYLINDRICAL_SURFACE('',#5158,1.1);
#1381=CYLINDRICAL_SURFACE('',#5162,1.6);
#1382=CYLINDRICAL_SURFACE('',#5164,1.1);
#1383=CYLINDRICAL_SURFACE('',#5168,1.6);
#1384=CYLINDRICAL_SURFACE('',#5170,1.1);
#1385=CYLINDRICAL_SURFACE('',#5174,1.6);
#1386=CYLINDRICAL_SURFACE('',#5176,1.1);
#1387=CYLINDRICAL_SURFACE('',#5180,1.6);
#1388=CYLINDRICAL_SURFACE('',#5182,1.1);
#1389=CYLINDRICAL_SURFACE('',#5186,1.6);
#1390=CYLINDRICAL_SURFACE('',#5188,1.1);
#1391=CYLINDRICAL_SURFACE('',#5192,1.6);
#1392=CYLINDRICAL_SURFACE('',#5194,1.1);
#1393=CYLINDRICAL_SURFACE('',#5227,3.);
#1394=CYLINDRICAL_SURFACE('',#5250,6.);
#1395=CYLINDRICAL_SURFACE('',#5270,6.);
#1396=CYLINDRICAL_SURFACE('',#5290,6.);
#1397=CYLINDRICAL_SURFACE('',#5310,6.);
#1398=CYLINDRICAL_SURFACE('',#5330,6.);
#1399=CYLINDRICAL_SURFACE('',#5350,6.);
#1400=CYLINDRICAL_SURFACE('',#5370,6.);
#1401=CYLINDRICAL_SURFACE('',#5390,6.);
#1402=CYLINDRICAL_SURFACE('',#5410,6.);
#1403=CYLINDRICAL_SURFACE('',#5430,6.);
#1404=CYLINDRICAL_SURFACE('',#5441,0.5);
#1405=CYLINDRICAL_SURFACE('',#5444,0.5);
#1406=CYLINDRICAL_SURFACE('',#5448,0.5);
#1407=CYLINDRICAL_SURFACE('',#5451,0.4);
#1408=CYLINDRICAL_SURFACE('',#5452,3.);
#1409=CYLINDRICAL_SURFACE('',#5460,3.);
#1410=CYLINDRICAL_SURFACE('',#5468,0.4);
#1411=CYLINDRICAL_SURFACE('',#5470,0.4);
#1412=CYLINDRICAL_SURFACE('',#5477,0.5);
#1413=CYLINDRICAL_SURFACE('',#5480,0.5);
#1414=CYLINDRICAL_SURFACE('',#5488,1.);
#1415=CYLINDRICAL_SURFACE('',#5495,3.);
#1416=CYLINDRICAL_SURFACE('',#5497,3.00000000000004);
#1417=CYLINDRICAL_SURFACE('',#5499,3.00000000000002);
#1418=CYLINDRICAL_SURFACE('',#5502,1.);
#1419=TOROIDAL_SURFACE('',#5119,2.85,2.35);
#1420=TOROIDAL_SURFACE('',#5122,2.85,2.35);
#1421=TOROIDAL_SURFACE('',#5232,0.900000000000002,0.5);
#1422=FACE_OUTER_BOUND('',#1703,.T.);
#1423=FACE_OUTER_BOUND('',#1704,.T.);
#1424=FACE_OUTER_BOUND('',#1705,.T.);
#1425=FACE_OUTER_BOUND('',#1706,.T.);
#1426=FACE_OUTER_BOUND('',#1707,.T.);
#1427=FACE_OUTER_BOUND('',#1708,.T.);
#1428=FACE_OUTER_BOUND('',#1709,.T.);
#1429=FACE_OUTER_BOUND('',#1710,.T.);
#1430=FACE_OUTER_BOUND('',#1711,.T.);
#1431=FACE_OUTER_BOUND('',#1712,.T.);
#1432=FACE_OUTER_BOUND('',#1713,.T.);
#1433=FACE_OUTER_BOUND('',#1714,.T.);
#1434=FACE_OUTER_BOUND('',#1722,.T.);
#1435=FACE_OUTER_BOUND('',#1724,.T.);
#1436=FACE_OUTER_BOUND('',#1725,.T.);
#1437=FACE_OUTER_BOUND('',#1726,.T.);
#1438=FACE_OUTER_BOUND('',#1728,.T.);
#1439=FACE_OUTER_BOUND('',#1729,.T.);
#1440=FACE_OUTER_BOUND('',#1730,.T.);
#1441=FACE_OUTER_BOUND('',#1732,.T.);
#1442=FACE_OUTER_BOUND('',#1733,.T.);
#1443=FACE_OUTER_BOUND('',#1734,.T.);
#1444=FACE_OUTER_BOUND('',#1736,.T.);
#1445=FACE_OUTER_BOUND('',#1737,.T.);
#1446=FACE_OUTER_BOUND('',#1738,.T.);
#1447=FACE_OUTER_BOUND('',#1740,.T.);
#1448=FACE_OUTER_BOUND('',#1741,.T.);
#1449=FACE_OUTER_BOUND('',#1742,.T.);
#1450=FACE_OUTER_BOUND('',#1744,.T.);
#1451=FACE_OUTER_BOUND('',#1745,.T.);
#1452=FACE_OUTER_BOUND('',#1746,.T.);
#1453=FACE_OUTER_BOUND('',#1748,.T.);
#1454=FACE_OUTER_BOUND('',#1749,.T.);
#1455=FACE_OUTER_BOUND('',#1750,.T.);
#1456=FACE_OUTER_BOUND('',#1751,.T.);
#1457=FACE_OUTER_BOUND('',#1752,.T.);
#1458=FACE_OUTER_BOUND('',#1753,.T.);
#1459=FACE_OUTER_BOUND('',#1754,.T.);
#1460=FACE_OUTER_BOUND('',#1755,.T.);
#1461=FACE_OUTER_BOUND('',#1756,.T.);
#1462=FACE_OUTER_BOUND('',#1757,.T.);
#1463=FACE_OUTER_BOUND('',#1758,.T.);
#1464=FACE_OUTER_BOUND('',#1759,.T.);
#1465=FACE_OUTER_BOUND('',#1760,.T.);
#1466=FACE_OUTER_BOUND('',#1761,.T.);
#1467=FACE_OUTER_BOUND('',#1762,.T.);
#1468=FACE_OUTER_BOUND('',#1764,.T.);
#1469=FACE_OUTER_BOUND('',#1766,.T.);
#1470=FACE_OUTER_BOUND('',#1768,.T.);
#1471=FACE_OUTER_BOUND('',#1769,.T.);
#1472=FACE_OUTER_BOUND('',#1770,.T.);
#1473=FACE_OUTER_BOUND('',#1771,.T.);
#1474=FACE_OUTER_BOUND('',#1772,.T.);
#1475=FACE_OUTER_BOUND('',#1773,.T.);
#1476=FACE_OUTER_BOUND('',#1774,.T.);
#1477=FACE_OUTER_BOUND('',#1775,.T.);
#1478=FACE_OUTER_BOUND('',#1776,.T.);
#1479=FACE_OUTER_BOUND('',#1777,.T.);
#1480=FACE_OUTER_BOUND('',#1778,.T.);
#1481=FACE_OUTER_BOUND('',#1780,.T.);
#1482=FACE_OUTER_BOUND('',#1782,.T.);
#1483=FACE_OUTER_BOUND('',#1784,.T.);
#1484=FACE_OUTER_BOUND('',#1785,.T.);
#1485=FACE_OUTER_BOUND('',#1786,.T.);
#1486=FACE_OUTER_BOUND('',#1787,.T.);
#1487=FACE_OUTER_BOUND('',#1788,.T.);
#1488=FACE_OUTER_BOUND('',#1789,.T.);
#1489=FACE_OUTER_BOUND('',#1790,.T.);
#1490=FACE_OUTER_BOUND('',#1791,.T.);
#1491=FACE_OUTER_BOUND('',#1792,.T.);
#1492=FACE_OUTER_BOUND('',#1793,.T.);
#1493=FACE_OUTER_BOUND('',#1794,.T.);
#1494=FACE_OUTER_BOUND('',#1795,.T.);
#1495=FACE_OUTER_BOUND('',#1796,.T.);
#1496=FACE_OUTER_BOUND('',#1797,.T.);
#1497=FACE_OUTER_BOUND('',#1798,.T.);
#1498=FACE_OUTER_BOUND('',#1799,.T.);
#1499=FACE_OUTER_BOUND('',#1800,.T.);
#1500=FACE_OUTER_BOUND('',#1801,.T.);
#1501=FACE_OUTER_BOUND('',#1802,.T.);
#1502=FACE_OUTER_BOUND('',#1803,.T.);
#1503=FACE_OUTER_BOUND('',#1804,.T.);
#1504=FACE_OUTER_BOUND('',#1805,.T.);
#1505=FACE_OUTER_BOUND('',#1806,.T.);
#1506=FACE_OUTER_BOUND('',#1807,.T.);
#1507=FACE_OUTER_BOUND('',#1808,.T.);
#1508=FACE_OUTER_BOUND('',#1809,.T.);
#1509=FACE_OUTER_BOUND('',#1810,.T.);
#1510=FACE_OUTER_BOUND('',#1811,.T.);
#1511=FACE_OUTER_BOUND('',#1812,.T.);
#1512=FACE_OUTER_BOUND('',#1813,.T.);
#1513=FACE_OUTER_BOUND('',#1814,.T.);
#1514=FACE_OUTER_BOUND('',#1815,.T.);
#1515=FACE_OUTER_BOUND('',#1816,.T.);
#1516=FACE_OUTER_BOUND('',#1817,.T.);
#1517=FACE_OUTER_BOUND('',#1818,.T.);
#1518=FACE_OUTER_BOUND('',#1819,.T.);
#1519=FACE_OUTER_BOUND('',#1820,.T.);
#1520=FACE_OUTER_BOUND('',#1821,.T.);
#1521=FACE_OUTER_BOUND('',#1822,.T.);
#1522=FACE_OUTER_BOUND('',#1823,.T.);
#1523=FACE_OUTER_BOUND('',#1824,.T.);
#1524=FACE_OUTER_BOUND('',#1825,.T.);
#1525=FACE_OUTER_BOUND('',#1826,.T.);
#1526=FACE_OUTER_BOUND('',#1827,.T.);
#1527=FACE_OUTER_BOUND('',#1828,.T.);
#1528=FACE_OUTER_BOUND('',#1829,.T.);
#1529=FACE_OUTER_BOUND('',#1830,.T.);
#1530=FACE_OUTER_BOUND('',#1831,.T.);
#1531=FACE_OUTER_BOUND('',#1832,.T.);
#1532=FACE_OUTER_BOUND('',#1833,.T.);
#1533=FACE_OUTER_BOUND('',#1834,.T.);
#1534=FACE_OUTER_BOUND('',#1835,.T.);
#1535=FACE_OUTER_BOUND('',#1836,.T.);
#1536=FACE_OUTER_BOUND('',#1837,.T.);
#1537=FACE_OUTER_BOUND('',#1838,.T.);
#1538=FACE_OUTER_BOUND('',#1839,.T.);
#1539=FACE_OUTER_BOUND('',#1840,.T.);
#1540=FACE_OUTER_BOUND('',#1841,.T.);
#1541=FACE_OUTER_BOUND('',#1842,.T.);
#1542=FACE_OUTER_BOUND('',#1843,.T.);
#1543=FACE_OUTER_BOUND('',#1844,.T.);
#1544=FACE_OUTER_BOUND('',#1845,.T.);
#1545=FACE_OUTER_BOUND('',#1846,.T.);
#1546=FACE_OUTER_BOUND('',#1847,.T.);
#1547=FACE_OUTER_BOUND('',#1848,.T.);
#1548=FACE_OUTER_BOUND('',#1849,.T.);
#1549=FACE_OUTER_BOUND('',#1850,.T.);
#1550=FACE_OUTER_BOUND('',#1851,.T.);
#1551=FACE_OUTER_BOUND('',#1852,.T.);
#1552=FACE_OUTER_BOUND('',#1853,.T.);
#1553=FACE_OUTER_BOUND('',#1854,.T.);
#1554=FACE_OUTER_BOUND('',#1855,.T.);
#1555=FACE_OUTER_BOUND('',#1856,.T.);
#1556=FACE_OUTER_BOUND('',#1857,.T.);
#1557=FACE_OUTER_BOUND('',#1858,.T.);
#1558=FACE_OUTER_BOUND('',#1859,.T.);
#1559=FACE_OUTER_BOUND('',#1860,.T.);
#1560=FACE_OUTER_BOUND('',#1861,.T.);
#1561=FACE_OUTER_BOUND('',#1862,.T.);
#1562=FACE_OUTER_BOUND('',#1863,.T.);
#1563=FACE_OUTER_BOUND('',#1864,.T.);
#1564=FACE_OUTER_BOUND('',#1865,.T.);
#1565=FACE_OUTER_BOUND('',#1866,.T.);
#1566=FACE_OUTER_BOUND('',#1867,.T.);
#1567=FACE_OUTER_BOUND('',#1868,.T.);
#1568=FACE_OUTER_BOUND('',#1869,.T.);
#1569=FACE_OUTER_BOUND('',#1870,.T.);
#1570=FACE_OUTER_BOUND('',#1871,.T.);
#1571=FACE_OUTER_BOUND('',#1872,.T.);
#1572=FACE_OUTER_BOUND('',#1873,.T.);
#1573=FACE_OUTER_BOUND('',#1874,.T.);
#1574=FACE_OUTER_BOUND('',#1875,.T.);
#1575=FACE_OUTER_BOUND('',#1876,.T.);
#1576=FACE_OUTER_BOUND('',#1877,.T.);
#1577=FACE_OUTER_BOUND('',#1878,.T.);
#1578=FACE_OUTER_BOUND('',#1879,.T.);
#1579=FACE_OUTER_BOUND('',#1880,.T.);
#1580=FACE_OUTER_BOUND('',#1881,.T.);
#1581=FACE_OUTER_BOUND('',#1882,.T.);
#1582=FACE_OUTER_BOUND('',#1883,.T.);
#1583=FACE_OUTER_BOUND('',#1884,.T.);
#1584=FACE_OUTER_BOUND('',#1885,.T.);
#1585=FACE_OUTER_BOUND('',#1886,.T.);
#1586=FACE_OUTER_BOUND('',#1887,.T.);
#1587=FACE_OUTER_BOUND('',#1888,.T.);
#1588=FACE_OUTER_BOUND('',#1889,.T.);
#1589=FACE_OUTER_BOUND('',#1890,.T.);
#1590=FACE_OUTER_BOUND('',#1891,.T.);
#1591=FACE_OUTER_BOUND('',#1892,.T.);
#1592=FACE_OUTER_BOUND('',#1893,.T.);
#1593=FACE_OUTER_BOUND('',#1894,.T.);
#1594=FACE_OUTER_BOUND('',#1895,.T.);
#1595=FACE_OUTER_BOUND('',#1896,.T.);
#1596=FACE_OUTER_BOUND('',#1897,.T.);
#1597=FACE_OUTER_BOUND('',#1898,.T.);
#1598=FACE_OUTER_BOUND('',#1899,.T.);
#1599=FACE_OUTER_BOUND('',#1900,.T.);
#1600=FACE_OUTER_BOUND('',#1901,.T.);
#1601=FACE_OUTER_BOUND('',#1902,.T.);
#1602=FACE_OUTER_BOUND('',#1903,.T.);
#1603=FACE_OUTER_BOUND('',#1904,.T.);
#1604=FACE_OUTER_BOUND('',#1905,.T.);
#1605=FACE_OUTER_BOUND('',#1906,.T.);
#1606=FACE_OUTER_BOUND('',#1907,.T.);
#1607=FACE_OUTER_BOUND('',#1908,.T.);
#1608=FACE_OUTER_BOUND('',#1909,.T.);
#1609=FACE_OUTER_BOUND('',#1910,.T.);
#1610=FACE_OUTER_BOUND('',#1911,.T.);
#1611=FACE_OUTER_BOUND('',#1912,.T.);
#1612=FACE_OUTER_BOUND('',#1913,.T.);
#1613=FACE_OUTER_BOUND('',#1914,.T.);
#1614=FACE_OUTER_BOUND('',#1915,.T.);
#1615=FACE_OUTER_BOUND('',#1916,.T.);
#1616=FACE_OUTER_BOUND('',#1917,.T.);
#1617=FACE_OUTER_BOUND('',#1918,.T.);
#1618=FACE_OUTER_BOUND('',#1919,.T.);
#1619=FACE_OUTER_BOUND('',#1920,.T.);
#1620=FACE_OUTER_BOUND('',#1921,.T.);
#1621=FACE_OUTER_BOUND('',#1922,.T.);
#1622=FACE_OUTER_BOUND('',#1923,.T.);
#1623=FACE_OUTER_BOUND('',#1924,.T.);
#1624=FACE_OUTER_BOUND('',#1925,.T.);
#1625=FACE_OUTER_BOUND('',#1926,.T.);
#1626=FACE_OUTER_BOUND('',#1927,.T.);
#1627=FACE_OUTER_BOUND('',#1928,.T.);
#1628=FACE_OUTER_BOUND('',#1929,.T.);
#1629=FACE_OUTER_BOUND('',#1930,.T.);
#1630=FACE_OUTER_BOUND('',#1931,.T.);
#1631=FACE_OUTER_BOUND('',#1932,.T.);
#1632=FACE_OUTER_BOUND('',#1933,.T.);
#1633=FACE_OUTER_BOUND('',#1934,.T.);
#1634=FACE_OUTER_BOUND('',#1935,.T.);
#1635=FACE_OUTER_BOUND('',#1936,.T.);
#1636=FACE_OUTER_BOUND('',#1937,.T.);
#1637=FACE_OUTER_BOUND('',#1938,.T.);
#1638=FACE_OUTER_BOUND('',#1939,.T.);
#1639=FACE_OUTER_BOUND('',#1940,.T.);
#1640=FACE_OUTER_BOUND('',#1941,.T.);
#1641=FACE_OUTER_BOUND('',#1942,.T.);
#1642=FACE_OUTER_BOUND('',#1943,.T.);
#1643=FACE_OUTER_BOUND('',#1944,.T.);
#1644=FACE_OUTER_BOUND('',#1945,.T.);
#1645=FACE_OUTER_BOUND('',#1946,.T.);
#1646=FACE_OUTER_BOUND('',#1947,.T.);
#1647=FACE_OUTER_BOUND('',#1948,.T.);
#1648=FACE_OUTER_BOUND('',#1949,.T.);
#1649=FACE_OUTER_BOUND('',#1950,.T.);
#1650=FACE_OUTER_BOUND('',#1951,.T.);
#1651=FACE_OUTER_BOUND('',#1952,.T.);
#1652=FACE_OUTER_BOUND('',#1953,.T.);
#1653=FACE_OUTER_BOUND('',#1954,.T.);
#1654=FACE_OUTER_BOUND('',#1955,.T.);
#1655=FACE_OUTER_BOUND('',#1956,.T.);
#1656=FACE_OUTER_BOUND('',#1957,.T.);
#1657=FACE_OUTER_BOUND('',#1958,.T.);
#1658=FACE_OUTER_BOUND('',#1959,.T.);
#1659=FACE_OUTER_BOUND('',#1960,.T.);
#1660=FACE_OUTER_BOUND('',#1961,.T.);
#1661=FACE_OUTER_BOUND('',#1962,.T.);
#1662=FACE_OUTER_BOUND('',#1970,.T.);
#1663=FACE_OUTER_BOUND('',#1971,.T.);
#1664=FACE_OUTER_BOUND('',#1972,.T.);
#1665=FACE_OUTER_BOUND('',#1973,.T.);
#1666=FACE_OUTER_BOUND('',#1974,.T.);
#1667=FACE_OUTER_BOUND('',#1975,.T.);
#1668=FACE_OUTER_BOUND('',#1976,.T.);
#1669=FACE_OUTER_BOUND('',#1977,.T.);
#1670=FACE_OUTER_BOUND('',#1978,.T.);
#1671=FACE_OUTER_BOUND('',#1979,.T.);
#1672=FACE_OUTER_BOUND('',#1980,.T.);
#1673=FACE_OUTER_BOUND('',#1997,.T.);
#1674=FACE_OUTER_BOUND('',#1998,.T.);
#1675=FACE_OUTER_BOUND('',#1999,.T.);
#1676=FACE_OUTER_BOUND('',#2000,.T.);
#1677=FACE_OUTER_BOUND('',#2001,.T.);
#1678=FACE_OUTER_BOUND('',#2002,.T.);
#1679=FACE_OUTER_BOUND('',#2003,.T.);
#1680=FACE_OUTER_BOUND('',#2004,.T.);
#1681=FACE_OUTER_BOUND('',#2005,.T.);
#1682=FACE_OUTER_BOUND('',#2006,.T.);
#1683=FACE_OUTER_BOUND('',#2007,.T.);
#1684=FACE_OUTER_BOUND('',#2008,.T.);
#1685=FACE_OUTER_BOUND('',#2009,.T.);
#1686=FACE_OUTER_BOUND('',#2010,.T.);
#1687=FACE_OUTER_BOUND('',#2011,.T.);
#1688=FACE_OUTER_BOUND('',#2012,.T.);
#1689=FACE_OUTER_BOUND('',#2013,.T.);
#1690=FACE_OUTER_BOUND('',#2014,.T.);
#1691=FACE_OUTER_BOUND('',#2015,.T.);
#1692=FACE_OUTER_BOUND('',#2016,.T.);
#1693=FACE_OUTER_BOUND('',#2017,.T.);
#1694=FACE_OUTER_BOUND('',#2018,.T.);
#1695=FACE_OUTER_BOUND('',#2019,.T.);
#1696=FACE_OUTER_BOUND('',#2020,.T.);
#1697=FACE_OUTER_BOUND('',#2021,.T.);
#1698=FACE_OUTER_BOUND('',#2022,.T.);
#1699=FACE_OUTER_BOUND('',#2023,.T.);
#1700=FACE_OUTER_BOUND('',#2024,.T.);
#1701=FACE_OUTER_BOUND('',#2025,.T.);
#1702=FACE_OUTER_BOUND('',#2026,.T.);
#1703=EDGE_LOOP('',(#3361,#3362,#3363,#3364));
#1704=EDGE_LOOP('',(#3365,#3366,#3367,#3368));
#1705=EDGE_LOOP('',(#3369,#3370,#3371,#3372));
#1706=EDGE_LOOP('',(#3373,#3374,#3375,#3376));
#1707=EDGE_LOOP('',(#3377,#3378,#3379,#3380,#3381,#3382));
#1708=EDGE_LOOP('',(#3383,#3384,#3385,#3386,#3387));
#1709=EDGE_LOOP('',(#3388,#3389,#3390,#3391,#3392,#3393));
#1710=EDGE_LOOP('',(#3394,#3395,#3396,#3397,#3398));
#1711=EDGE_LOOP('',(#3399,#3400,#3401,#3402,#3403,#3404,#3405,#3406));
#1712=EDGE_LOOP('',(#3407,#3408,#3409));
#1713=EDGE_LOOP('',(#3410,#3411,#3412,#3413));
#1714=EDGE_LOOP('',(#3414,#3415,#3416,#3417,#3418,#3419,#3420,#3421,#3422,
#3423,#3424,#3425,#3426,#3427,#3428,#3429,#3430,#3431,#3432,#3433,#3434,
#3435,#3436,#3437,#3438,#3439,#3440,#3441,#3442,#3443,#3444,#3445));
#1715=EDGE_LOOP('',(#3446));
#1716=EDGE_LOOP('',(#3447));
#1717=EDGE_LOOP('',(#3448));
#1718=EDGE_LOOP('',(#3449));
#1719=EDGE_LOOP('',(#3450));
#1720=EDGE_LOOP('',(#3451));
#1721=EDGE_LOOP('',(#3452));
#1722=EDGE_LOOP('',(#3453));
#1723=EDGE_LOOP('',(#3454));
#1724=EDGE_LOOP('',(#3455,#3456,#3457,#3458));
#1725=EDGE_LOOP('',(#3459,#3460,#3461,#3462));
#1726=EDGE_LOOP('',(#3463));
#1727=EDGE_LOOP('',(#3464));
#1728=EDGE_LOOP('',(#3465,#3466,#3467,#3468));
#1729=EDGE_LOOP('',(#3469,#3470,#3471,#3472));
#1730=EDGE_LOOP('',(#3473));
#1731=EDGE_LOOP('',(#3474));
#1732=EDGE_LOOP('',(#3475,#3476,#3477,#3478));
#1733=EDGE_LOOP('',(#3479,#3480,#3481,#3482));
#1734=EDGE_LOOP('',(#3483));
#1735=EDGE_LOOP('',(#3484));
#1736=EDGE_LOOP('',(#3485,#3486,#3487,#3488));
#1737=EDGE_LOOP('',(#3489,#3490,#3491,#3492));
#1738=EDGE_LOOP('',(#3493));
#1739=EDGE_LOOP('',(#3494));
#1740=EDGE_LOOP('',(#3495,#3496,#3497,#3498));
#1741=EDGE_LOOP('',(#3499,#3500,#3501,#3502));
#1742=EDGE_LOOP('',(#3503));
#1743=EDGE_LOOP('',(#3504));
#1744=EDGE_LOOP('',(#3505,#3506,#3507,#3508));
#1745=EDGE_LOOP('',(#3509,#3510,#3511,#3512));
#1746=EDGE_LOOP('',(#3513));
#1747=EDGE_LOOP('',(#3514));
#1748=EDGE_LOOP('',(#3515,#3516,#3517,#3518));
#1749=EDGE_LOOP('',(#3519,#3520,#3521,#3522));
#1750=EDGE_LOOP('',(#3523));
#1751=EDGE_LOOP('',(#3524));
#1752=EDGE_LOOP('',(#3525));
#1753=EDGE_LOOP('',(#3526));
#1754=EDGE_LOOP('',(#3527));
#1755=EDGE_LOOP('',(#3528));
#1756=EDGE_LOOP('',(#3529,#3530,#3531,#3532));
#1757=EDGE_LOOP('',(#3533,#3534,#3535,#3536));
#1758=EDGE_LOOP('',(#3537,#3538,#3539,#3540));
#1759=EDGE_LOOP('',(#3541,#3542,#3543,#3544));
#1760=EDGE_LOOP('',(#3545,#3546,#3547,#3548));
#1761=EDGE_LOOP('',(#3549,#3550,#3551,#3552));
#1762=EDGE_LOOP('',(#3553));
#1763=EDGE_LOOP('',(#3554));
#1764=EDGE_LOOP('',(#3555));
#1765=EDGE_LOOP('',(#3556));
#1766=EDGE_LOOP('',(#3557));
#1767=EDGE_LOOP('',(#3558));
#1768=EDGE_LOOP('',(#3559,#3560,#3561,#3562,#3563,#3564,#3565,#3566,#3567,
#3568,#3569,#3570,#3571));
#1769=EDGE_LOOP('',(#3572,#3573,#3574,#3575,#3576,#3577,#3578,#3579,#3580,
#3581,#3582,#3583,#3584));
#1770=EDGE_LOOP('',(#3585,#3586,#3587,#3588,#3589,#3590,#3591,#3592,#3593,
#3594,#3595,#3596,#3597));
#1771=EDGE_LOOP('',(#3598,#3599,#3600,#3601,#3602,#3603,#3604,#3605,#3606,
#3607,#3608,#3609,#3610));
#1772=EDGE_LOOP('',(#3611,#3612,#3613,#3614,#3615,#3616,#3617,#3618,#3619,
#3620,#3621,#3622,#3623));
#1773=EDGE_LOOP('',(#3624,#3625,#3626,#3627,#3628,#3629,#3630,#3631,#3632,
#3633,#3634,#3635,#3636));
#1774=EDGE_LOOP('',(#3637,#3638,#3639,#3640,#3641,#3642,#3643,#3644,#3645,
#3646,#3647,#3648,#3649));
#1775=EDGE_LOOP('',(#3650,#3651,#3652,#3653,#3654,#3655,#3656,#3657,#3658,
#3659,#3660,#3661,#3662));
#1776=EDGE_LOOP('',(#3663,#3664,#3665,#3666,#3667,#3668,#3669,#3670,#3671,
#3672,#3673,#3674,#3675));
#1777=EDGE_LOOP('',(#3676,#3677,#3678,#3679,#3680,#3681,#3682,#3683,#3684,
#3685,#3686,#3687,#3688));
#1778=EDGE_LOOP('',(#3689));
#1779=EDGE_LOOP('',(#3690));
#1780=EDGE_LOOP('',(#3691));
#1781=EDGE_LOOP('',(#3692));
#1782=EDGE_LOOP('',(#3693));
#1783=EDGE_LOOP('',(#3694));
#1784=EDGE_LOOP('',(#3695,#3696,#3697,#3698));
#1785=EDGE_LOOP('',(#3699,#3700,#3701));
#1786=EDGE_LOOP('',(#3702,#3703,#3704));
#1787=EDGE_LOOP('',(#3705,#3706,#3707,#3708));
#1788=EDGE_LOOP('',(#3709,#3710,#3711,#3712));
#1789=EDGE_LOOP('',(#3713,#3714,#3715,#3716));
#1790=EDGE_LOOP('',(#3717,#3718,#3719,#3720));
#1791=EDGE_LOOP('',(#3721,#3722,#3723,#3724));
#1792=EDGE_LOOP('',(#3725,#3726,#3727,#3728));
#1793=EDGE_LOOP('',(#3729,#3730,#3731,#3732,#3733,#3734));
#1794=EDGE_LOOP('',(#3735,#3736,#3737,#3738));
#1795=EDGE_LOOP('',(#3739,#3740,#3741,#3742));
#1796=EDGE_LOOP('',(#3743,#3744,#3745,#3746));
#1797=EDGE_LOOP('',(#3747,#3748,#3749,#3750));
#1798=EDGE_LOOP('',(#3751,#3752,#3753,#3754));
#1799=EDGE_LOOP('',(#3755,#3756,#3757,#3758));
#1800=EDGE_LOOP('',(#3759,#3760,#3761,#3762));
#1801=EDGE_LOOP('',(#3763,#3764,#3765,#3766));
#1802=EDGE_LOOP('',(#3767,#3768,#3769,#3770));
#1803=EDGE_LOOP('',(#3771,#3772,#3773,#3774));
#1804=EDGE_LOOP('',(#3775,#3776,#3777,#3778));
#1805=EDGE_LOOP('',(#3779,#3780,#3781,#3782));
#1806=EDGE_LOOP('',(#3783,#3784));
#1807=EDGE_LOOP('',(#3785,#3786,#3787,#3788,#3789));
#1808=EDGE_LOOP('',(#3790,#3791,#3792,#3793));
#1809=EDGE_LOOP('',(#3794,#3795,#3796,#3797));
#1810=EDGE_LOOP('',(#3798,#3799,#3800,#3801));
#1811=EDGE_LOOP('',(#3802,#3803,#3804,#3805));
#1812=EDGE_LOOP('',(#3806,#3807,#3808,#3809));
#1813=EDGE_LOOP('',(#3810,#3811,#3812,#3813));
#1814=EDGE_LOOP('',(#3814,#3815,#3816,#3817));
#1815=EDGE_LOOP('',(#3818,#3819,#3820,#3821));
#1816=EDGE_LOOP('',(#3822,#3823,#3824,#3825));
#1817=EDGE_LOOP('',(#3826,#3827,#3828,#3829));
#1818=EDGE_LOOP('',(#3830,#3831,#3832,#3833));
#1819=EDGE_LOOP('',(#3834,#3835,#3836,#3837));
#1820=EDGE_LOOP('',(#3838,#3839,#3840,#3841));
#1821=EDGE_LOOP('',(#3842,#3843));
#1822=EDGE_LOOP('',(#3844,#3845,#3846,#3847,#3848));
#1823=EDGE_LOOP('',(#3849,#3850,#3851,#3852));
#1824=EDGE_LOOP('',(#3853,#3854,#3855,#3856));
#1825=EDGE_LOOP('',(#3857,#3858,#3859,#3860));
#1826=EDGE_LOOP('',(#3861,#3862,#3863,#3864));
#1827=EDGE_LOOP('',(#3865,#3866,#3867,#3868));
#1828=EDGE_LOOP('',(#3869,#3870,#3871,#3872));
#1829=EDGE_LOOP('',(#3873,#3874,#3875,#3876));
#1830=EDGE_LOOP('',(#3877,#3878,#3879,#3880));
#1831=EDGE_LOOP('',(#3881,#3882,#3883,#3884));
#1832=EDGE_LOOP('',(#3885,#3886,#3887,#3888));
#1833=EDGE_LOOP('',(#3889,#3890,#3891,#3892));
#1834=EDGE_LOOP('',(#3893,#3894,#3895,#3896));
#1835=EDGE_LOOP('',(#3897,#3898,#3899,#3900));
#1836=EDGE_LOOP('',(#3901,#3902));
#1837=EDGE_LOOP('',(#3903,#3904,#3905,#3906,#3907));
#1838=EDGE_LOOP('',(#3908,#3909,#3910,#3911));
#1839=EDGE_LOOP('',(#3912,#3913,#3914,#3915));
#1840=EDGE_LOOP('',(#3916,#3917,#3918,#3919));
#1841=EDGE_LOOP('',(#3920,#3921,#3922,#3923));
#1842=EDGE_LOOP('',(#3924,#3925,#3926,#3927));
#1843=EDGE_LOOP('',(#3928,#3929,#3930,#3931));
#1844=EDGE_LOOP('',(#3932,#3933,#3934,#3935));
#1845=EDGE_LOOP('',(#3936,#3937,#3938,#3939));
#1846=EDGE_LOOP('',(#3940,#3941,#3942,#3943));
#1847=EDGE_LOOP('',(#3944,#3945,#3946,#3947));
#1848=EDGE_LOOP('',(#3948,#3949,#3950,#3951));
#1849=EDGE_LOOP('',(#3952,#3953,#3954,#3955));
#1850=EDGE_LOOP('',(#3956,#3957,#3958,#3959));
#1851=EDGE_LOOP('',(#3960,#3961));
#1852=EDGE_LOOP('',(#3962,#3963,#3964,#3965,#3966));
#1853=EDGE_LOOP('',(#3967,#3968,#3969,#3970));
#1854=EDGE_LOOP('',(#3971,#3972,#3973,#3974));
#1855=EDGE_LOOP('',(#3975,#3976,#3977,#3978));
#1856=EDGE_LOOP('',(#3979,#3980,#3981,#3982));
#1857=EDGE_LOOP('',(#3983,#3984,#3985,#3986));
#1858=EDGE_LOOP('',(#3987,#3988,#3989,#3990));
#1859=EDGE_LOOP('',(#3991,#3992,#3993,#3994));
#1860=EDGE_LOOP('',(#3995,#3996,#3997,#3998));
#1861=EDGE_LOOP('',(#3999,#4000,#4001,#4002));
#1862=EDGE_LOOP('',(#4003,#4004,#4005,#4006));
#1863=EDGE_LOOP('',(#4007,#4008,#4009,#4010));
#1864=EDGE_LOOP('',(#4011,#4012,#4013,#4014));
#1865=EDGE_LOOP('',(#4015,#4016,#4017,#4018));
#1866=EDGE_LOOP('',(#4019,#4020));
#1867=EDGE_LOOP('',(#4021,#4022,#4023,#4024,#4025));
#1868=EDGE_LOOP('',(#4026,#4027,#4028,#4029));
#1869=EDGE_LOOP('',(#4030,#4031,#4032,#4033));
#1870=EDGE_LOOP('',(#4034,#4035,#4036,#4037));
#1871=EDGE_LOOP('',(#4038,#4039,#4040,#4041));
#1872=EDGE_LOOP('',(#4042,#4043,#4044,#4045));
#1873=EDGE_LOOP('',(#4046,#4047,#4048,#4049));
#1874=EDGE_LOOP('',(#4050,#4051,#4052,#4053));
#1875=EDGE_LOOP('',(#4054,#4055,#4056,#4057));
#1876=EDGE_LOOP('',(#4058,#4059,#4060,#4061));
#1877=EDGE_LOOP('',(#4062,#4063,#4064,#4065));
#1878=EDGE_LOOP('',(#4066,#4067,#4068,#4069));
#1879=EDGE_LOOP('',(#4070,#4071,#4072,#4073));
#1880=EDGE_LOOP('',(#4074,#4075,#4076,#4077));
#1881=EDGE_LOOP('',(#4078,#4079));
#1882=EDGE_LOOP('',(#4080,#4081,#4082,#4083,#4084));
#1883=EDGE_LOOP('',(#4085,#4086,#4087,#4088));
#1884=EDGE_LOOP('',(#4089,#4090,#4091,#4092));
#1885=EDGE_LOOP('',(#4093,#4094,#4095,#4096));
#1886=EDGE_LOOP('',(#4097,#4098,#4099,#4100));
#1887=EDGE_LOOP('',(#4101,#4102,#4103,#4104));
#1888=EDGE_LOOP('',(#4105,#4106,#4107,#4108));
#1889=EDGE_LOOP('',(#4109,#4110,#4111,#4112));
#1890=EDGE_LOOP('',(#4113,#4114,#4115,#4116));
#1891=EDGE_LOOP('',(#4117,#4118,#4119,#4120));
#1892=EDGE_LOOP('',(#4121,#4122,#4123,#4124));
#1893=EDGE_LOOP('',(#4125,#4126,#4127,#4128));
#1894=EDGE_LOOP('',(#4129,#4130,#4131,#4132));
#1895=EDGE_LOOP('',(#4133,#4134,#4135,#4136));
#1896=EDGE_LOOP('',(#4137,#4138));
#1897=EDGE_LOOP('',(#4139,#4140,#4141,#4142,#4143));
#1898=EDGE_LOOP('',(#4144,#4145,#4146,#4147));
#1899=EDGE_LOOP('',(#4148,#4149,#4150,#4151));
#1900=EDGE_LOOP('',(#4152,#4153,#4154,#4155));
#1901=EDGE_LOOP('',(#4156,#4157,#4158,#4159));
#1902=EDGE_LOOP('',(#4160,#4161,#4162,#4163));
#1903=EDGE_LOOP('',(#4164,#4165,#4166,#4167));
#1904=EDGE_LOOP('',(#4168,#4169,#4170,#4171));
#1905=EDGE_LOOP('',(#4172,#4173,#4174,#4175));
#1906=EDGE_LOOP('',(#4176,#4177,#4178,#4179));
#1907=EDGE_LOOP('',(#4180,#4181,#4182,#4183));
#1908=EDGE_LOOP('',(#4184,#4185,#4186,#4187));
#1909=EDGE_LOOP('',(#4188,#4189,#4190,#4191));
#1910=EDGE_LOOP('',(#4192,#4193,#4194,#4195));
#1911=EDGE_LOOP('',(#4196,#4197));
#1912=EDGE_LOOP('',(#4198,#4199,#4200,#4201,#4202));
#1913=EDGE_LOOP('',(#4203,#4204,#4205,#4206));
#1914=EDGE_LOOP('',(#4207,#4208,#4209,#4210));
#1915=EDGE_LOOP('',(#4211,#4212,#4213,#4214));
#1916=EDGE_LOOP('',(#4215,#4216,#4217,#4218));
#1917=EDGE_LOOP('',(#4219,#4220,#4221,#4222));
#1918=EDGE_LOOP('',(#4223,#4224,#4225,#4226));
#1919=EDGE_LOOP('',(#4227,#4228,#4229,#4230));
#1920=EDGE_LOOP('',(#4231,#4232,#4233,#4234));
#1921=EDGE_LOOP('',(#4235,#4236,#4237,#4238));
#1922=EDGE_LOOP('',(#4239,#4240,#4241,#4242));
#1923=EDGE_LOOP('',(#4243,#4244,#4245,#4246));
#1924=EDGE_LOOP('',(#4247,#4248,#4249,#4250));
#1925=EDGE_LOOP('',(#4251,#4252,#4253,#4254));
#1926=EDGE_LOOP('',(#4255,#4256));
#1927=EDGE_LOOP('',(#4257,#4258,#4259,#4260,#4261));
#1928=EDGE_LOOP('',(#4262,#4263,#4264,#4265));
#1929=EDGE_LOOP('',(#4266,#4267,#4268,#4269));
#1930=EDGE_LOOP('',(#4270,#4271,#4272,#4273));
#1931=EDGE_LOOP('',(#4274,#4275,#4276,#4277));
#1932=EDGE_LOOP('',(#4278,#4279,#4280,#4281));
#1933=EDGE_LOOP('',(#4282,#4283,#4284,#4285));
#1934=EDGE_LOOP('',(#4286,#4287,#4288,#4289));
#1935=EDGE_LOOP('',(#4290,#4291,#4292,#4293));
#1936=EDGE_LOOP('',(#4294,#4295,#4296,#4297));
#1937=EDGE_LOOP('',(#4298,#4299,#4300,#4301));
#1938=EDGE_LOOP('',(#4302,#4303,#4304,#4305));
#1939=EDGE_LOOP('',(#4306,#4307,#4308,#4309));
#1940=EDGE_LOOP('',(#4310,#4311,#4312,#4313));
#1941=EDGE_LOOP('',(#4314,#4315));
#1942=EDGE_LOOP('',(#4316,#4317,#4318,#4319,#4320));
#1943=EDGE_LOOP('',(#4321,#4322,#4323,#4324));
#1944=EDGE_LOOP('',(#4325,#4326,#4327,#4328));
#1945=EDGE_LOOP('',(#4329,#4330,#4331,#4332));
#1946=EDGE_LOOP('',(#4333,#4334,#4335,#4336));
#1947=EDGE_LOOP('',(#4337,#4338,#4339,#4340));
#1948=EDGE_LOOP('',(#4341,#4342,#4343,#4344));
#1949=EDGE_LOOP('',(#4345,#4346,#4347,#4348));
#1950=EDGE_LOOP('',(#4349,#4350,#4351,#4352,#4353));
#1951=EDGE_LOOP('',(#4354,#4355,#4356,#4357));
#1952=EDGE_LOOP('',(#4358,#4359,#4360,#4361));
#1953=EDGE_LOOP('',(#4362,#4363,#4364,#4365));
#1954=EDGE_LOOP('',(#4366,#4367,#4368,#4369,#4370,#4371));
#1955=EDGE_LOOP('',(#4372,#4373,#4374));
#1956=EDGE_LOOP('',(#4375,#4376,#4377));
#1957=EDGE_LOOP('',(#4378,#4379,#4380,#4381,#4382,#4383));
#1958=EDGE_LOOP('',(#4384,#4385,#4386,#4387,#4388));
#1959=EDGE_LOOP('',(#4389,#4390,#4391,#4392,#4393,#4394,#4395,#4396,#4397,
#4398,#4399,#4400,#4401));
#1960=EDGE_LOOP('',(#4402,#4403,#4404,#4405));
#1961=EDGE_LOOP('',(#4406,#4407,#4408,#4409));
#1962=EDGE_LOOP('',(#4410,#4411,#4412,#4413,#4414,#4415,#4416,#4417,#4418,
#4419,#4420,#4421,#4422,#4423,#4424));
#1963=EDGE_LOOP('',(#4425));
#1964=EDGE_LOOP('',(#4426));
#1965=EDGE_LOOP('',(#4427));
#1966=EDGE_LOOP('',(#4428));
#1967=EDGE_LOOP('',(#4429));
#1968=EDGE_LOOP('',(#4430));
#1969=EDGE_LOOP('',(#4431));
#1970=EDGE_LOOP('',(#4432,#4433,#4434,#4435));
#1971=EDGE_LOOP('',(#4436,#4437,#4438,#4439,#4440,#4441));
#1972=EDGE_LOOP('',(#4442,#4443,#4444,#4445));
#1973=EDGE_LOOP('',(#4446,#4447,#4448));
#1974=EDGE_LOOP('',(#4449,#4450,#4451,#4452,#4453));
#1975=EDGE_LOOP('',(#4454,#4455,#4456,#4457));
#1976=EDGE_LOOP('',(#4458,#4459,#4460,#4461,#4462));
#1977=EDGE_LOOP('',(#4463,#4464,#4465,#4466));
#1978=EDGE_LOOP('',(#4467,#4468,#4469,#4470,#4471));
#1979=EDGE_LOOP('',(#4472,#4473,#4474,#4475));
#1980=EDGE_LOOP('',(#4476,#4477,#4478,#4479,#4480,#4481,#4482,#4483));
#1981=EDGE_LOOP('',(#4484));
#1982=EDGE_LOOP('',(#4485));
#1983=EDGE_LOOP('',(#4486));
#1984=EDGE_LOOP('',(#4487,#4488,#4489,#4490,#4491,#4492,#4493,#4494,#4495,
#4496,#4497,#4498,#4499,#4500,#4501,#4502));
#1985=EDGE_LOOP('',(#4503,#4504,#4505,#4506,#4507,#4508,#4509,#4510,#4511,
#4512,#4513,#4514,#4515,#4516,#4517,#4518));
#1986=EDGE_LOOP('',(#4519,#4520,#4521,#4522,#4523,#4524,#4525,#4526,#4527,
#4528,#4529,#4530,#4531,#4532,#4533,#4534));
#1987=EDGE_LOOP('',(#4535,#4536,#4537,#4538,#4539,#4540,#4541,#4542,#4543,
#4544,#4545,#4546,#4547,#4548,#4549,#4550));
#1988=EDGE_LOOP('',(#4551,#4552,#4553,#4554,#4555,#4556,#4557,#4558,#4559,
#4560,#4561,#4562,#4563,#4564,#4565,#4566));
#1989=EDGE_LOOP('',(#4567,#4568,#4569,#4570,#4571,#4572,#4573,#4574,#4575,
#4576,#4577,#4578,#4579,#4580,#4581,#4582));
#1990=EDGE_LOOP('',(#4583,#4584,#4585,#4586,#4587,#4588,#4589,#4590,#4591,
#4592,#4593,#4594,#4595,#4596,#4597,#4598));
#1991=EDGE_LOOP('',(#4599,#4600,#4601,#4602,#4603,#4604,#4605,#4606,#4607,
#4608,#4609,#4610,#4611,#4612,#4613,#4614));
#1992=EDGE_LOOP('',(#4615,#4616,#4617,#4618,#4619,#4620,#4621,#4622,#4623,
#4624,#4625,#4626,#4627,#4628,#4629,#4630));
#1993=EDGE_LOOP('',(#4631,#4632,#4633,#4634,#4635,#4636,#4637,#4638,#4639,
#4640,#4641,#4642,#4643,#4644,#4645,#4646));
#1994=EDGE_LOOP('',(#4647));
#1995=EDGE_LOOP('',(#4648));
#1996=EDGE_LOOP('',(#4649));
#1997=EDGE_LOOP('',(#4650,#4651,#4652,#4653,#4654,#4655,#4656,#4657));
#1998=EDGE_LOOP('',(#4658,#4659,#4660,#4661,#4662));
#1999=EDGE_LOOP('',(#4663,#4664,#4665,#4666));
#2000=EDGE_LOOP('',(#4667,#4668,#4669,#4670));
#2001=EDGE_LOOP('',(#4671,#4672,#4673,#4674));
#2002=EDGE_LOOP('',(#4675,#4676,#4677,#4678));
#2003=EDGE_LOOP('',(#4679,#4680,#4681,#4682,#4683,#4684,#4685,#4686,#4687));
#2004=EDGE_LOOP('',(#4688,#4689,#4690,#4691));
#2005=EDGE_LOOP('',(#4692,#4693,#4694,#4695));
#2006=EDGE_LOOP('',(#4696,#4697,#4698,#4699));
#2007=EDGE_LOOP('',(#4700,#4701,#4702,#4703));
#2008=EDGE_LOOP('',(#4704,#4705,#4706,#4707,#4708));
#2009=EDGE_LOOP('',(#4709,#4710,#4711,#4712,#4713));
#2010=EDGE_LOOP('',(#4714,#4715,#4716,#4717,#4718));
#2011=EDGE_LOOP('',(#4719,#4720,#4721,#4722));
#2012=EDGE_LOOP('',(#4723,#4724,#4725,#4726));
#2013=EDGE_LOOP('',(#4727,#4728,#4729,#4730));
#2014=EDGE_LOOP('',(#4731,#4732,#4733,#4734));
#2015=EDGE_LOOP('',(#4735,#4736,#4737,#4738,#4739,#4740));
#2016=EDGE_LOOP('',(#4741,#4742,#4743,#4744,#4745));
#2017=EDGE_LOOP('',(#4746,#4747,#4748,#4749,#4750,#4751,#4752,#4753,#4754,
#4755,#4756,#4757,#4758));
#2018=EDGE_LOOP('',(#4759,#4760,#4761,#4762,#4763));
#2019=EDGE_LOOP('',(#4764,#4765,#4766,#4767,#4768));
#2020=EDGE_LOOP('',(#4769,#4770,#4771,#4772,#4773));
#2021=EDGE_LOOP('',(#4774,#4775,#4776,#4777,#4778));
#2022=EDGE_LOOP('',(#4779,#4780,#4781,#4782,#4783,#4784));
#2023=EDGE_LOOP('',(#4785,#4786,#4787,#4788));
#2024=EDGE_LOOP('',(#4789,#4790,#4791,#4792));
#2025=EDGE_LOOP('',(#4793,#4794,#4795,#4796));
#2026=EDGE_LOOP('',(#4797,#4798,#4799,#4800));
#2027=B_SPLINE_CURVE_WITH_KNOTS('',3,(#6862,#6863,#6864,#6865),
 .UNSPECIFIED.,.F.,.F.,(4,4),(0.6,1.09999999552966),.UNSPECIFIED.);
#2028=B_SPLINE_CURVE_WITH_KNOTS('',3,(#6868,#6869,#6870,#6871),
 .UNSPECIFIED.,.F.,.F.,(4,4),(-1.09999999552966,-0.6),.UNSPECIFIED.);
#2029=B_SPLINE_CURVE_WITH_KNOTS('',3,(#6911,#6912,#6913,#6914,#6915,#6916),
 .UNSPECIFIED.,.F.,.F.,(4,1,1,4),(-0.792541821492608,-0.622711431172763,
-0.509491170959533,-0.396270910746303),.UNSPECIFIED.);
#2030=B_SPLINE_CURVE_WITH_KNOTS('',3,(#6917,#6918,#6919,#6920,#6921,#6922),
 .UNSPECIFIED.,.F.,.F.,(4,1,1,4),(0.396270910746303,0.509491170959533,0.622711431172763,
0.792541821492608),.UNSPECIFIED.);
#2031=B_SPLINE_CURVE_WITH_KNOTS('',3,(#6962,#6963,#6964,#6965,#6966,#6967),
 .UNSPECIFIED.,.F.,.F.,(4,1,1,4),(-1.04506681086571E-14,0.113220260213222,
0.226440520426455,0.396270910746304),.UNSPECIFIED.);
#2032=B_SPLINE_CURVE_WITH_KNOTS('',3,(#6968,#6969,#6970,#6971,#6972,#6973),
 .UNSPECIFIED.,.F.,.F.,(4,1,1,4),(-0.396270910746304,-0.226440520426455,
-0.113220260213222,1.04506681086571E-14),.UNSPECIFIED.);
#2033=B_SPLINE_CURVE_WITH_KNOTS('',3,(#6977,#6978,#6979,#6980,#6981,#6982,
#6983,#6984,#6985,#6986),.UNSPECIFIED.,.F.,.F.,(4,2,2,2,4),(0.,0.103755941258367,
0.207511882516734,0.289407370905265,0.368329023966893),.UNSPECIFIED.);
#2034=B_SPLINE_CURVE_WITH_KNOTS('',3,(#6992,#6993,#6994,#6995,#6996,#6997,
#6998,#6999,#7000,#7001),.UNSPECIFIED.,.F.,.F.,(4,2,2,2,4),(1.06760743344151,
1.14652908650313,1.22842457489166,1.33218051615003,1.4359364574084),
 .UNSPECIFIED.);
#2035=B_SPLINE_CURVE_WITH_KNOTS('',3,(#7006,#7007,#7008,#7009,#7010,#7011,
#7012,#7013,#7014,#7015),.UNSPECIFIED.,.F.,.F.,(4,2,2,2,4),(1.01126604905323,
1.01970338381764,1.04002479062859,1.06034619743955,1.06878353220396),
 .UNSPECIFIED.);
#2036=B_SPLINE_CURVE_WITH_KNOTS('',3,(#7057,#7058,#7059,#7060,#7061,#7062,
#7063,#7064,#7065,#7066,#7067,#7068,#7069,#7070,#7071,#7072,#7073,#7074,
#7075,#7076,#7077,#7078,#7079,#7080,#7081,#7082,#7083,#7084,#7085,#7086,
#7087,#7088,#7089,#7090,#7091,#7092,#7093,#7094,#7095,#7096,#7097,#7098,
#7099,#7100,#7101,#7102,#7103,#7104,#7105,#7106,#7107,#7108,#7109,#7110,
#7111,#7112,#7113,#7114,#7115,#7116,#7117,#7118,#7119,#7120,#7121,#7122,
#7123,#7124,#7125,#7126,#7127,#7128,#7129,#7130,#7131,#7132,#7133,#7134,
#7135),.UNSPECIFIED.,.F.,.F.,(4,3,3,3,3,3,3,3,3,3,3,3,3,3,3,3,3,3,3,3,3,
3,3,3,3,3,4),(-2.04440071255657,-1.95416962725527,-1.86315275394074,-1.83392482923494,
-1.74331360027859,-1.65200815375397,-1.56043060406917,-1.4846435346375,
-1.39356840015282,-1.29896799539509,-1.2074301606997,-1.11654952170171,
-1.02710680205901,-1.0151667811219,-0.923411427706397,-0.917966544473079,
-0.827860153527768,-0.736259469426063,-0.644299735481864,-0.552619492748666,
-0.507494149577705,-0.415950927093856,-0.32386560098533,-0.232082927222792,
-0.141032518697339,-0.0516779228158817,0.),.UNSPECIFIED.);
#2037=B_SPLINE_CURVE_WITH_KNOTS('',3,(#7284,#7285,#7286,#7287,#7288,#7289,
#7290,#7291,#7292,#7293),.UNSPECIFIED.,.T.,.F.,(4,1,1,1,1,1,1,4),(-3.14159265358979,
-2.24399475256414,-1.34639685153848,-0.448798950512828,0.448798950512828,
1.34639685153848,2.24399475256414,3.14159265358979),.UNSPECIFIED.);
#2038=B_SPLINE_CURVE_WITH_KNOTS('',3,(#7296,#7297,#7298,#7299,#7300,#7301,
#7302,#7303,#7304,#7305),.UNSPECIFIED.,.T.,.F.,(4,1,1,1,1,1,1,4),(-3.14159265358979,
-2.24399475256414,-1.34639685153848,-0.448798950512828,0.448798950512828,
1.34639685153848,2.24399475256414,3.14159265358979),.UNSPECIFIED.);
#2039=B_SPLINE_CURVE_WITH_KNOTS('',3,(#7308,#7309,#7310,#7311,#7312,#7313,
#7314,#7315,#7316,#7317),.UNSPECIFIED.,.T.,.F.,(4,1,1,1,1,1,1,4),(-3.14159265358979,
-2.24399475256414,-1.34639685153848,-0.448798950512828,0.448798950512828,
1.34639685153848,2.24399475256414,3.14159265358979),.UNSPECIFIED.);
#2040=B_SPLINE_CURVE_WITH_KNOTS('',3,(#7320,#7321,#7322,#7323,#7324,#7325,
#7326,#7327,#7328,#7329),.UNSPECIFIED.,.T.,.F.,(4,1,1,1,1,1,1,4),(-3.14159265358979,
-2.24399475256414,-1.34639685153848,-0.448798950512828,0.448798950512828,
1.34639685153848,2.24399475256414,3.14159265358979),.UNSPECIFIED.);
#2041=B_SPLINE_CURVE_WITH_KNOTS('',3,(#7332,#7333,#7334,#7335,#7336,#7337,
#7338,#7339,#7340,#7341),.UNSPECIFIED.,.T.,.F.,(4,1,1,1,1,1,1,4),(-3.14159265358979,
-2.24399475256414,-1.34639685153848,-0.448798950512828,0.448798950512828,
1.34639685153848,2.24399475256414,3.14159265358979),.UNSPECIFIED.);
#2042=B_SPLINE_CURVE_WITH_KNOTS('',3,(#7344,#7345,#7346,#7347,#7348,#7349,
#7350,#7351,#7352,#7353),.UNSPECIFIED.,.T.,.F.,(4,1,1,1,1,1,1,4),(-3.14159265358979,
-2.24399475256414,-1.34639685153848,-0.448798950512828,0.448798950512828,
1.34639685153848,2.24399475256414,3.14159265358979),.UNSPECIFIED.);
#2043=B_SPLINE_CURVE_WITH_KNOTS('',3,(#7375,#7376,#7377,#7378,#7379,#7380,
#7381,#7382,#7383,#7384,#7385,#7386,#7387,#7388,#7389,#7390,#7391,#7392,
#7393,#7394,#7395,#7396,#7397,#7398,#7399,#7400,#7401,#7402,#7403,#7404,
#7405,#7406,#7407,#7408,#7409,#7410,#7411,#7412,#7413,#7414,#7415,#7416,
#7417,#7418,#7419,#7420,#7421,#7422,#7423,#7424,#7425,#7426,#7427,#7428,
#7429,#7430,#7431,#7432,#7433,#7434,#7435,#7436,#7437,#7438,#7439,#7440,
#7441,#7442,#7443,#7444,#7445,#7446,#7447,#7448,#7449,#7450,#7451,#7452,
#7453,#7454,#7455,#7456,#7457,#7458,#7459,#7460,#7461,#7462,#7463,#7464,
#7465,#7466,#7467,#7468,#7469,#7470,#7471,#7472,#7473,#7474,#7475,#7476,
#7477,#7478,#7479,#7480,#7481,#7482,#7483,#7484,#7485,#7486,#7487,#7488,
#7489,#7490,#7491,#7492,#7493,#7494,#7495,#7496,#7497,#7498,#7499,#7500,
#7501,#7502,#7503,#7504,#7505,#7506,#7507,#7508,#7509,#7510,#7511,#7512,
#7513,#7514,#7515,#7516,#7517,#7518,#7519,#7520,#7521,#7522,#7523,#7524,
#7525,#7526,#7527,#7528,#7529,#7530,#7531,#7532,#7533,#7534,#7535,#7536,
#7537,#7538,#7539,#7540,#7541,#7542,#7543),.UNSPECIFIED.,.T.,.F.,(4,3,3,
3,3,3,3,3,3,3,3,3,3,3,3,3,3,3,3,3,3,3,3,3,3,3,3,3,3,3,3,3,3,3,3,3,3,3,3,
3,3,3,3,3,3,3,3,3,3,3,3,3,3,3,3,3,4),(-0.587534745899652,-0.585943652861298,
-0.572852584088302,-0.559388562558829,-0.546886617652202,-0.533434395197035,
-0.520149953524818,-0.507827177061749,-0.497519542923641,-0.48434024101333,
-0.470882975930107,-0.468763539448481,-0.455383836734446,-0.441980670169428,
-0.429696330996285,-0.416305489166845,-0.407456270159411,-0.394059540399975,
-0.39062822318892,-0.377344590522187,-0.363888477508799,-0.351562406726647,
-0.338096160704997,-0.324929656610276,-0.317409880563593,-0.312500763237631,
-0.299389246484966,-0.285919473833764,-0.27344276680264,-0.259981318175556,
-0.246712105458703,-0.23438577583732,-0.227404534247797,-0.214239826282599,
-0.200777732304218,-0.19532656855593,-0.181912143600971,-0.168554169722441,
-0.156263213431378,-0.142888397410794,-0.137353484200525,-0.123976608854642,
-0.117196168972556,-0.103904123813475,-0.0904510355926318,-0.0781280081558753,
-0.0646624544677241,-0.0514576168737483,-0.0472928171165178,-0.0390619458370812,
-0.0258794025505229,-0.0124093695224728,0.,0.0134047043947993,0.0221144608585916,
0.0353630387723804,0.0426369568702057),.UNSPECIFIED.);
#2044=B_SPLINE_CURVE_WITH_KNOTS('',1,(#7544,#7545),.UNSPECIFIED.,.F.,.F.,
(2,2),(-7.11359378363419,0.),.UNSPECIFIED.);
#2045=B_SPLINE_CURVE_WITH_KNOTS('',3,(#7567,#7568,#7569,#7570,#7571,#7572,
#7573,#7574,#7575,#7576,#7577,#7578,#7579,#7580,#7581,#7582,#7583,#7584,
#7585,#7586,#7587,#7588,#7589,#7590,#7591,#7592,#7593,#7594,#7595,#7596,
#7597,#7598,#7599,#7600,#7601,#7602,#7603,#7604,#7605,#7606,#7607,#7608,
#7609,#7610,#7611,#7612,#7613,#7614,#7615,#7616,#7617,#7618,#7619,#7620,
#7621,#7622,#7623,#7624,#7625,#7626,#7627,#7628,#7629,#7630,#7631,#7632,
#7633,#7634,#7635,#7636,#7637,#7638,#7639,#7640,#7641,#7642,#7643,#7644,
#7645,#7646,#7647,#7648,#7649,#7650,#7651,#7652,#7653,#7654,#7655,#7656,
#7657,#7658,#7659,#7660,#7661,#7662,#7663,#7664,#7665,#7666,#7667,#7668,
#7669,#7670,#7671,#7672,#7673,#7674,#7675,#7676,#7677,#7678,#7679,#7680,
#7681,#7682,#7683,#7684,#7685,#7686,#7687,#7688,#7689,#7690,#7691,#7692,
#7693,#7694,#7695,#7696,#7697,#7698,#7699,#7700,#7701,#7702,#7703,#7704,
#7705,#7706,#7707,#7708,#7709,#7710,#7711,#7712,#7713,#7714,#7715,#7716,
#7717,#7718,#7719,#7720,#7721,#7722,#7723,#7724,#7725,#7726,#7727,#7728,
#7729,#7730,#7731,#7732,#7733,#7734,#7735),.UNSPECIFIED.,.T.,.F.,(4,3,3,
3,3,3,3,3,3,3,3,3,3,3,3,3,3,3,3,3,3,3,3,3,3,3,3,3,3,3,3,3,3,3,3,3,3,3,3,
3,3,3,3,3,3,3,3,3,3,3,3,3,3,3,3,3,4),(-0.587610455158855,-0.585944602245638,
-0.572856719958981,-0.559393564195963,-0.54689097143595,-0.533439666212771,
-0.520156749353615,-0.507837660107492,-0.497595552850212,-0.48441842869577,
-0.470961379433748,-0.468779245494406,-0.455400124584486,-0.441994950780885,
-0.429713232987865,-0.416319706207806,-0.407532360220642,-0.394132495935935,
-0.390641496143828,-0.37735282836887,-0.363897220829395,-0.351569221828954,
-0.338102651786794,-0.324939535985856,-0.317485717444239,-0.312501917965035,
-0.299393360281722,-0.285923688888636,-0.273442212870349,-0.25998103583329,
-0.246708932637792,-0.234388341288073,-0.227480431693448,-0.214312360599555,
-0.200849023794213,-0.19533518649078,-0.181918043458086,-0.168562645745058,
-0.156277230791701,-0.142904053003395,-0.137429580394027,-0.124054882413998,
-0.117211710824289,-0.103921718358553,-0.0904678680043538,-0.0781402115651481,
-0.0646744221627188,-0.0514658605628456,-0.0473687647915168,-0.0390677758775245,
-0.025880877574109,-0.0124109122558066,0.,0.0134028472238466,0.0221148417906917,
0.0353606356136116,0.0425612525830094),.UNSPECIFIED.);
#2046=B_SPLINE_CURVE_WITH_KNOTS('',1,(#7736,#7737),.UNSPECIFIED.,.F.,.F.,
(2,2),(-2.00814276246421,0.),.UNSPECIFIED.);
#2047=B_SPLINE_CURVE_WITH_KNOTS('',3,(#7759,#7760,#7761,#7762,#7763,#7764,
#7765,#7766,#7767,#7768,#7769,#7770,#7771,#7772,#7773,#7774,#7775,#7776,
#7777,#7778,#7779,#7780,#7781,#7782,#7783,#7784,#7785,#7786,#7787,#7788,
#7789,#7790,#7791,#7792,#7793,#7794,#7795,#7796,#7797,#7798,#7799,#7800,
#7801,#7802,#7803,#7804,#7805,#7806,#7807,#7808,#7809,#7810,#7811,#7812,
#7813,#7814,#7815,#7816,#7817,#7818,#7819,#7820,#7821,#7822,#7823,#7824,
#7825,#7826,#7827,#7828,#7829,#7830,#7831,#7832,#7833,#7834,#7835,#7836,
#7837,#7838,#7839,#7840,#7841,#7842,#7843,#7844,#7845,#7846,#7847,#7848,
#7849,#7850,#7851,#7852,#7853,#7854,#7855,#7856,#7857,#7858,#7859,#7860,
#7861,#7862,#7863,#7864,#7865,#7866,#7867,#7868,#7869,#7870,#7871,#7872,
#7873,#7874,#7875,#7876,#7877,#7878,#7879,#7880,#7881,#7882,#7883,#7884,
#7885,#7886,#7887,#7888,#7889,#7890,#7891,#7892,#7893,#7894,#7895,#7896,
#7897,#7898,#7899,#7900,#7901,#7902,#7903,#7904,#7905,#7906,#7907,#7908,
#7909,#7910,#7911,#7912,#7913,#7914,#7915,#7916,#7917,#7918,#7919,#7920,
#7921,#7922,#7923,#7924,#7925,#7926,#7927),.UNSPECIFIED.,.T.,.F.,(4,3,3,
3,3,3,3,3,3,3,3,3,3,3,3,3,3,3,3,3,3,3,3,3,3,3,3,3,3,3,3,3,3,3,3,3,3,3,3,
3,3,3,3,3,3,3,3,3,3,3,3,3,3,3,3,3,4),(-0.587610455159014,-0.585944602245794,
-0.572860101153099,-0.559398378165881,-0.546890971436128,-0.533441180778126,
-0.520158217057601,-0.507837660107686,-0.497595552850397,-0.484418270458861,
-0.470960661917154,-0.468779245494556,-0.455399850685289,-0.441993239619422,
-0.429713232988022,-0.416318215677926,-0.407532360220812,-0.394131145158813,
-0.390641496144012,-0.377350902145616,-0.363895474605335,-0.351569221829141,
-0.338102547005955,-0.324940973041293,-0.317485717444375,-0.312501917965153,
-0.299394988290777,-0.285925190452056,-0.273442212870457,-0.259981004180621,
-0.246706984165517,-0.23438834128818,-0.227480431693543,-0.214310216078192,
-0.200846097205951,-0.195335186490808,-0.181916786558977,-0.168562041236811,
-0.156277230791656,-0.142904575142907,-0.137429580393963,-0.124055829510265,
-0.117211710824197,-0.103922855134339,-0.0904687135026604,-0.0781402115650463,
-0.064674455015107,-0.0514643522342732,-0.0473687647914595,-0.0390677758774883,
-0.0258792324631767,-0.0124094102890448,0.,0.0134017489700003,0.0221148417906666,
0.0353582334867662,0.0425612525829677),.UNSPECIFIED.);
#2048=B_SPLINE_CURVE_WITH_KNOTS('',1,(#7928,#7929),.UNSPECIFIED.,.F.,.F.,
(2,2),(-2.00814276246421,0.),.UNSPECIFIED.);
#2049=B_SPLINE_CURVE_WITH_KNOTS('',3,(#7951,#7952,#7953,#7954,#7955,#7956,
#7957,#7958,#7959,#7960,#7961,#7962,#7963,#7964,#7965,#7966,#7967,#7968,
#7969,#7970,#7971,#7972,#7973,#7974,#7975,#7976,#7977,#7978,#7979,#7980,
#7981,#7982,#7983,#7984,#7985,#7986,#7987,#7988,#7989,#7990,#7991,#7992,
#7993,#7994,#7995,#7996,#7997,#7998,#7999,#8000,#8001,#8002,#8003,#8004,
#8005,#8006,#8007,#8008,#8009,#8010,#8011,#8012,#8013,#8014,#8015,#8016,
#8017,#8018,#8019,#8020,#8021,#8022,#8023,#8024,#8025,#8026,#8027,#8028,
#8029,#8030,#8031,#8032,#8033,#8034,#8035,#8036,#8037,#8038,#8039,#8040,
#8041,#8042,#8043,#8044,#8045,#8046,#8047,#8048,#8049,#8050,#8051,#8052,
#8053,#8054,#8055,#8056,#8057,#8058,#8059,#8060,#8061,#8062,#8063,#8064,
#8065,#8066,#8067,#8068,#8069,#8070,#8071,#8072,#8073,#8074,#8075,#8076,
#8077,#8078,#8079,#8080,#8081,#8082,#8083,#8084,#8085,#8086,#8087,#8088,
#8089,#8090,#8091,#8092,#8093,#8094,#8095,#8096,#8097,#8098,#8099,#8100,
#8101,#8102,#8103,#8104,#8105,#8106,#8107,#8108,#8109,#8110,#8111,#8112,
#8113,#8114,#8115,#8116,#8117,#8118,#8119),.UNSPECIFIED.,.T.,.F.,(4,3,3,
3,3,3,3,3,3,3,3,3,3,3,3,3,3,3,3,3,3,3,3,3,3,3,3,3,3,3,3,3,3,3,3,3,3,3,3,
3,3,3,3,3,3,3,3,3,3,3,3,3,3,3,3,3,4),(-0.587534745898037,-0.585943652859685,
-0.572859573301051,-0.559397736191401,-0.546886617650695,-0.533436731217072,
-0.520153055717167,-0.507827177060339,-0.497519542922272,-0.484341590904904,
-0.470884123855596,-0.468763539447227,-0.455384746100021,-0.441977942018543,
-0.429696330995194,-0.416301650379777,-0.407456270158401,-0.394055218955767,
-0.390628223187956,-0.37733858239196,-0.363882900826185,-0.351562406725808,
-0.338095685769305,-0.324934270275334,-0.317409880562865,-0.312500763236911,
-0.299394662281992,-0.285925063362196,-0.273442766801998,-0.259981780269408,
-0.246707158002149,-0.234385775836785,-0.227404534247298,-0.214233680217279,
-0.200769657822951,-0.195326568555555,-0.181908724482005,-0.168553304856498,
-0.156263213431096,-0.142890556999997,-0.137353484200293,-0.123979513055745,
-0.117196168972359,-0.103907833329045,-0.090453477722214,-0.0781280081557584,
-0.0646621872685286,-0.0514525944390219,-0.0472928171164681,-0.0390619458370502,
-0.0258744946190332,-0.0124046649634934,0.,0.0134023102110205,0.0221144608586181,
0.035357967269262,0.0426369568701996),.UNSPECIFIED.);
#2050=B_SPLINE_CURVE_WITH_KNOTS('',1,(#8120,#8121),.UNSPECIFIED.,.F.,.F.,
(2,2),(-7.11359378363419,0.),.UNSPECIFIED.);
#2051=B_SPLINE_CURVE_WITH_KNOTS('',3,(#8143,#8144,#8145,#8146,#8147,#8148,
#8149,#8150,#8151,#8152,#8153,#8154,#8155,#8156,#8157,#8158,#8159,#8160,
#8161,#8162,#8163,#8164,#8165,#8166,#8167,#8168,#8169,#8170,#8171,#8172,
#8173,#8174,#8175,#8176,#8177,#8178,#8179,#8180,#8181,#8182,#8183,#8184,
#8185,#8186,#8187,#8188,#8189,#8190,#8191,#8192,#8193,#8194,#8195,#8196,
#8197,#8198,#8199,#8200,#8201,#8202,#8203,#8204,#8205,#8206,#8207,#8208,
#8209,#8210,#8211,#8212,#8213,#8214,#8215,#8216,#8217,#8218,#8219,#8220,
#8221,#8222,#8223,#8224,#8225,#8226,#8227,#8228,#8229,#8230,#8231,#8232,
#8233,#8234,#8235,#8236,#8237,#8238,#8239,#8240,#8241,#8242,#8243,#8244,
#8245,#8246,#8247,#8248,#8249,#8250,#8251,#8252,#8253,#8254,#8255,#8256,
#8257,#8258,#8259,#8260,#8261,#8262,#8263,#8264,#8265,#8266,#8267,#8268,
#8269,#8270,#8271,#8272,#8273,#8274,#8275,#8276,#8277,#8278,#8279,#8280,
#8281,#8282,#8283,#8284,#8285,#8286,#8287,#8288,#8289,#8290,#8291,#8292,
#8293,#8294,#8295,#8296,#8297,#8298,#8299,#8300,#8301,#8302,#8303,#8304,
#8305,#8306,#8307,#8308,#8309,#8310,#8311),.UNSPECIFIED.,.T.,.F.,(4,3,3,
3,3,3,3,3,3,3,3,3,3,3,3,3,3,3,3,3,3,3,3,3,3,3,3,3,3,3,3,3,3,3,3,3,3,3,3,
3,3,3,3,3,3,3,3,3,3,3,3,3,3,3,3,3,4),(-0.587031116610459,-0.585943825941998,
-0.572862625104425,-0.559400608956281,-0.546887599151556,-0.53343773146928,
-0.520148371014705,-0.507829664257995,-0.497014223127892,-0.483830016573671,
-0.470373144298861,-0.468767337670696,-0.45539259056335,-0.441984162872286,
-0.429700464041835,-0.416308452427089,-0.406950502229614,-0.393551157527951,
-0.390631496558163,-0.377350353413114,-0.363892648702927,-0.351564097735804,
-0.338097041916521,-0.324935319496256,-0.316905426642383,-0.312501037646245,
-0.299399446233878,-0.285931095259998,-0.273442581404832,-0.259982996453512,
-0.246705511711087,-0.234386327140761,-0.226899643919632,-0.213725710889722,
-0.200262907162654,-0.195328604399294,-0.181915696322734,-0.168554658359149,
-0.156266601888571,-0.14289361506724,-0.136847659111537,-0.123471633509955,
-0.117199972576883,-0.103915474586589,-0.0904597151329395,-0.0781310246146633,
-0.0646648014500086,-0.0514594352850569,-0.0467878188754546,-0.0390634026513888,
-0.025884770950099,-0.0124149333907312,0.,0.0134061205484068,0.0221145975550583,
0.0353589857892308,0.0431405938346574),.UNSPECIFIED.);
#2052=B_SPLINE_CURVE_WITH_KNOTS('',1,(#8312,#8313),.UNSPECIFIED.,.F.,.F.,
(2,2),(-4.56086827304921,0.),.UNSPECIFIED.);
#2053=B_SPLINE_CURVE_WITH_KNOTS('',3,(#8335,#8336,#8337,#8338,#8339,#8340,
#8341,#8342,#8343,#8344,#8345,#8346,#8347,#8348,#8349,#8350,#8351,#8352,
#8353,#8354,#8355,#8356,#8357,#8358,#8359,#8360,#8361,#8362,#8363,#8364,
#8365,#8366,#8367,#8368,#8369,#8370,#8371,#8372,#8373,#8374,#8375,#8376,
#8377,#8378,#8379,#8380,#8381,#8382,#8383,#8384,#8385,#8386,#8387,#8388,
#8389,#8390,#8391,#8392,#8393,#8394,#8395,#8396,#8397,#8398,#8399,#8400,
#8401,#8402,#8403,#8404,#8405,#8406,#8407,#8408,#8409,#8410,#8411,#8412,
#8413,#8414,#8415,#8416,#8417,#8418,#8419,#8420,#8421,#8422,#8423,#8424,
#8425,#8426,#8427,#8428,#8429,#8430,#8431,#8432,#8433,#8434,#8435,#8436,
#8437,#8438,#8439,#8440,#8441,#8442,#8443,#8444,#8445,#8446,#8447,#8448,
#8449,#8450,#8451,#8452,#8453,#8454,#8455,#8456,#8457,#8458,#8459,#8460,
#8461,#8462,#8463,#8464,#8465,#8466,#8467,#8468,#8469,#8470,#8471,#8472,
#8473,#8474,#8475,#8476,#8477,#8478,#8479,#8480,#8481,#8482,#8483,#8484,
#8485,#8486,#8487,#8488,#8489,#8490,#8491,#8492,#8493,#8494,#8495,#8496,
#8497,#8498,#8499,#8500,#8501,#8502,#8503),.UNSPECIFIED.,.T.,.F.,(4,3,3,
3,3,3,3,3,3,3,3,3,3,3,3,3,3,3,3,3,3,3,3,3,3,3,3,3,3,3,3,3,3,3,3,3,3,3,3,
3,3,3,3,3,3,3,3,3,3,3,3,3,3,3,3,3,4),(-0.587031116609298,-0.585943825940841,
-0.572867169134751,-0.559406922366782,-0.546887599150531,-0.533439604507102,
-0.520150400170855,-0.507829664257067,-0.497014223126981,-0.483830211503661,
-0.470372806600243,-0.468767337669835,-0.455392585443217,-0.441982115429181,
-0.429700464041067,-0.416306273472235,-0.406950502228897,-0.393549016810906,
-0.390631496557468,-0.377347284556165,-0.363889788837529,-0.351564097735235,
-0.338096828794569,-0.324937596317164,-0.316905426641975,-0.312501037645854,
-0.299402100089055,-0.285933689643187,-0.273442581404559,-0.259983084401981,
-0.246702669603156,-0.234386327140557,-0.226899643919432,-0.213722402525728,
-0.200258446199445,-0.195328604399148,-0.181913735566387,-0.168553792004306,
-0.156266601888467,-0.142894546903856,-0.136847659111435,-0.123473113199305,
-0.117199972576783,-0.103917324972409,-0.0904610541606441,-0.0781310246145901,
-0.064664778193525,-0.0514569462706227,-0.0467878188754347,-0.0390634026513663,
-0.0258821668410991,-0.0124124477517836,0.,0.0134046516087826,0.0221145975551452,
0.0353556808713264,0.0431405938347413),.UNSPECIFIED.);
#2054=B_SPLINE_CURVE_WITH_KNOTS('',1,(#8504,#8505),.UNSPECIFIED.,.F.,.F.,
(2,2),(-4.56086827304921,0.),.UNSPECIFIED.);
#2055=B_SPLINE_CURVE_WITH_KNOTS('',3,(#8793,#8794,#8795,#8796,#8797,#8798,
#8799,#8800,#8801,#8802,#8803,#8804,#8805,#8806,#8807,#8808,#8809,#8810,
#8811,#8812,#8813,#8814,#8815,#8816,#8817,#8818,#8819,#8820,#8821,#8822,
#8823,#8824,#8825,#8826,#8827,#8828,#8829,#8830,#8831,#8832,#8833,#8834,
#8835,#8836,#8837,#8838,#8839,#8840,#8841,#8842,#8843,#8844,#8845,#8846,
#8847,#8848,#8849,#8850,#8851,#8852,#8853,#8854,#8855,#8856,#8857,#8858,
#8859,#8860,#8861,#8862,#8863,#8864,#8865,#8866,#8867,#8868,#8869,#8870,
#8871,#8872,#8873,#8874,#8875,#8876,#8877,#8878,#8879,#8880,#8881,#8882,
#8883,#8884,#8885,#8886,#8887,#8888,#8889,#8890,#8891,#8892,#8893,#8894,
#8895,#8896,#8897,#8898,#8899,#8900,#8901,#8902,#8903,#8904,#8905,#8906,
#8907,#8908,#8909,#8910,#8911,#8912,#8913,#8914,#8915,#8916,#8917,#8918,
#8919,#8920,#8921,#8922,#8923,#8924,#8925,#8926,#8927,#8928,#8929,#8930,
#8931,#8932,#8933,#8934,#8935,#8936,#8937,#8938,#8939,#8940,#8941,#8942,
#8943,#8944,#8945,#8946,#8947,#8948,#8949,#8950,#8951,#8952,#8953,#8954,
#8955,#8956,#8957,#8958,#8959,#8960,#8961,#8962,#8963,#8964,#8965,#8966,
#8967,#8968,#8969,#8970,#8971,#8972,#8973,#8974,#8975,#8976,#8977,#8978,
#8979,#8980,#8981,#8982,#8983,#8984,#8985,#8986,#8987,#8988,#8989,#8990,
#8991,#8992,#8993,#8994,#8995,#8996,#8997,#8998,#8999,#9000,#9001,#9002,
#9003,#9004,#9005,#9006,#9007,#9008,#9009,#9010,#9011,#9012,#9013,#9014,
#9015,#9016,#9017,#9018,#9019,#9020,#9021,#9022,#9023,#9024,#9025,#9026,
#9027,#9028,#9029,#9030,#9031,#9032,#9033,#9034,#9035,#9036,#9037,#9038,
#9039),.UNSPECIFIED.,.T.,.F.,(4,3,3,3,3,3,3,3,3,3,3,3,3,3,3,3,3,3,3,3,3,
3,3,3,3,3,3,3,3,3,3,3,3,3,3,3,3,3,3,3,3,3,3,3,3,3,3,3,3,3,3,3,3,3,3,3,3,
3,3,3,3,3,3,3,3,3,3,3,3,3,3,3,3,3,3,3,3,3,3,3,3,3,4),(-0.317649688552569,
-0.278263732286745,-0.239829745394238,-0.199967804441755,-0.160105863489273,
-0.121579202621368,-0.0831652137620138,-0.0680091561334305,-0.0294481248575262,
0.,0.0382598694114309,0.0769903157140545,0.0905166005207798,0.129251223309013,
0.167933039743824,0.181101040427897,0.219993709674594,0.258670553123796,
0.296483047522794,0.321354228333296,0.341144731880554,0.378529942486846,
0.417021360652172,0.455872534145305,0.494689530202663,0.501336920678313,
0.54142677851937,0.58027103196039,0.618813608529933,0.656524677140566,0.661696352042541,
0.700264856991732,0.709697439277481,0.747662516934412,0.786340179472716,
0.822145011315498,0.860201645570577,0.898941617304334,0.937668557408137,
0.97584569834223,0.98255365074927,1.02125430705691,1.06118830489148,1.09886035194566,
1.10112230272604,1.13963888565796,1.14281657606784,1.18037025275579,1.2189163489715,
1.25771230347752,1.29630538540229,1.30291194650663,1.34291250402843,1.38166428620261,
1.42000016798517,1.4574057855611,1.46291417659384,1.48780314968708,1.52578340508358,
1.56432669020794,1.6032207045009,1.62295158533595,1.66299685930738,1.70193806099497,
1.74253537110832,1.78065773405156,1.78313268122168,1.82193121136141,1.86026725949816,
1.87684298259853,1.91542931437583,1.9434830067445,1.98117046339692,2.01979413163356,
2.05860987170935,2.09713590471798,2.10393015354082,2.14403413542217,2.18259679650059,
2.22068809267889,2.25780682164378,2.26434608106624,2.26707739141822),
 .UNSPECIFIED.);
#2056=B_SPLINE_CURVE_WITH_KNOTS('',3,(#9111,#9112,#9113,#9114,#9115,#9116,
#9117,#9118,#9119,#9120,#9121),.UNSPECIFIED.,.F.,.F.,(4,1,1,1,1,1,2,4),
(-0.0440792069797791,-0.0418752466307902,-0.0396712862818012,-0.0352633655838233,
-0.0264475241878675,-0.0176316827919117,0.,0.00744622507563445),
 .UNSPECIFIED.);
#2057=B_SPLINE_CURVE_WITH_KNOTS('',3,(#9122,#9123,#9124,#9125,#9126,#9127,
#9128,#9129,#9130,#9131,#9132),.UNSPECIFIED.,.F.,.F.,(4,2,1,1,1,1,1,4),
(-0.00744622507563445,0.,0.0176316827919117,0.0264475241878675,0.0352633655838233,
0.0396712862818012,0.0418752466307902,0.0440792069797791),.UNSPECIFIED.);
#2058=B_SPLINE_CURVE_WITH_KNOTS('',3,(#9161,#9162,#9163,#9164,#9165,#9166),
 .UNSPECIFIED.,.F.,.F.,(4,2,4),(-0.0463092904353855,0.,0.000204302334267712),
 .UNSPECIFIED.);
#2059=B_SPLINE_CURVE_WITH_KNOTS('',3,(#9167,#9168,#9169,#9170,#9171,#9172),
 .UNSPECIFIED.,.F.,.F.,(4,2,4),(-0.000204302334267712,0.,0.0463092904353855),
 .UNSPECIFIED.);
#2060=B_SPLINE_CURVE_WITH_KNOTS('',3,(#9198,#9199,#9200,#9201,#9202),
 .UNSPECIFIED.,.F.,.F.,(4,1,4),(-0.104218813748607,-0.0521094068743036,
0.),.UNSPECIFIED.);
#2061=B_SPLINE_CURVE_WITH_KNOTS('',3,(#9203,#9204,#9205,#9206,#9207),
 .UNSPECIFIED.,.F.,.F.,(4,1,4),(0.,0.0521094068743036,0.104218813748607),
 .UNSPECIFIED.);
#2062=B_SPLINE_CURVE_WITH_KNOTS('',3,(#9265,#9266,#9267,#9268,#9269,#9270,
#9271),.UNSPECIFIED.,.F.,.F.,(4,1,1,1,4),(1.94730417307694E-7,0.0501443768988804,
0.0835739615014325,0.100288753802709,0.117003546103985),.UNSPECIFIED.);
#2063=B_SPLINE_CURVE_WITH_KNOTS('',3,(#9273,#9274,#9275,#9276,#9277,#9278,
#9279),.UNSPECIFIED.,.F.,.F.,(4,1,1,1,4),(-0.117003546103985,-0.100288753802709,
-0.0835739615014325,-0.0501443768988804,-1.01269152752062E-6),
 .UNSPECIFIED.);
#2064=B_SPLINE_CURVE_WITH_KNOTS('',1,(#9309,#9310),.UNSPECIFIED.,.F.,.F.,
(2,2),(-1.90852516146283,0.),.UNSPECIFIED.);
#2065=B_SPLINE_CURVE_WITH_KNOTS('',1,(#9331,#9332),.UNSPECIFIED.,.F.,.F.,
(2,2),(-0.538770009441617,0.),.UNSPECIFIED.);
#2066=B_SPLINE_CURVE_WITH_KNOTS('',1,(#9353,#9354),.UNSPECIFIED.,.F.,.F.,
(2,2),(-0.538770009441617,0.),.UNSPECIFIED.);
#2067=B_SPLINE_CURVE_WITH_KNOTS('',1,(#9995,#9996),.UNSPECIFIED.,.F.,.F.,
(2,2),(-1.90852516146283,0.),.UNSPECIFIED.);
#2068=B_SPLINE_CURVE_WITH_KNOTS('',1,(#10017,#10018),.UNSPECIFIED.,.F.,
 .F.,(2,2),(-1.22364758545222,0.),.UNSPECIFIED.);
#2069=B_SPLINE_CURVE_WITH_KNOTS('',3,(#10066,#10067,#10068,#10069,#10070,
#10071,#10072,#10073,#10074,#10075,#10076,#10077,#10078,#10079,#10080,#10081,
#10082,#10083,#10084,#10085,#10086,#10087),.UNSPECIFIED.,.T.,.F.,(4,3,3,
3,3,3,3,4),(-3.14159265358979,-2.53537500281414,-1.58766940103669,-0.643084203900486,
0.307286091360655,1.24734057541701,2.19353606586041,3.14159265358979),
 .UNSPECIFIED.);
#2070=B_SPLINE_CURVE_WITH_KNOTS('',3,(#10135,#10136,#10137,#10138),
 .UNSPECIFIED.,.F.,.F.,(4,4),(0.533822808224736,0.573914379546199),
 .UNSPECIFIED.);
#2071=B_SPLINE_CURVE_WITH_KNOTS('',3,(#10169,#10170,#10171,#10172,#10173,
#10174,#10175),.UNSPECIFIED.,.F.,.F.,(4,2,1,4),(-0.00248181786398112,0.,
0.038510282101026,0.0641838035017101),.UNSPECIFIED.);
#2072=B_SPLINE_CURVE_WITH_KNOTS('',3,(#10295,#10296,#10297,#10298,#10299,
#10300,#10301,#10302,#10303,#10304,#10305),.UNSPECIFIED.,.F.,.F.,(4,1,1,
1,1,1,2,4),(0.192212845766539,0.205528229106132,0.218843612445726,0.232158995785319,
0.238816687455116,0.245474379124913,0.258789762464507,0.259072612478042),
 .UNSPECIFIED.);
#2073=B_SPLINE_CURVE_WITH_KNOTS('',3,(#10356,#10357,#10358,#10359,#10360,
#10361,#10362,#10363,#10364,#10365),.UNSPECIFIED.,.F.,.F.,(4,3,3,4),(0.00317018067903274,
0.164637978007797,0.866720887263961,1.57079632514651),.UNSPECIFIED.);
#2074=B_SPLINE_CURVE_WITH_KNOTS('',3,(#10386,#10387,#10388,#10389,#10390,
#10391),.UNSPECIFIED.,.F.,.F.,(4,2,4),(-2.00164643852132,-1.00082321926066,
-0.561735433598767),.UNSPECIFIED.);
#2075=CIRCLE('',#5115,2.35);
#2076=CIRCLE('',#5116,2.35);
#2077=CIRCLE('',#5117,2.35);
#2078=CIRCLE('',#5118,2.35);
#2079=CIRCLE('',#5120,2.85);
#2080=CIRCLE('',#5121,0.499999999999998);
#2081=CIRCLE('',#5123,0.499999999999998);
#2082=CIRCLE('',#5124,2.85);
#2083=CIRCLE('',#5125,2.85);
#2084=CIRCLE('',#5127,0.500000000000002);
#2085=CIRCLE('',#5129,1.);
#2086=CIRCLE('',#5130,0.900000000000002);
#2087=CIRCLE('',#5132,0.5);
#2088=CIRCLE('',#5134,0.5);
#2089=CIRCLE('',#5139,3.00000000013262);
#2090=CIRCLE('',#5140,3.00000000000002);
#2091=CIRCLE('',#5141,3.00000000000004);
#2092=CIRCLE('',#5142,3.);
#2093=CIRCLE('',#5143,3.);
#2094=CIRCLE('',#5144,3.);
#2095=CIRCLE('',#5154,1.6);
#2096=CIRCLE('',#5155,1.1);
#2097=CIRCLE('',#5157,1.6);
#2098=CIRCLE('',#5160,1.6);
#2099=CIRCLE('',#5161,1.1);
#2100=CIRCLE('',#5163,1.6);
#2101=CIRCLE('',#5166,1.6);
#2102=CIRCLE('',#5167,1.1);
#2103=CIRCLE('',#5169,1.6);
#2104=CIRCLE('',#5172,1.6);
#2105=CIRCLE('',#5173,1.1);
#2106=CIRCLE('',#5175,1.6);
#2107=CIRCLE('',#5178,1.6);
#2108=CIRCLE('',#5179,1.1);
#2109=CIRCLE('',#5181,1.6);
#2110=CIRCLE('',#5184,1.6);
#2111=CIRCLE('',#5185,1.1);
#2112=CIRCLE('',#5187,1.6);
#2113=CIRCLE('',#5190,1.6);
#2114=CIRCLE('',#5191,1.1);
#2115=CIRCLE('',#5193,1.6);
#2116=CIRCLE('',#5222,0.500000000000002);
#2117=CIRCLE('',#5223,0.5);
#2118=CIRCLE('',#5224,0.500000000000001);
#2119=CIRCLE('',#5225,0.5);
#2120=CIRCLE('',#5229,3.);
#2121=CIRCLE('',#5231,0.500000000000003);
#2122=CIRCLE('',#5233,0.4);
#2123=CIRCLE('',#5247,6.);
#2124=CIRCLE('',#5249,6.);
#2125=CIRCLE('',#5253,6.);
#2126=CIRCLE('',#5267,6.);
#2127=CIRCLE('',#5269,6.);
#2128=CIRCLE('',#5273,6.);
#2129=CIRCLE('',#5287,6.);
#2130=CIRCLE('',#5289,6.);
#2131=CIRCLE('',#5293,6.);
#2132=CIRCLE('',#5307,6.);
#2133=CIRCLE('',#5309,6.);
#2134=CIRCLE('',#5313,6.);
#2135=CIRCLE('',#5327,6.);
#2136=CIRCLE('',#5329,6.);
#2137=CIRCLE('',#5333,6.);
#2138=CIRCLE('',#5347,6.);
#2139=CIRCLE('',#5349,6.);
#2140=CIRCLE('',#5353,6.);
#2141=CIRCLE('',#5367,6.);
#2142=CIRCLE('',#5369,6.);
#2143=CIRCLE('',#5373,6.);
#2144=CIRCLE('',#5387,6.);
#2145=CIRCLE('',#5389,6.);
#2146=CIRCLE('',#5393,6.);
#2147=CIRCLE('',#5407,6.);
#2148=CIRCLE('',#5409,6.);
#2149=CIRCLE('',#5413,6.);
#2150=CIRCLE('',#5427,6.);
#2151=CIRCLE('',#5429,6.);
#2152=CIRCLE('',#5433,6.);
#2153=CIRCLE('',#5442,0.5);
#2154=CIRCLE('',#5443,0.5);
#2155=CIRCLE('',#5445,0.500000000000027);
#2156=CIRCLE('',#5446,1.);
#2157=CIRCLE('',#5447,0.5);
#2158=CIRCLE('',#5449,0.400000000000001);
#2159=CIRCLE('',#5450,0.400000000000009);
#2160=CIRCLE('',#5454,3.);
#2161=CIRCLE('',#5456,3.);
#2162=CIRCLE('',#5457,3.00000000000004);
#2163=CIRCLE('',#5458,3.00000000000002);
#2164=CIRCLE('',#5461,3.);
#2165=CIRCLE('',#5471,0.4);
#2166=CIRCLE('',#5472,0.5);
#2167=CIRCLE('',#5473,1.);
#2168=CIRCLE('',#5474,0.5);
#2169=CIRCLE('',#5475,0.5);
#2170=CIRCLE('',#5476,0.5);
#2171=CIRCLE('',#5478,0.500000000000003);
#2172=CIRCLE('',#5481,0.5);
#2173=VERTEX_POINT('',#6858);
#2174=VERTEX_POINT('',#6859);
#2175=VERTEX_POINT('',#6861);
#2176=VERTEX_POINT('',#6866);
#2177=VERTEX_POINT('',#6908);
#2178=VERTEX_POINT('',#6909);
#2179=VERTEX_POINT('',#6959);
#2180=VERTEX_POINT('',#6960);
#2181=VERTEX_POINT('',#6975);
#2182=VERTEX_POINT('',#6976);
#2183=VERTEX_POINT('',#6990);
#2184=VERTEX_POINT('',#6991);
#2185=VERTEX_POINT('',#7003);
#2186=VERTEX_POINT('',#7005);
#2187=VERTEX_POINT('',#7018);
#2188=VERTEX_POINT('',#7020);
#2189=VERTEX_POINT('',#7024);
#2190=VERTEX_POINT('',#7026);
#2191=VERTEX_POINT('',#7028);
#2192=VERTEX_POINT('',#7032);
#2193=VERTEX_POINT('',#7036);
#2194=VERTEX_POINT('',#7038);
#2195=VERTEX_POINT('',#7040);
#2196=VERTEX_POINT('',#7042);
#2197=VERTEX_POINT('',#7044);
#2198=VERTEX_POINT('',#7048);
#2199=VERTEX_POINT('',#7052);
#2200=VERTEX_POINT('',#7056);
#2201=VERTEX_POINT('',#7136);
#2202=VERTEX_POINT('',#7138);
#2203=VERTEX_POINT('',#7140);
#2204=VERTEX_POINT('',#7142);
#2205=VERTEX_POINT('',#7144);
#2206=VERTEX_POINT('',#7146);
#2207=VERTEX_POINT('',#7148);
#2208=VERTEX_POINT('',#7150);
#2209=VERTEX_POINT('',#7152);
#2210=VERTEX_POINT('',#7154);
#2211=VERTEX_POINT('',#7156);
#2212=VERTEX_POINT('',#7158);
#2213=VERTEX_POINT('',#7160);
#2214=VERTEX_POINT('',#7162);
#2215=VERTEX_POINT('',#7164);
#2216=VERTEX_POINT('',#7166);
#2217=VERTEX_POINT('',#7168);
#2218=VERTEX_POINT('',#7170);
#2219=VERTEX_POINT('',#7172);
#2220=VERTEX_POINT('',#7174);
#2221=VERTEX_POINT('',#7176);
#2222=VERTEX_POINT('',#7178);
#2223=VERTEX_POINT('',#7180);
#2224=VERTEX_POINT('',#7182);
#2225=VERTEX_POINT('',#7184);
#2226=VERTEX_POINT('',#7186);
#2227=VERTEX_POINT('',#7188);
#2228=VERTEX_POINT('',#7191);
#2229=VERTEX_POINT('',#7193);
#2230=VERTEX_POINT('',#7195);
#2231=VERTEX_POINT('',#7197);
#2232=VERTEX_POINT('',#7199);
#2233=VERTEX_POINT('',#7201);
#2234=VERTEX_POINT('',#7203);
#2235=VERTEX_POINT('',#7206);
#2236=VERTEX_POINT('',#7208);
#2237=VERTEX_POINT('',#7211);
#2238=VERTEX_POINT('',#7217);
#2239=VERTEX_POINT('',#7219);
#2240=VERTEX_POINT('',#7222);
#2241=VERTEX_POINT('',#7228);
#2242=VERTEX_POINT('',#7230);
#2243=VERTEX_POINT('',#7233);
#2244=VERTEX_POINT('',#7239);
#2245=VERTEX_POINT('',#7241);
#2246=VERTEX_POINT('',#7244);
#2247=VERTEX_POINT('',#7250);
#2248=VERTEX_POINT('',#7252);
#2249=VERTEX_POINT('',#7255);
#2250=VERTEX_POINT('',#7261);
#2251=VERTEX_POINT('',#7263);
#2252=VERTEX_POINT('',#7266);
#2253=VERTEX_POINT('',#7272);
#2254=VERTEX_POINT('',#7274);
#2255=VERTEX_POINT('',#7277);
#2256=VERTEX_POINT('',#7283);
#2257=VERTEX_POINT('',#7295);
#2258=VERTEX_POINT('',#7307);
#2259=VERTEX_POINT('',#7319);
#2260=VERTEX_POINT('',#7331);
#2261=VERTEX_POINT('',#7343);
#2262=VERTEX_POINT('',#7374);
#2263=VERTEX_POINT('',#7566);
#2264=VERTEX_POINT('',#7758);
#2265=VERTEX_POINT('',#7950);
#2266=VERTEX_POINT('',#8142);
#2267=VERTEX_POINT('',#8334);
#2268=VERTEX_POINT('',#8507);
#2269=VERTEX_POINT('',#8510);
#2270=VERTEX_POINT('',#8513);
#2271=VERTEX_POINT('',#8516);
#2272=VERTEX_POINT('',#8517);
#2273=VERTEX_POINT('',#8519);
#2274=VERTEX_POINT('',#8521);
#2275=VERTEX_POINT('',#8523);
#2276=VERTEX_POINT('',#8525);
#2277=VERTEX_POINT('',#8527);
#2278=VERTEX_POINT('',#8529);
#2279=VERTEX_POINT('',#8531);
#2280=VERTEX_POINT('',#8533);
#2281=VERTEX_POINT('',#8535);
#2282=VERTEX_POINT('',#8537);
#2283=VERTEX_POINT('',#8539);
#2284=VERTEX_POINT('',#8543);
#2285=VERTEX_POINT('',#8544);
#2286=VERTEX_POINT('',#8546);
#2287=VERTEX_POINT('',#8548);
#2288=VERTEX_POINT('',#8550);
#2289=VERTEX_POINT('',#8552);
#2290=VERTEX_POINT('',#8554);
#2291=VERTEX_POINT('',#8556);
#2292=VERTEX_POINT('',#8558);
#2293=VERTEX_POINT('',#8560);
#2294=VERTEX_POINT('',#8562);
#2295=VERTEX_POINT('',#8564);
#2296=VERTEX_POINT('',#8566);
#2297=VERTEX_POINT('',#8570);
#2298=VERTEX_POINT('',#8571);
#2299=VERTEX_POINT('',#8573);
#2300=VERTEX_POINT('',#8575);
#2301=VERTEX_POINT('',#8577);
#2302=VERTEX_POINT('',#8579);
#2303=VERTEX_POINT('',#8581);
#2304=VERTEX_POINT('',#8583);
#2305=VERTEX_POINT('',#8585);
#2306=VERTEX_POINT('',#8587);
#2307=VERTEX_POINT('',#8589);
#2308=VERTEX_POINT('',#8591);
#2309=VERTEX_POINT('',#8593);
#2310=VERTEX_POINT('',#8597);
#2311=VERTEX_POINT('',#8598);
#2312=VERTEX_POINT('',#8600);
#2313=VERTEX_POINT('',#8602);
#2314=VERTEX_POINT('',#8604);
#2315=VERTEX_POINT('',#8606);
#2316=VERTEX_POINT('',#8608);
#2317=VERTEX_POINT('',#8610);
#2318=VERTEX_POINT('',#8612);
#2319=VERTEX_POINT('',#8614);
#2320=VERTEX_POINT('',#8616);
#2321=VERTEX_POINT('',#8618);
#2322=VERTEX_POINT('',#8620);
#2323=VERTEX_POINT('',#8624);
#2324=VERTEX_POINT('',#8625);
#2325=VERTEX_POINT('',#8627);
#2326=VERTEX_POINT('',#8629);
#2327=VERTEX_POINT('',#8631);
#2328=VERTEX_POINT('',#8633);
#2329=VERTEX_POINT('',#8635);
#2330=VERTEX_POINT('',#8637);
#2331=VERTEX_POINT('',#8639);
#2332=VERTEX_POINT('',#8641);
#2333=VERTEX_POINT('',#8643);
#2334=VERTEX_POINT('',#8645);
#2335=VERTEX_POINT('',#8647);
#2336=VERTEX_POINT('',#8651);
#2337=VERTEX_POINT('',#8652);
#2338=VERTEX_POINT('',#8654);
#2339=VERTEX_POINT('',#8656);
#2340=VERTEX_POINT('',#8658);
#2341=VERTEX_POINT('',#8660);
#2342=VERTEX_POINT('',#8662);
#2343=VERTEX_POINT('',#8664);
#2344=VERTEX_POINT('',#8666);
#2345=VERTEX_POINT('',#8668);
#2346=VERTEX_POINT('',#8670);
#2347=VERTEX_POINT('',#8672);
#2348=VERTEX_POINT('',#8674);
#2349=VERTEX_POINT('',#8678);
#2350=VERTEX_POINT('',#8679);
#2351=VERTEX_POINT('',#8681);
#2352=VERTEX_POINT('',#8683);
#2353=VERTEX_POINT('',#8685);
#2354=VERTEX_POINT('',#8687);
#2355=VERTEX_POINT('',#8689);
#2356=VERTEX_POINT('',#8691);
#2357=VERTEX_POINT('',#8693);
#2358=VERTEX_POINT('',#8695);
#2359=VERTEX_POINT('',#8697);
#2360=VERTEX_POINT('',#8699);
#2361=VERTEX_POINT('',#8701);
#2362=VERTEX_POINT('',#8705);
#2363=VERTEX_POINT('',#8706);
#2364=VERTEX_POINT('',#8708);
#2365=VERTEX_POINT('',#8710);
#2366=VERTEX_POINT('',#8712);
#2367=VERTEX_POINT('',#8714);
#2368=VERTEX_POINT('',#8716);
#2369=VERTEX_POINT('',#8718);
#2370=VERTEX_POINT('',#8720);
#2371=VERTEX_POINT('',#8722);
#2372=VERTEX_POINT('',#8724);
#2373=VERTEX_POINT('',#8726);
#2374=VERTEX_POINT('',#8728);
#2375=VERTEX_POINT('',#8732);
#2376=VERTEX_POINT('',#8733);
#2377=VERTEX_POINT('',#8735);
#2378=VERTEX_POINT('',#8737);
#2379=VERTEX_POINT('',#8739);
#2380=VERTEX_POINT('',#8741);
#2381=VERTEX_POINT('',#8743);
#2382=VERTEX_POINT('',#8745);
#2383=VERTEX_POINT('',#8747);
#2384=VERTEX_POINT('',#8749);
#2385=VERTEX_POINT('',#8751);
#2386=VERTEX_POINT('',#8753);
#2387=VERTEX_POINT('',#8755);
#2388=VERTEX_POINT('',#8759);
#2389=VERTEX_POINT('',#8760);
#2390=VERTEX_POINT('',#8762);
#2391=VERTEX_POINT('',#8764);
#2392=VERTEX_POINT('',#8766);
#2393=VERTEX_POINT('',#8768);
#2394=VERTEX_POINT('',#8770);
#2395=VERTEX_POINT('',#8772);
#2396=VERTEX_POINT('',#8774);
#2397=VERTEX_POINT('',#8776);
#2398=VERTEX_POINT('',#8778);
#2399=VERTEX_POINT('',#8780);
#2400=VERTEX_POINT('',#8782);
#2401=VERTEX_POINT('',#8786);
#2402=VERTEX_POINT('',#8789);
#2403=VERTEX_POINT('',#8792);
#2404=VERTEX_POINT('',#9060);
#2405=VERTEX_POINT('',#9107);
#2406=VERTEX_POINT('',#9108);
#2407=VERTEX_POINT('',#9110);
#2408=VERTEX_POINT('',#9157);
#2409=VERTEX_POINT('',#9158);
#2410=VERTEX_POINT('',#9160);
#2411=VERTEX_POINT('',#9209);
#2412=VERTEX_POINT('',#9210);
#2413=VERTEX_POINT('',#9212);
#2414=VERTEX_POINT('',#9214);
#2415=VERTEX_POINT('',#9218);
#2416=VERTEX_POINT('',#9220);
#2417=VERTEX_POINT('',#9224);
#2418=VERTEX_POINT('',#9226);
#2419=VERTEX_POINT('',#9264);
#2420=VERTEX_POINT('',#9283);
#2421=VERTEX_POINT('',#9285);
#2422=VERTEX_POINT('',#9287);
#2423=VERTEX_POINT('',#9308);
#2424=VERTEX_POINT('',#9330);
#2425=VERTEX_POINT('',#9352);
#2426=VERTEX_POINT('',#9357);
#2427=VERTEX_POINT('',#9358);
#2428=VERTEX_POINT('',#9363);
#2429=VERTEX_POINT('',#9367);
#2430=VERTEX_POINT('',#9371);
#2431=VERTEX_POINT('',#9375);
#2432=VERTEX_POINT('',#9379);
#2433=VERTEX_POINT('',#9383);
#2434=VERTEX_POINT('',#9387);
#2435=VERTEX_POINT('',#9391);
#2436=VERTEX_POINT('',#9395);
#2437=VERTEX_POINT('',#9396);
#2438=VERTEX_POINT('',#9401);
#2439=VERTEX_POINT('',#9405);
#2440=VERTEX_POINT('',#9409);
#2441=VERTEX_POINT('',#9413);
#2442=VERTEX_POINT('',#9419);
#2443=VERTEX_POINT('',#9420);
#2444=VERTEX_POINT('',#9425);
#2445=VERTEX_POINT('',#9429);
#2446=VERTEX_POINT('',#9433);
#2447=VERTEX_POINT('',#9437);
#2448=VERTEX_POINT('',#9441);
#2449=VERTEX_POINT('',#9445);
#2450=VERTEX_POINT('',#9449);
#2451=VERTEX_POINT('',#9453);
#2452=VERTEX_POINT('',#9457);
#2453=VERTEX_POINT('',#9458);
#2454=VERTEX_POINT('',#9463);
#2455=VERTEX_POINT('',#9467);
#2456=VERTEX_POINT('',#9471);
#2457=VERTEX_POINT('',#9475);
#2458=VERTEX_POINT('',#9481);
#2459=VERTEX_POINT('',#9482);
#2460=VERTEX_POINT('',#9487);
#2461=VERTEX_POINT('',#9491);
#2462=VERTEX_POINT('',#9495);
#2463=VERTEX_POINT('',#9499);
#2464=VERTEX_POINT('',#9503);
#2465=VERTEX_POINT('',#9507);
#2466=VERTEX_POINT('',#9511);
#2467=VERTEX_POINT('',#9515);
#2468=VERTEX_POINT('',#9519);
#2469=VERTEX_POINT('',#9520);
#2470=VERTEX_POINT('',#9525);
#2471=VERTEX_POINT('',#9529);
#2472=VERTEX_POINT('',#9533);
#2473=VERTEX_POINT('',#9537);
#2474=VERTEX_POINT('',#9543);
#2475=VERTEX_POINT('',#9544);
#2476=VERTEX_POINT('',#9549);
#2477=VERTEX_POINT('',#9553);
#2478=VERTEX_POINT('',#9557);
#2479=VERTEX_POINT('',#9561);
#2480=VERTEX_POINT('',#9565);
#2481=VERTEX_POINT('',#9569);
#2482=VERTEX_POINT('',#9573);
#2483=VERTEX_POINT('',#9577);
#2484=VERTEX_POINT('',#9581);
#2485=VERTEX_POINT('',#9582);
#2486=VERTEX_POINT('',#9587);
#2487=VERTEX_POINT('',#9591);
#2488=VERTEX_POINT('',#9595);
#2489=VERTEX_POINT('',#9599);
#2490=VERTEX_POINT('',#9605);
#2491=VERTEX_POINT('',#9606);
#2492=VERTEX_POINT('',#9611);
#2493=VERTEX_POINT('',#9615);
#2494=VERTEX_POINT('',#9619);
#2495=VERTEX_POINT('',#9623);
#2496=VERTEX_POINT('',#9627);
#2497=VERTEX_POINT('',#9631);
#2498=VERTEX_POINT('',#9635);
#2499=VERTEX_POINT('',#9639);
#2500=VERTEX_POINT('',#9643);
#2501=VERTEX_POINT('',#9644);
#2502=VERTEX_POINT('',#9649);
#2503=VERTEX_POINT('',#9653);
#2504=VERTEX_POINT('',#9657);
#2505=VERTEX_POINT('',#9661);
#2506=VERTEX_POINT('',#9667);
#2507=VERTEX_POINT('',#9668);
#2508=VERTEX_POINT('',#9673);
#2509=VERTEX_POINT('',#9677);
#2510=VERTEX_POINT('',#9681);
#2511=VERTEX_POINT('',#9685);
#2512=VERTEX_POINT('',#9689);
#2513=VERTEX_POINT('',#9693);
#2514=VERTEX_POINT('',#9697);
#2515=VERTEX_POINT('',#9701);
#2516=VERTEX_POINT('',#9705);
#2517=VERTEX_POINT('',#9706);
#2518=VERTEX_POINT('',#9711);
#2519=VERTEX_POINT('',#9715);
#2520=VERTEX_POINT('',#9719);
#2521=VERTEX_POINT('',#9723);
#2522=VERTEX_POINT('',#9729);
#2523=VERTEX_POINT('',#9730);
#2524=VERTEX_POINT('',#9735);
#2525=VERTEX_POINT('',#9739);
#2526=VERTEX_POINT('',#9743);
#2527=VERTEX_POINT('',#9747);
#2528=VERTEX_POINT('',#9751);
#2529=VERTEX_POINT('',#9755);
#2530=VERTEX_POINT('',#9759);
#2531=VERTEX_POINT('',#9763);
#2532=VERTEX_POINT('',#9767);
#2533=VERTEX_POINT('',#9768);
#2534=VERTEX_POINT('',#9773);
#2535=VERTEX_POINT('',#9777);
#2536=VERTEX_POINT('',#9781);
#2537=VERTEX_POINT('',#9785);
#2538=VERTEX_POINT('',#9791);
#2539=VERTEX_POINT('',#9792);
#2540=VERTEX_POINT('',#9797);
#2541=VERTEX_POINT('',#9801);
#2542=VERTEX_POINT('',#9805);
#2543=VERTEX_POINT('',#9809);
#2544=VERTEX_POINT('',#9813);
#2545=VERTEX_POINT('',#9817);
#2546=VERTEX_POINT('',#9821);
#2547=VERTEX_POINT('',#9825);
#2548=VERTEX_POINT('',#9829);
#2549=VERTEX_POINT('',#9830);
#2550=VERTEX_POINT('',#9835);
#2551=VERTEX_POINT('',#9839);
#2552=VERTEX_POINT('',#9843);
#2553=VERTEX_POINT('',#9847);
#2554=VERTEX_POINT('',#9853);
#2555=VERTEX_POINT('',#9854);
#2556=VERTEX_POINT('',#9859);
#2557=VERTEX_POINT('',#9863);
#2558=VERTEX_POINT('',#9867);
#2559=VERTEX_POINT('',#9871);
#2560=VERTEX_POINT('',#9875);
#2561=VERTEX_POINT('',#9879);
#2562=VERTEX_POINT('',#9883);
#2563=VERTEX_POINT('',#9887);
#2564=VERTEX_POINT('',#9891);
#2565=VERTEX_POINT('',#9892);
#2566=VERTEX_POINT('',#9897);
#2567=VERTEX_POINT('',#9901);
#2568=VERTEX_POINT('',#9905);
#2569=VERTEX_POINT('',#9909);
#2570=VERTEX_POINT('',#9915);
#2571=VERTEX_POINT('',#9916);
#2572=VERTEX_POINT('',#9921);
#2573=VERTEX_POINT('',#9925);
#2574=VERTEX_POINT('',#9929);
#2575=VERTEX_POINT('',#9933);
#2576=VERTEX_POINT('',#9937);
#2577=VERTEX_POINT('',#9941);
#2578=VERTEX_POINT('',#9945);
#2579=VERTEX_POINT('',#9949);
#2580=VERTEX_POINT('',#9953);
#2581=VERTEX_POINT('',#9954);
#2582=VERTEX_POINT('',#9959);
#2583=VERTEX_POINT('',#9963);
#2584=VERTEX_POINT('',#9967);
#2585=VERTEX_POINT('',#9971);
#2586=VERTEX_POINT('',#9994);
#2587=VERTEX_POINT('',#10016);
#2588=VERTEX_POINT('',#10064);
#2589=VERTEX_POINT('',#10089);
#2590=VERTEX_POINT('',#10091);
#2591=VERTEX_POINT('',#10095);
#2592=VERTEX_POINT('',#10097);
#2593=VERTEX_POINT('',#10101);
#2594=VERTEX_POINT('',#10113);
#2595=VERTEX_POINT('',#10134);
#2596=VERTEX_POINT('',#10168);
#2597=VERTEX_POINT('',#10180);
#2598=VERTEX_POINT('',#10182);
#2599=VERTEX_POINT('',#10187);
#2600=VERTEX_POINT('',#10188);
#2601=VERTEX_POINT('',#10190);
#2602=VERTEX_POINT('',#10192);
#2603=VERTEX_POINT('',#10194);
#2604=VERTEX_POINT('',#10196);
#2605=VERTEX_POINT('',#10198);
#2606=VERTEX_POINT('',#10200);
#2607=VERTEX_POINT('',#10205);
#2608=VERTEX_POINT('',#10209);
#2609=VERTEX_POINT('',#10210);
#2610=VERTEX_POINT('',#10212);
#2611=VERTEX_POINT('',#10214);
#2612=VERTEX_POINT('',#10218);
#2613=VERTEX_POINT('',#10219);
#2614=VERTEX_POINT('',#10222);
#2615=VERTEX_POINT('',#10225);
#2616=VERTEX_POINT('',#10227);
#2617=VERTEX_POINT('',#10229);
#2618=VERTEX_POINT('',#10231);
#2619=VERTEX_POINT('',#10235);
#2620=VERTEX_POINT('',#10236);
#2621=VERTEX_POINT('',#10241);
#2622=VERTEX_POINT('',#10245);
#2623=VERTEX_POINT('',#10246);
#2624=VERTEX_POINT('',#10294);
#2625=VERTEX_POINT('',#10316);
#2626=VERTEX_POINT('',#10318);
#2627=VERTEX_POINT('',#10320);
#2628=VERTEX_POINT('',#10324);
#2629=VERTEX_POINT('',#10325);
#2630=VERTEX_POINT('',#10330);
#2631=VERTEX_POINT('',#10332);
#2632=VERTEX_POINT('',#10336);
#2633=VERTEX_POINT('',#10342);
#2634=VERTEX_POINT('',#10346);
#2635=VERTEX_POINT('',#10348);
#2636=VERTEX_POINT('',#10350);
#2637=VERTEX_POINT('',#10352);
#2638=VERTEX_POINT('',#10354);
#2639=VERTEX_POINT('',#10448);
#2640=VERTEX_POINT('',#10454);
#2641=EDGE_CURVE('',#2173,#2174,#2075,.T.);
#2642=EDGE_CURVE('',#2174,#2175,#2027,.T.);
#2643=EDGE_CURVE('',#2175,#2176,#2076,.T.);
#2644=EDGE_CURVE('',#2176,#2173,#2028,.T.);
#2645=EDGE_CURVE('',#2177,#2178,#2077,.T.);
#2646=EDGE_CURVE('',#2178,#2174,#2029,.T.);
#2647=EDGE_CURVE('',#2173,#2177,#2030,.T.);
#2648=EDGE_CURVE('',#2179,#2180,#2078,.T.);
#2649=EDGE_CURVE('',#2180,#2176,#2031,.T.);
#2650=EDGE_CURVE('',#2175,#2179,#2032,.T.);
#2651=EDGE_CURVE('',#2181,#2182,#2033,.T.);
#2652=EDGE_CURVE('',#2182,#2178,#2079,.T.);
#2653=EDGE_CURVE('',#2177,#2181,#2080,.T.);
#2654=EDGE_CURVE('',#2183,#2184,#2034,.T.);
#2655=EDGE_CURVE('',#2184,#2180,#2081,.T.);
#2656=EDGE_CURVE('',#2179,#2185,#2082,.T.);
#2657=EDGE_CURVE('',#2185,#2186,#2035,.T.);
#2658=EDGE_CURVE('',#2186,#2183,#2083,.T.);
#2659=EDGE_CURVE('',#2173,#2187,#321,.T.);
#2660=EDGE_CURVE('',#2188,#2187,#2084,.T.);
#2661=EDGE_CURVE('',#2188,#2181,#322,.T.);
#2662=EDGE_CURVE('',#2189,#2176,#323,.T.);
#2663=EDGE_CURVE('',#2190,#2189,#2085,.T.);
#2664=EDGE_CURVE('',#2191,#2190,#324,.T.);
#2665=EDGE_CURVE('',#2187,#2191,#2086,.T.);
#2666=EDGE_CURVE('',#2184,#2192,#325,.T.);
#2667=EDGE_CURVE('',#2192,#2189,#2087,.T.);
#2668=EDGE_CURVE('',#2193,#2183,#326,.T.);
#2669=EDGE_CURVE('',#2194,#2193,#327,.T.);
#2670=EDGE_CURVE('',#2195,#2194,#328,.T.);
#2671=EDGE_CURVE('',#2196,#2195,#329,.T.);
#2672=EDGE_CURVE('',#2197,#2196,#2088,.T.);
#2673=EDGE_CURVE('',#2192,#2197,#330,.T.);
#2674=EDGE_CURVE('',#2179,#2198,#331,.T.);
#2675=EDGE_CURVE('',#2198,#2185,#332,.T.);
#2676=EDGE_CURVE('',#2186,#2199,#333,.T.);
#2677=EDGE_CURVE('',#2193,#2199,#334,.T.);
#2678=EDGE_CURVE('',#2200,#2198,#2036,.T.);
#2679=EDGE_CURVE('',#2201,#2200,#335,.T.);
#2680=EDGE_CURVE('',#2202,#2201,#336,.T.);
#2681=EDGE_CURVE('',#2203,#2202,#337,.T.);
#2682=EDGE_CURVE('',#2204,#2203,#338,.T.);
#2683=EDGE_CURVE('',#2205,#2204,#339,.T.);
#2684=EDGE_CURVE('',#2206,#2205,#340,.T.);
#2685=EDGE_CURVE('',#2207,#2206,#341,.T.);
#2686=EDGE_CURVE('',#2208,#2207,#342,.T.);
#2687=EDGE_CURVE('',#2209,#2208,#68,.T.);
#2688=EDGE_CURVE('',#2210,#2209,#343,.T.);
#2689=EDGE_CURVE('',#2211,#2210,#2089,.T.);
#2690=EDGE_CURVE('',#2212,#2211,#344,.T.);
#2691=EDGE_CURVE('',#2212,#2213,#2090,.T.);
#2692=EDGE_CURVE('',#2213,#2214,#345,.T.);
#2693=EDGE_CURVE('',#2214,#2215,#2091,.T.);
#2694=EDGE_CURVE('',#2215,#2216,#346,.T.);
#2695=EDGE_CURVE('',#2216,#2217,#2092,.T.);
#2696=EDGE_CURVE('',#2218,#2217,#347,.T.);
#2697=EDGE_CURVE('',#2219,#2218,#348,.T.);
#2698=EDGE_CURVE('',#2220,#2219,#349,.T.);
#2699=EDGE_CURVE('',#2221,#2220,#2093,.T.);
#2700=EDGE_CURVE('',#2222,#2221,#350,.T.);
#2701=EDGE_CURVE('',#2223,#2222,#2094,.T.);
#2702=EDGE_CURVE('',#2223,#2224,#351,.T.);
#2703=EDGE_CURVE('',#2225,#2224,#69,.T.);
#2704=EDGE_CURVE('',#2226,#2225,#352,.T.);
#2705=EDGE_CURVE('',#2227,#2226,#353,.T.);
#2706=EDGE_CURVE('',#2199,#2227,#354,.T.);
#2707=EDGE_CURVE('',#2228,#2228,#70,.T.);
#2708=EDGE_CURVE('',#2229,#2229,#71,.T.);
#2709=EDGE_CURVE('',#2230,#2230,#72,.T.);
#2710=EDGE_CURVE('',#2231,#2231,#73,.T.);
#2711=EDGE_CURVE('',#2232,#2232,#74,.T.);
#2712=EDGE_CURVE('',#2233,#2233,#75,.T.);
#2713=EDGE_CURVE('',#2234,#2234,#76,.T.);
#2714=EDGE_CURVE('',#2235,#2235,#2095,.T.);
#2715=EDGE_CURVE('',#2236,#2236,#2096,.T.);
#2716=EDGE_CURVE('',#2237,#2237,#2097,.T.);
#2717=EDGE_CURVE('',#2237,#2235,#355,.T.);
#2718=EDGE_CURVE('',#2236,#2234,#356,.T.);
#2719=EDGE_CURVE('',#2238,#2238,#2098,.T.);
#2720=EDGE_CURVE('',#2239,#2239,#2099,.T.);
#2721=EDGE_CURVE('',#2240,#2240,#2100,.T.);
#2722=EDGE_CURVE('',#2240,#2238,#357,.T.);
#2723=EDGE_CURVE('',#2239,#2233,#358,.T.);
#2724=EDGE_CURVE('',#2241,#2241,#2101,.T.);
#2725=EDGE_CURVE('',#2242,#2242,#2102,.T.);
#2726=EDGE_CURVE('',#2243,#2243,#2103,.T.);
#2727=EDGE_CURVE('',#2243,#2241,#359,.T.);
#2728=EDGE_CURVE('',#2242,#2232,#360,.T.);
#2729=EDGE_CURVE('',#2244,#2244,#2104,.T.);
#2730=EDGE_CURVE('',#2245,#2245,#2105,.T.);
#2731=EDGE_CURVE('',#2246,#2246,#2106,.T.);
#2732=EDGE_CURVE('',#2246,#2244,#361,.T.);
#2733=EDGE_CURVE('',#2245,#2231,#362,.T.);
#2734=EDGE_CURVE('',#2247,#2247,#2107,.T.);
#2735=EDGE_CURVE('',#2248,#2248,#2108,.T.);
#2736=EDGE_CURVE('',#2249,#2249,#2109,.T.);
#2737=EDGE_CURVE('',#2249,#2247,#363,.T.);
#2738=EDGE_CURVE('',#2248,#2230,#364,.T.);
#2739=EDGE_CURVE('',#2250,#2250,#2110,.T.);
#2740=EDGE_CURVE('',#2251,#2251,#2111,.T.);
#2741=EDGE_CURVE('',#2252,#2252,#2112,.T.);
#2742=EDGE_CURVE('',#2252,#2250,#365,.T.);
#2743=EDGE_CURVE('',#2251,#2229,#366,.T.);
#2744=EDGE_CURVE('',#2253,#2253,#2113,.T.);
#2745=EDGE_CURVE('',#2254,#2254,#2114,.T.);
#2746=EDGE_CURVE('',#2255,#2255,#2115,.T.);
#2747=EDGE_CURVE('',#2255,#2253,#367,.T.);
#2748=EDGE_CURVE('',#2254,#2228,#368,.T.);
#2749=EDGE_CURVE('',#2256,#2256,#2037,.T.);
#2750=EDGE_CURVE('',#2257,#2257,#2038,.T.);
#2751=EDGE_CURVE('',#2258,#2258,#2039,.T.);
#2752=EDGE_CURVE('',#2259,#2259,#2040,.T.);
#2753=EDGE_CURVE('',#2260,#2260,#2041,.T.);
#2754=EDGE_CURVE('',#2261,#2261,#2042,.T.);
#2755=EDGE_CURVE('',#2262,#2262,#2043,.T.);
#2756=EDGE_CURVE('',#2262,#2256,#2044,.T.);
#2757=EDGE_CURVE('',#2263,#2263,#2045,.T.);
#2758=EDGE_CURVE('',#2263,#2257,#2046,.T.);
#2759=EDGE_CURVE('',#2264,#2264,#2047,.T.);
#2760=EDGE_CURVE('',#2264,#2258,#2048,.T.);
#2761=EDGE_CURVE('',#2265,#2265,#2049,.T.);
#2762=EDGE_CURVE('',#2265,#2259,#2050,.T.);
#2763=EDGE_CURVE('',#2266,#2266,#2051,.T.);
#2764=EDGE_CURVE('',#2266,#2260,#2052,.T.);
#2765=EDGE_CURVE('',#2267,#2267,#2053,.T.);
#2766=EDGE_CURVE('',#2267,#2261,#2054,.T.);
#2767=EDGE_CURVE('',#2268,#2268,#77,.T.);
#2768=EDGE_CURVE('',#2269,#2269,#78,.T.);
#2769=EDGE_CURVE('',#2270,#2270,#79,.T.);
#2770=EDGE_CURVE('',#2271,#2272,#369,.T.);
#2771=EDGE_CURVE('',#2271,#2273,#370,.T.);
#2772=EDGE_CURVE('',#2273,#2274,#371,.T.);
#2773=EDGE_CURVE('',#2274,#2275,#372,.T.);
#2774=EDGE_CURVE('',#2276,#2275,#373,.T.);
#2775=EDGE_CURVE('',#2276,#2277,#374,.T.);
#2776=EDGE_CURVE('',#2277,#2278,#375,.T.);
#2777=EDGE_CURVE('',#2279,#2278,#376,.T.);
#2778=EDGE_CURVE('',#2279,#2280,#377,.T.);
#2779=EDGE_CURVE('',#2281,#2280,#378,.T.);
#2780=EDGE_CURVE('',#2282,#2281,#379,.T.);
#2781=EDGE_CURVE('',#2283,#2282,#380,.T.);
#2782=EDGE_CURVE('',#2272,#2283,#381,.T.);
#2783=EDGE_CURVE('',#2284,#2285,#382,.T.);
#2784=EDGE_CURVE('',#2284,#2286,#383,.T.);
#2785=EDGE_CURVE('',#2286,#2287,#384,.T.);
#2786=EDGE_CURVE('',#2287,#2288,#385,.T.);
#2787=EDGE_CURVE('',#2289,#2288,#386,.T.);
#2788=EDGE_CURVE('',#2289,#2290,#387,.T.);
#2789=EDGE_CURVE('',#2290,#2291,#388,.T.);
#2790=EDGE_CURVE('',#2292,#2291,#389,.T.);
#2791=EDGE_CURVE('',#2292,#2293,#390,.T.);
#2792=EDGE_CURVE('',#2294,#2293,#391,.T.);
#2793=EDGE_CURVE('',#2295,#2294,#392,.T.);
#2794=EDGE_CURVE('',#2296,#2295,#393,.T.);
#2795=EDGE_CURVE('',#2285,#2296,#394,.T.);
#2796=EDGE_CURVE('',#2297,#2298,#395,.T.);
#2797=EDGE_CURVE('',#2297,#2299,#396,.T.);
#2798=EDGE_CURVE('',#2299,#2300,#397,.T.);
#2799=EDGE_CURVE('',#2300,#2301,#398,.T.);
#2800=EDGE_CURVE('',#2302,#2301,#399,.T.);
#2801=EDGE_CURVE('',#2302,#2303,#400,.T.);
#2802=EDGE_CURVE('',#2303,#2304,#401,.T.);
#2803=EDGE_CURVE('',#2305,#2304,#402,.T.);
#2804=EDGE_CURVE('',#2305,#2306,#403,.T.);
#2805=EDGE_CURVE('',#2307,#2306,#404,.T.);
#2806=EDGE_CURVE('',#2308,#2307,#405,.T.);
#2807=EDGE_CURVE('',#2309,#2308,#406,.T.);
#2808=EDGE_CURVE('',#2298,#2309,#407,.T.);
#2809=EDGE_CURVE('',#2310,#2311,#408,.T.);
#2810=EDGE_CURVE('',#2310,#2312,#409,.T.);
#2811=EDGE_CURVE('',#2312,#2313,#410,.T.);
#2812=EDGE_CURVE('',#2313,#2314,#411,.T.);
#2813=EDGE_CURVE('',#2315,#2314,#412,.T.);
#2814=EDGE_CURVE('',#2315,#2316,#413,.T.);
#2815=EDGE_CURVE('',#2316,#2317,#414,.T.);
#2816=EDGE_CURVE('',#2318,#2317,#415,.T.);
#2817=EDGE_CURVE('',#2318,#2319,#416,.T.);
#2818=EDGE_CURVE('',#2320,#2319,#417,.T.);
#2819=EDGE_CURVE('',#2321,#2320,#418,.T.);
#2820=EDGE_CURVE('',#2322,#2321,#419,.T.);
#2821=EDGE_CURVE('',#2311,#2322,#420,.T.);
#2822=EDGE_CURVE('',#2323,#2324,#421,.T.);
#2823=EDGE_CURVE('',#2323,#2325,#422,.T.);
#2824=EDGE_CURVE('',#2325,#2326,#423,.T.);
#2825=EDGE_CURVE('',#2326,#2327,#424,.T.);
#2826=EDGE_CURVE('',#2328,#2327,#425,.T.);
#2827=EDGE_CURVE('',#2328,#2329,#426,.T.);
#2828=EDGE_CURVE('',#2329,#2330,#427,.T.);
#2829=EDGE_CURVE('',#2331,#2330,#428,.T.);
#2830=EDGE_CURVE('',#2331,#2332,#429,.T.);
#2831=EDGE_CURVE('',#2333,#2332,#430,.T.);
#2832=EDGE_CURVE('',#2334,#2333,#431,.T.);
#2833=EDGE_CURVE('',#2335,#2334,#432,.T.);
#2834=EDGE_CURVE('',#2324,#2335,#433,.T.);
#2835=EDGE_CURVE('',#2336,#2337,#434,.T.);
#2836=EDGE_CURVE('',#2336,#2338,#435,.T.);
#2837=EDGE_CURVE('',#2338,#2339,#436,.T.);
#2838=EDGE_CURVE('',#2339,#2340,#437,.T.);
#2839=EDGE_CURVE('',#2341,#2340,#438,.T.);
#2840=EDGE_CURVE('',#2341,#2342,#439,.T.);
#2841=EDGE_CURVE('',#2342,#2343,#440,.T.);
#2842=EDGE_CURVE('',#2344,#2343,#441,.T.);
#2843=EDGE_CURVE('',#2344,#2345,#442,.T.);
#2844=EDGE_CURVE('',#2346,#2345,#443,.T.);
#2845=EDGE_CURVE('',#2347,#2346,#444,.T.);
#2846=EDGE_CURVE('',#2348,#2347,#445,.T.);
#2847=EDGE_CURVE('',#2337,#2348,#446,.T.);
#2848=EDGE_CURVE('',#2349,#2350,#447,.T.);
#2849=EDGE_CURVE('',#2349,#2351,#448,.T.);
#2850=EDGE_CURVE('',#2351,#2352,#449,.T.);
#2851=EDGE_CURVE('',#2352,#2353,#450,.T.);
#2852=EDGE_CURVE('',#2354,#2353,#451,.T.);
#2853=EDGE_CURVE('',#2354,#2355,#452,.T.);
#2854=EDGE_CURVE('',#2355,#2356,#453,.T.);
#2855=EDGE_CURVE('',#2357,#2356,#454,.T.);
#2856=EDGE_CURVE('',#2357,#2358,#455,.T.);
#2857=EDGE_CURVE('',#2359,#2358,#456,.T.);
#2858=EDGE_CURVE('',#2360,#2359,#457,.T.);
#2859=EDGE_CURVE('',#2361,#2360,#458,.T.);
#2860=EDGE_CURVE('',#2350,#2361,#459,.T.);
#2861=EDGE_CURVE('',#2362,#2363,#460,.T.);
#2862=EDGE_CURVE('',#2362,#2364,#461,.T.);
#2863=EDGE_CURVE('',#2364,#2365,#462,.T.);
#2864=EDGE_CURVE('',#2365,#2366,#463,.T.);
#2865=EDGE_CURVE('',#2367,#2366,#464,.T.);
#2866=EDGE_CURVE('',#2367,#2368,#465,.T.);
#2867=EDGE_CURVE('',#2368,#2369,#466,.T.);
#2868=EDGE_CURVE('',#2370,#2369,#467,.T.);
#2869=EDGE_CURVE('',#2370,#2371,#468,.T.);
#2870=EDGE_CURVE('',#2372,#2371,#469,.T.);
#2871=EDGE_CURVE('',#2373,#2372,#470,.T.);
#2872=EDGE_CURVE('',#2374,#2373,#471,.T.);
#2873=EDGE_CURVE('',#2363,#2374,#472,.T.);
#2874=EDGE_CURVE('',#2375,#2376,#473,.T.);
#2875=EDGE_CURVE('',#2375,#2377,#474,.T.);
#2876=EDGE_CURVE('',#2377,#2378,#475,.T.);
#2877=EDGE_CURVE('',#2378,#2379,#476,.T.);
#2878=EDGE_CURVE('',#2380,#2379,#477,.T.);
#2879=EDGE_CURVE('',#2380,#2381,#478,.T.);
#2880=EDGE_CURVE('',#2381,#2382,#479,.T.);
#2881=EDGE_CURVE('',#2383,#2382,#480,.T.);
#2882=EDGE_CURVE('',#2383,#2384,#481,.T.);
#2883=EDGE_CURVE('',#2385,#2384,#482,.T.);
#2884=EDGE_CURVE('',#2386,#2385,#483,.T.);
#2885=EDGE_CURVE('',#2387,#2386,#484,.T.);
#2886=EDGE_CURVE('',#2376,#2387,#485,.T.);
#2887=EDGE_CURVE('',#2388,#2389,#486,.T.);
#2888=EDGE_CURVE('',#2388,#2390,#487,.T.);
#2889=EDGE_CURVE('',#2390,#2391,#488,.T.);
#2890=EDGE_CURVE('',#2391,#2392,#489,.T.);
#2891=EDGE_CURVE('',#2393,#2392,#490,.T.);
#2892=EDGE_CURVE('',#2393,#2394,#491,.T.);
#2893=EDGE_CURVE('',#2394,#2395,#492,.T.);
#2894=EDGE_CURVE('',#2396,#2395,#493,.T.);
#2895=EDGE_CURVE('',#2396,#2397,#494,.T.);
#2896=EDGE_CURVE('',#2398,#2397,#495,.T.);
#2897=EDGE_CURVE('',#2399,#2398,#496,.T.);
#2898=EDGE_CURVE('',#2400,#2399,#497,.T.);
#2899=EDGE_CURVE('',#2389,#2400,#498,.T.);
#2900=EDGE_CURVE('',#2401,#2401,#80,.T.);
#2901=EDGE_CURVE('',#2402,#2402,#81,.T.);
#2902=EDGE_CURVE('',#2403,#2403,#2055,.T.);
#2903=EDGE_CURVE('',#2404,#2190,#2116,.T.);
#2904=EDGE_CURVE('',#2192,#2404,#2117,.T.);
#2905=EDGE_CURVE('',#2405,#2406,#2118,.T.);
#2906=EDGE_CURVE('',#2406,#2407,#2056,.T.);
#2907=EDGE_CURVE('',#2407,#2405,#2057,.T.);
#2908=EDGE_CURVE('',#2408,#2409,#2119,.T.);
#2909=EDGE_CURVE('',#2409,#2410,#2058,.T.);
#2910=EDGE_CURVE('',#2410,#2408,#2059,.T.);
#2911=EDGE_CURVE('',#2405,#2190,#2060,.T.);
#2912=EDGE_CURVE('',#2404,#2406,#2061,.T.);
#2913=EDGE_CURVE('',#2411,#2412,#499,.T.);
#2914=EDGE_CURVE('',#2413,#2412,#500,.T.);
#2915=EDGE_CURVE('',#2413,#2414,#501,.T.);
#2916=EDGE_CURVE('',#2411,#2414,#502,.T.);
#2917=EDGE_CURVE('',#2415,#2411,#82,.T.);
#2918=EDGE_CURVE('',#2414,#2416,#2120,.T.);
#2919=EDGE_CURVE('',#2416,#2415,#503,.T.);
#2920=EDGE_CURVE('',#2417,#2415,#504,.T.);
#2921=EDGE_CURVE('',#2416,#2418,#505,.T.);
#2922=EDGE_CURVE('',#2417,#2418,#506,.T.);
#2923=EDGE_CURVE('',#2408,#2419,#2062,.T.);
#2924=EDGE_CURVE('',#2191,#2419,#2121,.T.);
#2925=EDGE_CURVE('',#2191,#2409,#2063,.T.);
#2926=EDGE_CURVE('',#2419,#2188,#2122,.T.);
#2927=EDGE_CURVE('',#2420,#2188,#507,.T.);
#2928=EDGE_CURVE('',#2421,#2420,#508,.T.);
#2929=EDGE_CURVE('',#2421,#2422,#509,.T.);
#2930=EDGE_CURVE('',#2422,#2182,#510,.T.);
#2931=EDGE_CURVE('',#2268,#2423,#2064,.T.);
#2932=EDGE_CURVE('',#2423,#2423,#83,.T.);
#2933=EDGE_CURVE('',#2269,#2424,#2065,.T.);
#2934=EDGE_CURVE('',#2424,#2424,#84,.T.);
#2935=EDGE_CURVE('',#2270,#2425,#2066,.T.);
#2936=EDGE_CURVE('',#2425,#2425,#85,.T.);
#2937=EDGE_CURVE('',#2426,#2427,#511,.T.);
#2938=EDGE_CURVE('',#2426,#2273,#512,.T.);
#2939=EDGE_CURVE('',#2427,#2271,#513,.T.);
#2940=EDGE_CURVE('',#2428,#2426,#514,.T.);
#2941=EDGE_CURVE('',#2428,#2274,#515,.T.);
#2942=EDGE_CURVE('',#2429,#2428,#516,.T.);
#2943=EDGE_CURVE('',#2275,#2429,#517,.T.);
#2944=EDGE_CURVE('',#2430,#2429,#518,.T.);
#2945=EDGE_CURVE('',#2276,#2430,#519,.T.);
#2946=EDGE_CURVE('',#2431,#2430,#520,.T.);
#2947=EDGE_CURVE('',#2277,#2431,#521,.T.);
#2948=EDGE_CURVE('',#2432,#2431,#522,.T.);
#2949=EDGE_CURVE('',#2278,#2432,#523,.T.);
#2950=EDGE_CURVE('',#2433,#2432,#524,.T.);
#2951=EDGE_CURVE('',#2279,#2433,#525,.T.);
#2952=EDGE_CURVE('',#2434,#2433,#526,.T.);
#2953=EDGE_CURVE('',#2280,#2434,#527,.T.);
#2954=EDGE_CURVE('',#2435,#2434,#528,.T.);
#2955=EDGE_CURVE('',#2435,#2281,#2123,.T.);
#2956=EDGE_CURVE('',#2436,#2437,#529,.T.);
#2957=EDGE_CURVE('',#2437,#2436,#2124,.T.);
#2958=EDGE_CURVE('',#2437,#2435,#86,.T.);
#2959=EDGE_CURVE('',#2438,#2436,#87,.T.);
#2960=EDGE_CURVE('',#2281,#2438,#2125,.T.);
#2961=EDGE_CURVE('',#2439,#2438,#530,.T.);
#2962=EDGE_CURVE('',#2439,#2282,#531,.T.);
#2963=EDGE_CURVE('',#2440,#2439,#532,.T.);
#2964=EDGE_CURVE('',#2440,#2283,#533,.T.);
#2965=EDGE_CURVE('',#2441,#2440,#534,.T.);
#2966=EDGE_CURVE('',#2441,#2272,#535,.T.);
#2967=EDGE_CURVE('',#2427,#2441,#536,.T.);
#2968=EDGE_CURVE('',#2442,#2443,#537,.T.);
#2969=EDGE_CURVE('',#2442,#2286,#538,.T.);
#2970=EDGE_CURVE('',#2443,#2284,#539,.T.);
#2971=EDGE_CURVE('',#2444,#2442,#540,.T.);
#2972=EDGE_CURVE('',#2444,#2287,#541,.T.);
#2973=EDGE_CURVE('',#2445,#2444,#542,.T.);
#2974=EDGE_CURVE('',#2288,#2445,#543,.T.);
#2975=EDGE_CURVE('',#2446,#2445,#544,.T.);
#2976=EDGE_CURVE('',#2289,#2446,#545,.T.);
#2977=EDGE_CURVE('',#2447,#2446,#546,.T.);
#2978=EDGE_CURVE('',#2290,#2447,#547,.T.);
#2979=EDGE_CURVE('',#2448,#2447,#548,.T.);
#2980=EDGE_CURVE('',#2291,#2448,#549,.T.);
#2981=EDGE_CURVE('',#2449,#2448,#550,.T.);
#2982=EDGE_CURVE('',#2292,#2449,#551,.T.);
#2983=EDGE_CURVE('',#2450,#2449,#552,.T.);
#2984=EDGE_CURVE('',#2293,#2450,#553,.T.);
#2985=EDGE_CURVE('',#2451,#2450,#554,.T.);
#2986=EDGE_CURVE('',#2451,#2294,#2126,.T.);
#2987=EDGE_CURVE('',#2452,#2453,#555,.T.);
#2988=EDGE_CURVE('',#2453,#2452,#2127,.T.);
#2989=EDGE_CURVE('',#2453,#2451,#88,.T.);
#2990=EDGE_CURVE('',#2454,#2452,#89,.T.);
#2991=EDGE_CURVE('',#2294,#2454,#2128,.T.);
#2992=EDGE_CURVE('',#2455,#2454,#556,.T.);
#2993=EDGE_CURVE('',#2455,#2295,#557,.T.);
#2994=EDGE_CURVE('',#2456,#2455,#558,.T.);
#2995=EDGE_CURVE('',#2456,#2296,#559,.T.);
#2996=EDGE_CURVE('',#2457,#2456,#560,.T.);
#2997=EDGE_CURVE('',#2457,#2285,#561,.T.);
#2998=EDGE_CURVE('',#2443,#2457,#562,.T.);
#2999=EDGE_CURVE('',#2458,#2459,#563,.T.);
#3000=EDGE_CURVE('',#2458,#2299,#564,.T.);
#3001=EDGE_CURVE('',#2459,#2297,#565,.T.);
#3002=EDGE_CURVE('',#2460,#2458,#566,.T.);
#3003=EDGE_CURVE('',#2460,#2300,#567,.T.);
#3004=EDGE_CURVE('',#2461,#2460,#568,.T.);
#3005=EDGE_CURVE('',#2301,#2461,#569,.T.);
#3006=EDGE_CURVE('',#2462,#2461,#570,.T.);
#3007=EDGE_CURVE('',#2302,#2462,#571,.T.);
#3008=EDGE_CURVE('',#2463,#2462,#572,.T.);
#3009=EDGE_CURVE('',#2303,#2463,#573,.T.);
#3010=EDGE_CURVE('',#2464,#2463,#574,.T.);
#3011=EDGE_CURVE('',#2304,#2464,#575,.T.);
#3012=EDGE_CURVE('',#2465,#2464,#576,.T.);
#3013=EDGE_CURVE('',#2305,#2465,#577,.T.);
#3014=EDGE_CURVE('',#2466,#2465,#578,.T.);
#3015=EDGE_CURVE('',#2306,#2466,#579,.T.);
#3016=EDGE_CURVE('',#2467,#2466,#580,.T.);
#3017=EDGE_CURVE('',#2467,#2307,#2129,.T.);
#3018=EDGE_CURVE('',#2468,#2469,#581,.T.);
#3019=EDGE_CURVE('',#2469,#2468,#2130,.T.);
#3020=EDGE_CURVE('',#2469,#2467,#90,.T.);
#3021=EDGE_CURVE('',#2470,#2468,#91,.T.);
#3022=EDGE_CURVE('',#2307,#2470,#2131,.T.);
#3023=EDGE_CURVE('',#2471,#2470,#582,.T.);
#3024=EDGE_CURVE('',#2471,#2308,#583,.T.);
#3025=EDGE_CURVE('',#2472,#2471,#584,.T.);
#3026=EDGE_CURVE('',#2472,#2309,#585,.T.);
#3027=EDGE_CURVE('',#2473,#2472,#586,.T.);
#3028=EDGE_CURVE('',#2473,#2298,#587,.T.);
#3029=EDGE_CURVE('',#2459,#2473,#588,.T.);
#3030=EDGE_CURVE('',#2474,#2475,#589,.T.);
#3031=EDGE_CURVE('',#2474,#2312,#590,.T.);
#3032=EDGE_CURVE('',#2475,#2310,#591,.T.);
#3033=EDGE_CURVE('',#2476,#2474,#592,.T.);
#3034=EDGE_CURVE('',#2476,#2313,#593,.T.);
#3035=EDGE_CURVE('',#2477,#2476,#594,.T.);
#3036=EDGE_CURVE('',#2314,#2477,#595,.T.);
#3037=EDGE_CURVE('',#2478,#2477,#596,.T.);
#3038=EDGE_CURVE('',#2315,#2478,#597,.T.);
#3039=EDGE_CURVE('',#2479,#2478,#598,.T.);
#3040=EDGE_CURVE('',#2316,#2479,#599,.T.);
#3041=EDGE_CURVE('',#2480,#2479,#600,.T.);
#3042=EDGE_CURVE('',#2317,#2480,#601,.T.);
#3043=EDGE_CURVE('',#2481,#2480,#602,.T.);
#3044=EDGE_CURVE('',#2318,#2481,#603,.T.);
#3045=EDGE_CURVE('',#2482,#2481,#604,.T.);
#3046=EDGE_CURVE('',#2319,#2482,#605,.T.);
#3047=EDGE_CURVE('',#2483,#2482,#606,.T.);
#3048=EDGE_CURVE('',#2483,#2320,#2132,.T.);
#3049=EDGE_CURVE('',#2484,#2485,#607,.T.);
#3050=EDGE_CURVE('',#2485,#2484,#2133,.T.);
#3051=EDGE_CURVE('',#2485,#2483,#92,.T.);
#3052=EDGE_CURVE('',#2486,#2484,#93,.T.);
#3053=EDGE_CURVE('',#2320,#2486,#2134,.T.);
#3054=EDGE_CURVE('',#2487,#2486,#608,.T.);
#3055=EDGE_CURVE('',#2487,#2321,#609,.T.);
#3056=EDGE_CURVE('',#2488,#2487,#610,.T.);
#3057=EDGE_CURVE('',#2488,#2322,#611,.T.);
#3058=EDGE_CURVE('',#2489,#2488,#612,.T.);
#3059=EDGE_CURVE('',#2489,#2311,#613,.T.);
#3060=EDGE_CURVE('',#2475,#2489,#614,.T.);
#3061=EDGE_CURVE('',#2490,#2491,#615,.T.);
#3062=EDGE_CURVE('',#2490,#2325,#616,.T.);
#3063=EDGE_CURVE('',#2491,#2323,#617,.T.);
#3064=EDGE_CURVE('',#2492,#2490,#618,.T.);
#3065=EDGE_CURVE('',#2492,#2326,#619,.T.);
#3066=EDGE_CURVE('',#2493,#2492,#620,.T.);
#3067=EDGE_CURVE('',#2327,#2493,#621,.T.);
#3068=EDGE_CURVE('',#2494,#2493,#622,.T.);
#3069=EDGE_CURVE('',#2328,#2494,#623,.T.);
#3070=EDGE_CURVE('',#2495,#2494,#624,.T.);
#3071=EDGE_CURVE('',#2329,#2495,#625,.T.);
#3072=EDGE_CURVE('',#2496,#2495,#626,.T.);
#3073=EDGE_CURVE('',#2330,#2496,#627,.T.);
#3074=EDGE_CURVE('',#2497,#2496,#628,.T.);
#3075=EDGE_CURVE('',#2331,#2497,#629,.T.);
#3076=EDGE_CURVE('',#2498,#2497,#630,.T.);
#3077=EDGE_CURVE('',#2332,#2498,#631,.T.);
#3078=EDGE_CURVE('',#2499,#2498,#632,.T.);
#3079=EDGE_CURVE('',#2499,#2333,#2135,.T.);
#3080=EDGE_CURVE('',#2500,#2501,#633,.T.);
#3081=EDGE_CURVE('',#2501,#2500,#2136,.T.);
#3082=EDGE_CURVE('',#2501,#2499,#94,.T.);
#3083=EDGE_CURVE('',#2502,#2500,#95,.T.);
#3084=EDGE_CURVE('',#2333,#2502,#2137,.T.);
#3085=EDGE_CURVE('',#2503,#2502,#634,.T.);
#3086=EDGE_CURVE('',#2503,#2334,#635,.T.);
#3087=EDGE_CURVE('',#2504,#2503,#636,.T.);
#3088=EDGE_CURVE('',#2504,#2335,#637,.T.);
#3089=EDGE_CURVE('',#2505,#2504,#638,.T.);
#3090=EDGE_CURVE('',#2505,#2324,#639,.T.);
#3091=EDGE_CURVE('',#2491,#2505,#640,.T.);
#3092=EDGE_CURVE('',#2506,#2507,#641,.T.);
#3093=EDGE_CURVE('',#2506,#2338,#642,.T.);
#3094=EDGE_CURVE('',#2507,#2336,#643,.T.);
#3095=EDGE_CURVE('',#2508,#2506,#644,.T.);
#3096=EDGE_CURVE('',#2508,#2339,#645,.T.);
#3097=EDGE_CURVE('',#2509,#2508,#646,.T.);
#3098=EDGE_CURVE('',#2340,#2509,#647,.T.);
#3099=EDGE_CURVE('',#2510,#2509,#648,.T.);
#3100=EDGE_CURVE('',#2341,#2510,#649,.T.);
#3101=EDGE_CURVE('',#2511,#2510,#650,.T.);
#3102=EDGE_CURVE('',#2342,#2511,#651,.T.);
#3103=EDGE_CURVE('',#2512,#2511,#652,.T.);
#3104=EDGE_CURVE('',#2343,#2512,#653,.T.);
#3105=EDGE_CURVE('',#2513,#2512,#654,.T.);
#3106=EDGE_CURVE('',#2344,#2513,#655,.T.);
#3107=EDGE_CURVE('',#2514,#2513,#656,.T.);
#3108=EDGE_CURVE('',#2345,#2514,#657,.T.);
#3109=EDGE_CURVE('',#2515,#2514,#658,.T.);
#3110=EDGE_CURVE('',#2515,#2346,#2138,.T.);
#3111=EDGE_CURVE('',#2516,#2517,#659,.T.);
#3112=EDGE_CURVE('',#2517,#2516,#2139,.T.);
#3113=EDGE_CURVE('',#2517,#2515,#96,.T.);
#3114=EDGE_CURVE('',#2518,#2516,#97,.T.);
#3115=EDGE_CURVE('',#2346,#2518,#2140,.T.);
#3116=EDGE_CURVE('',#2519,#2518,#660,.T.);
#3117=EDGE_CURVE('',#2519,#2347,#661,.T.);
#3118=EDGE_CURVE('',#2520,#2519,#662,.T.);
#3119=EDGE_CURVE('',#2520,#2348,#663,.T.);
#3120=EDGE_CURVE('',#2521,#2520,#664,.T.);
#3121=EDGE_CURVE('',#2521,#2337,#665,.T.);
#3122=EDGE_CURVE('',#2507,#2521,#666,.T.);
#3123=EDGE_CURVE('',#2522,#2523,#667,.T.);
#3124=EDGE_CURVE('',#2522,#2351,#668,.T.);
#3125=EDGE_CURVE('',#2523,#2349,#669,.T.);
#3126=EDGE_CURVE('',#2524,#2522,#670,.T.);
#3127=EDGE_CURVE('',#2524,#2352,#671,.T.);
#3128=EDGE_CURVE('',#2525,#2524,#672,.T.);
#3129=EDGE_CURVE('',#2353,#2525,#673,.T.);
#3130=EDGE_CURVE('',#2526,#2525,#674,.T.);
#3131=EDGE_CURVE('',#2354,#2526,#675,.T.);
#3132=EDGE_CURVE('',#2527,#2526,#676,.T.);
#3133=EDGE_CURVE('',#2355,#2527,#677,.T.);
#3134=EDGE_CURVE('',#2528,#2527,#678,.T.);
#3135=EDGE_CURVE('',#2356,#2528,#679,.T.);
#3136=EDGE_CURVE('',#2529,#2528,#680,.T.);
#3137=EDGE_CURVE('',#2357,#2529,#681,.T.);
#3138=EDGE_CURVE('',#2530,#2529,#682,.T.);
#3139=EDGE_CURVE('',#2358,#2530,#683,.T.);
#3140=EDGE_CURVE('',#2531,#2530,#684,.T.);
#3141=EDGE_CURVE('',#2531,#2359,#2141,.T.);
#3142=EDGE_CURVE('',#2532,#2533,#685,.T.);
#3143=EDGE_CURVE('',#2533,#2532,#2142,.T.);
#3144=EDGE_CURVE('',#2533,#2531,#98,.T.);
#3145=EDGE_CURVE('',#2534,#2532,#99,.T.);
#3146=EDGE_CURVE('',#2359,#2534,#2143,.T.);
#3147=EDGE_CURVE('',#2535,#2534,#686,.T.);
#3148=EDGE_CURVE('',#2535,#2360,#687,.T.);
#3149=EDGE_CURVE('',#2536,#2535,#688,.T.);
#3150=EDGE_CURVE('',#2536,#2361,#689,.T.);
#3151=EDGE_CURVE('',#2537,#2536,#690,.T.);
#3152=EDGE_CURVE('',#2537,#2350,#691,.T.);
#3153=EDGE_CURVE('',#2523,#2537,#692,.T.);
#3154=EDGE_CURVE('',#2538,#2539,#693,.T.);
#3155=EDGE_CURVE('',#2538,#2364,#694,.T.);
#3156=EDGE_CURVE('',#2539,#2362,#695,.T.);
#3157=EDGE_CURVE('',#2540,#2538,#696,.T.);
#3158=EDGE_CURVE('',#2540,#2365,#697,.T.);
#3159=EDGE_CURVE('',#2541,#2540,#698,.T.);
#3160=EDGE_CURVE('',#2366,#2541,#699,.T.);
#3161=EDGE_CURVE('',#2542,#2541,#700,.T.);
#3162=EDGE_CURVE('',#2367,#2542,#701,.T.);
#3163=EDGE_CURVE('',#2543,#2542,#702,.T.);
#3164=EDGE_CURVE('',#2368,#2543,#703,.T.);
#3165=EDGE_CURVE('',#2544,#2543,#704,.T.);
#3166=EDGE_CURVE('',#2369,#2544,#705,.T.);
#3167=EDGE_CURVE('',#2545,#2544,#706,.T.);
#3168=EDGE_CURVE('',#2370,#2545,#707,.T.);
#3169=EDGE_CURVE('',#2546,#2545,#708,.T.);
#3170=EDGE_CURVE('',#2371,#2546,#709,.T.);
#3171=EDGE_CURVE('',#2547,#2546,#710,.T.);
#3172=EDGE_CURVE('',#2547,#2372,#2144,.T.);
#3173=EDGE_CURVE('',#2548,#2549,#711,.T.);
#3174=EDGE_CURVE('',#2549,#2548,#2145,.T.);
#3175=EDGE_CURVE('',#2549,#2547,#100,.T.);
#3176=EDGE_CURVE('',#2550,#2548,#101,.T.);
#3177=EDGE_CURVE('',#2372,#2550,#2146,.T.);
#3178=EDGE_CURVE('',#2551,#2550,#712,.T.);
#3179=EDGE_CURVE('',#2551,#2373,#713,.T.);
#3180=EDGE_CURVE('',#2552,#2551,#714,.T.);
#3181=EDGE_CURVE('',#2552,#2374,#715,.T.);
#3182=EDGE_CURVE('',#2553,#2552,#716,.T.);
#3183=EDGE_CURVE('',#2553,#2363,#717,.T.);
#3184=EDGE_CURVE('',#2539,#2553,#718,.T.);
#3185=EDGE_CURVE('',#2554,#2555,#719,.T.);
#3186=EDGE_CURVE('',#2554,#2377,#720,.T.);
#3187=EDGE_CURVE('',#2555,#2375,#721,.T.);
#3188=EDGE_CURVE('',#2556,#2554,#722,.T.);
#3189=EDGE_CURVE('',#2556,#2378,#723,.T.);
#3190=EDGE_CURVE('',#2557,#2556,#724,.T.);
#3191=EDGE_CURVE('',#2379,#2557,#725,.T.);
#3192=EDGE_CURVE('',#2558,#2557,#726,.T.);
#3193=EDGE_CURVE('',#2380,#2558,#727,.T.);
#3194=EDGE_CURVE('',#2559,#2558,#728,.T.);
#3195=EDGE_CURVE('',#2381,#2559,#729,.T.);
#3196=EDGE_CURVE('',#2560,#2559,#730,.T.);
#3197=EDGE_CURVE('',#2382,#2560,#731,.T.);
#3198=EDGE_CURVE('',#2561,#2560,#732,.T.);
#3199=EDGE_CURVE('',#2383,#2561,#733,.T.);
#3200=EDGE_CURVE('',#2562,#2561,#734,.T.);
#3201=EDGE_CURVE('',#2384,#2562,#735,.T.);
#3202=EDGE_CURVE('',#2563,#2562,#736,.T.);
#3203=EDGE_CURVE('',#2563,#2385,#2147,.T.);
#3204=EDGE_CURVE('',#2564,#2565,#737,.T.);
#3205=EDGE_CURVE('',#2565,#2564,#2148,.T.);
#3206=EDGE_CURVE('',#2565,#2563,#102,.T.);
#3207=EDGE_CURVE('',#2566,#2564,#103,.T.);
#3208=EDGE_CURVE('',#2385,#2566,#2149,.T.);
#3209=EDGE_CURVE('',#2567,#2566,#738,.T.);
#3210=EDGE_CURVE('',#2567,#2386,#739,.T.);
#3211=EDGE_CURVE('',#2568,#2567,#740,.T.);
#3212=EDGE_CURVE('',#2568,#2387,#741,.T.);
#3213=EDGE_CURVE('',#2569,#2568,#742,.T.);
#3214=EDGE_CURVE('',#2569,#2376,#743,.T.);
#3215=EDGE_CURVE('',#2555,#2569,#744,.T.);
#3216=EDGE_CURVE('',#2570,#2571,#745,.T.);
#3217=EDGE_CURVE('',#2570,#2390,#746,.T.);
#3218=EDGE_CURVE('',#2571,#2388,#747,.T.);
#3219=EDGE_CURVE('',#2572,#2570,#748,.T.);
#3220=EDGE_CURVE('',#2572,#2391,#749,.T.);
#3221=EDGE_CURVE('',#2573,#2572,#750,.T.);
#3222=EDGE_CURVE('',#2392,#2573,#751,.T.);
#3223=EDGE_CURVE('',#2574,#2573,#752,.T.);
#3224=EDGE_CURVE('',#2393,#2574,#753,.T.);
#3225=EDGE_CURVE('',#2575,#2574,#754,.T.);
#3226=EDGE_CURVE('',#2394,#2575,#755,.T.);
#3227=EDGE_CURVE('',#2576,#2575,#756,.T.);
#3228=EDGE_CURVE('',#2395,#2576,#757,.T.);
#3229=EDGE_CURVE('',#2577,#2576,#758,.T.);
#3230=EDGE_CURVE('',#2396,#2577,#759,.T.);
#3231=EDGE_CURVE('',#2578,#2577,#760,.T.);
#3232=EDGE_CURVE('',#2397,#2578,#761,.T.);
#3233=EDGE_CURVE('',#2579,#2578,#762,.T.);
#3234=EDGE_CURVE('',#2579,#2398,#2150,.T.);
#3235=EDGE_CURVE('',#2580,#2581,#763,.T.);
#3236=EDGE_CURVE('',#2581,#2580,#2151,.T.);
#3237=EDGE_CURVE('',#2581,#2579,#104,.T.);
#3238=EDGE_CURVE('',#2582,#2580,#105,.T.);
#3239=EDGE_CURVE('',#2398,#2582,#2152,.T.);
#3240=EDGE_CURVE('',#2583,#2582,#764,.T.);
#3241=EDGE_CURVE('',#2583,#2399,#765,.T.);
#3242=EDGE_CURVE('',#2584,#2583,#766,.T.);
#3243=EDGE_CURVE('',#2584,#2400,#767,.T.);
#3244=EDGE_CURVE('',#2585,#2584,#768,.T.);
#3245=EDGE_CURVE('',#2585,#2389,#769,.T.);
#3246=EDGE_CURVE('',#2571,#2585,#770,.T.);
#3247=EDGE_CURVE('',#2401,#2586,#2067,.T.);
#3248=EDGE_CURVE('',#2586,#2586,#106,.T.);
#3249=EDGE_CURVE('',#2402,#2587,#2068,.T.);
#3250=EDGE_CURVE('',#2587,#2587,#107,.T.);
#3251=EDGE_CURVE('',#2588,#2403,#771,.T.);
#3252=EDGE_CURVE('',#2588,#2588,#2069,.T.);
#3253=EDGE_CURVE('',#2589,#2422,#772,.T.);
#3254=EDGE_CURVE('',#2590,#2589,#773,.T.);
#3255=EDGE_CURVE('',#2590,#2178,#774,.T.);
#3256=EDGE_CURVE('',#2195,#2591,#2153,.T.);
#3257=EDGE_CURVE('',#2194,#2592,#2154,.T.);
#3258=EDGE_CURVE('',#2592,#2591,#775,.T.);
#3259=EDGE_CURVE('',#2591,#2593,#776,.T.);
#3260=EDGE_CURVE('',#2196,#2593,#2155,.T.);
#3261=EDGE_CURVE('',#2593,#2594,#2156,.T.);
#3262=EDGE_CURVE('',#2197,#2594,#2157,.T.);
#3263=EDGE_CURVE('',#2594,#2407,#777,.T.);
#3264=EDGE_CURVE('',#2410,#2595,#2070,.T.);
#3265=EDGE_CURVE('',#2408,#2595,#2158,.T.);
#3266=EDGE_CURVE('',#2407,#2596,#2071,.T.);
#3267=EDGE_CURVE('',#2405,#2596,#2159,.T.);
#3268=EDGE_CURVE('',#2410,#2596,#778,.T.);
#3269=EDGE_CURVE('',#2597,#2417,#108,.T.);
#3270=EDGE_CURVE('',#2418,#2598,#2160,.T.);
#3271=EDGE_CURVE('',#2598,#2217,#779,.T.);
#3272=EDGE_CURVE('',#2217,#2597,#780,.T.);
#3273=EDGE_CURVE('',#2599,#2600,#781,.T.);
#3274=EDGE_CURVE('',#2600,#2601,#2161,.T.);
#3275=EDGE_CURVE('',#2601,#2602,#782,.T.);
#3276=EDGE_CURVE('',#2602,#2603,#2162,.T.);
#3277=EDGE_CURVE('',#2603,#2604,#783,.T.);
#3278=EDGE_CURVE('',#2604,#2605,#2163,.T.);
#3279=EDGE_CURVE('',#2606,#2605,#784,.T.);
#3280=EDGE_CURVE('',#2412,#2606,#109,.T.);
#3281=EDGE_CURVE('',#2599,#2597,#785,.T.);
#3282=EDGE_CURVE('',#2606,#2607,#786,.T.);
#3283=EDGE_CURVE('',#2607,#2413,#2164,.T.);
#3284=EDGE_CURVE('',#2608,#2609,#787,.T.);
#3285=EDGE_CURVE('',#2610,#2609,#788,.T.);
#3286=EDGE_CURVE('',#2611,#2610,#789,.T.);
#3287=EDGE_CURVE('',#2611,#2608,#790,.T.);
#3288=EDGE_CURVE('',#2612,#2613,#791,.T.);
#3289=EDGE_CURVE('',#2612,#2598,#792,.T.);
#3290=EDGE_CURVE('',#2614,#2607,#793,.T.);
#3291=EDGE_CURVE('',#2608,#2614,#110,.T.);
#3292=EDGE_CURVE('',#2615,#2611,#794,.T.);
#3293=EDGE_CURVE('',#2616,#2615,#795,.T.);
#3294=EDGE_CURVE('',#2617,#2616,#111,.T.);
#3295=EDGE_CURVE('',#2618,#2617,#796,.T.);
#3296=EDGE_CURVE('',#2613,#2618,#112,.T.);
#3297=EDGE_CURVE('',#2619,#2620,#797,.T.);
#3298=EDGE_CURVE('',#2616,#2619,#798,.T.);
#3299=EDGE_CURVE('',#2615,#2620,#799,.T.);
#3300=EDGE_CURVE('',#2595,#2621,#800,.T.);
#3301=EDGE_CURVE('',#2420,#2621,#113,.F.);
#3302=EDGE_CURVE('',#2622,#2623,#2165,.T.);
#3303=EDGE_CURVE('',#2623,#2420,#801,.T.);
#3304=EDGE_CURVE('',#2621,#2622,#802,.T.);
#3305=EDGE_CURVE('',#2622,#2624,#2072,.T.);
#3306=EDGE_CURVE('',#2624,#2623,#2166,.T.);
#3307=EDGE_CURVE('',#2624,#2625,#2167,.T.);
#3308=EDGE_CURVE('',#2625,#2626,#2168,.T.);
#3309=EDGE_CURVE('',#2626,#2627,#2169,.T.);
#3310=EDGE_CURVE('',#2623,#2627,#2170,.T.);
#3311=EDGE_CURVE('',#2628,#2629,#2171,.T.);
#3312=EDGE_CURVE('',#2629,#2626,#803,.T.);
#3313=EDGE_CURVE('',#2625,#2628,#804,.T.);
#3314=EDGE_CURVE('',#2630,#2629,#805,.T.);
#3315=EDGE_CURVE('',#2630,#2631,#806,.T.);
#3316=EDGE_CURVE('',#2627,#2631,#807,.T.);
#3317=EDGE_CURVE('',#2628,#2632,#808,.T.);
#3318=EDGE_CURVE('',#2632,#2630,#2172,.T.);
#3319=EDGE_CURVE('',#2421,#2631,#809,.T.);
#3320=EDGE_CURVE('',#2633,#2421,#810,.T.);
#3321=EDGE_CURVE('',#2589,#2633,#811,.T.);
#3322=EDGE_CURVE('',#2633,#2634,#812,.T.);
#3323=EDGE_CURVE('',#2634,#2635,#813,.T.);
#3324=EDGE_CURVE('',#2635,#2636,#814,.T.);
#3325=EDGE_CURVE('',#2636,#2637,#815,.T.);
#3326=EDGE_CURVE('',#2637,#2638,#816,.T.);
#3327=EDGE_CURVE('',#2638,#2590,#2073,.T.);
#3328=EDGE_CURVE('',#2638,#2200,#2074,.T.);
#3329=EDGE_CURVE('',#2227,#2592,#817,.T.);
#3330=EDGE_CURVE('',#2226,#2591,#818,.T.);
#3331=EDGE_CURVE('',#2593,#2225,#819,.T.);
#3332=EDGE_CURVE('',#2224,#2594,#820,.T.);
#3333=EDGE_CURVE('',#2407,#2223,#821,.T.);
#3334=EDGE_CURVE('',#2617,#2222,#822,.T.);
#3335=EDGE_CURVE('',#2619,#2595,#823,.T.);
#3336=EDGE_CURVE('',#2618,#2221,#824,.T.);
#3337=EDGE_CURVE('',#2613,#2220,#825,.T.);
#3338=EDGE_CURVE('',#2612,#2219,#826,.T.);
#3339=EDGE_CURVE('',#2219,#2599,#827,.T.);
#3340=EDGE_CURVE('',#2219,#2218,#828,.T.);
#3341=EDGE_CURVE('',#2218,#2600,#829,.T.);
#3342=EDGE_CURVE('',#2218,#2217,#830,.T.);
#3343=EDGE_CURVE('',#2601,#2216,#831,.T.);
#3344=EDGE_CURVE('',#2215,#2602,#832,.T.);
#3345=EDGE_CURVE('',#2214,#2603,#833,.T.);
#3346=EDGE_CURVE('',#2213,#2604,#834,.T.);
#3347=EDGE_CURVE('',#2605,#2212,#835,.T.);
#3348=EDGE_CURVE('',#2614,#2211,#836,.T.);
#3349=EDGE_CURVE('',#2609,#2210,#837,.T.);
#3350=EDGE_CURVE('',#2639,#2209,#838,.T.);
#3351=EDGE_CURVE('',#2639,#2624,#839,.T.);
#3352=EDGE_CURVE('',#2208,#2625,#840,.T.);
#3353=EDGE_CURVE('',#2207,#2640,#841,.T.);
#3354=EDGE_CURVE('',#2640,#2628,#842,.T.);
#3355=EDGE_CURVE('',#2206,#2632,#843,.T.);
#3356=EDGE_CURVE('',#2631,#2205,#844,.T.);
#3357=EDGE_CURVE('',#2634,#2204,#845,.T.);
#3358=EDGE_CURVE('',#2635,#2203,#846,.T.);
#3359=EDGE_CURVE('',#2636,#2202,#847,.T.);
#3360=EDGE_CURVE('',#2637,#2201,#848,.T.);
#3361=ORIENTED_EDGE('',*,*,#2641,.T.);
#3362=ORIENTED_EDGE('',*,*,#2642,.T.);
#3363=ORIENTED_EDGE('',*,*,#2643,.T.);
#3364=ORIENTED_EDGE('',*,*,#2644,.T.);
#3365=ORIENTED_EDGE('',*,*,#2645,.T.);
#3366=ORIENTED_EDGE('',*,*,#2646,.T.);
#3367=ORIENTED_EDGE('',*,*,#2641,.F.);
#3368=ORIENTED_EDGE('',*,*,#2647,.T.);
#3369=ORIENTED_EDGE('',*,*,#2648,.T.);
#3370=ORIENTED_EDGE('',*,*,#2649,.T.);
#3371=ORIENTED_EDGE('',*,*,#2643,.F.);
#3372=ORIENTED_EDGE('',*,*,#2650,.T.);
#3373=ORIENTED_EDGE('',*,*,#2651,.T.);
#3374=ORIENTED_EDGE('',*,*,#2652,.T.);
#3375=ORIENTED_EDGE('',*,*,#2645,.F.);
#3376=ORIENTED_EDGE('',*,*,#2653,.T.);
#3377=ORIENTED_EDGE('',*,*,#2654,.T.);
#3378=ORIENTED_EDGE('',*,*,#2655,.T.);
#3379=ORIENTED_EDGE('',*,*,#2648,.F.);
#3380=ORIENTED_EDGE('',*,*,#2656,.T.);
#3381=ORIENTED_EDGE('',*,*,#2657,.T.);
#3382=ORIENTED_EDGE('',*,*,#2658,.T.);
#3383=ORIENTED_EDGE('',*,*,#2653,.F.);
#3384=ORIENTED_EDGE('',*,*,#2647,.F.);
#3385=ORIENTED_EDGE('',*,*,#2659,.T.);
#3386=ORIENTED_EDGE('',*,*,#2660,.F.);
#3387=ORIENTED_EDGE('',*,*,#2661,.T.);
#3388=ORIENTED_EDGE('',*,*,#2644,.F.);
#3389=ORIENTED_EDGE('',*,*,#2662,.F.);
#3390=ORIENTED_EDGE('',*,*,#2663,.F.);
#3391=ORIENTED_EDGE('',*,*,#2664,.F.);
#3392=ORIENTED_EDGE('',*,*,#2665,.F.);
#3393=ORIENTED_EDGE('',*,*,#2659,.F.);
#3394=ORIENTED_EDGE('',*,*,#2649,.F.);
#3395=ORIENTED_EDGE('',*,*,#2655,.F.);
#3396=ORIENTED_EDGE('',*,*,#2666,.T.);
#3397=ORIENTED_EDGE('',*,*,#2667,.T.);
#3398=ORIENTED_EDGE('',*,*,#2662,.T.);
#3399=ORIENTED_EDGE('',*,*,#2654,.F.);
#3400=ORIENTED_EDGE('',*,*,#2668,.F.);
#3401=ORIENTED_EDGE('',*,*,#2669,.F.);
#3402=ORIENTED_EDGE('',*,*,#2670,.F.);
#3403=ORIENTED_EDGE('',*,*,#2671,.F.);
#3404=ORIENTED_EDGE('',*,*,#2672,.F.);
#3405=ORIENTED_EDGE('',*,*,#2673,.F.);
#3406=ORIENTED_EDGE('',*,*,#2666,.F.);
#3407=ORIENTED_EDGE('',*,*,#2656,.F.);
#3408=ORIENTED_EDGE('',*,*,#2674,.T.);
#3409=ORIENTED_EDGE('',*,*,#2675,.T.);
#3410=ORIENTED_EDGE('',*,*,#2658,.F.);
#3411=ORIENTED_EDGE('',*,*,#2676,.T.);
#3412=ORIENTED_EDGE('',*,*,#2677,.F.);
#3413=ORIENTED_EDGE('',*,*,#2668,.T.);
#3414=ORIENTED_EDGE('',*,*,#2657,.F.);
#3415=ORIENTED_EDGE('',*,*,#2675,.F.);
#3416=ORIENTED_EDGE('',*,*,#2678,.F.);
#3417=ORIENTED_EDGE('',*,*,#2679,.F.);
#3418=ORIENTED_EDGE('',*,*,#2680,.F.);
#3419=ORIENTED_EDGE('',*,*,#2681,.F.);
#3420=ORIENTED_EDGE('',*,*,#2682,.F.);
#3421=ORIENTED_EDGE('',*,*,#2683,.F.);
#3422=ORIENTED_EDGE('',*,*,#2684,.F.);
#3423=ORIENTED_EDGE('',*,*,#2685,.F.);
#3424=ORIENTED_EDGE('',*,*,#2686,.F.);
#3425=ORIENTED_EDGE('',*,*,#2687,.F.);
#3426=ORIENTED_EDGE('',*,*,#2688,.F.);
#3427=ORIENTED_EDGE('',*,*,#2689,.F.);
#3428=ORIENTED_EDGE('',*,*,#2690,.F.);
#3429=ORIENTED_EDGE('',*,*,#2691,.T.);
#3430=ORIENTED_EDGE('',*,*,#2692,.T.);
#3431=ORIENTED_EDGE('',*,*,#2693,.T.);
#3432=ORIENTED_EDGE('',*,*,#2694,.T.);
#3433=ORIENTED_EDGE('',*,*,#2695,.T.);
#3434=ORIENTED_EDGE('',*,*,#2696,.F.);
#3435=ORIENTED_EDGE('',*,*,#2697,.F.);
#3436=ORIENTED_EDGE('',*,*,#2698,.F.);
#3437=ORIENTED_EDGE('',*,*,#2699,.F.);
#3438=ORIENTED_EDGE('',*,*,#2700,.F.);
#3439=ORIENTED_EDGE('',*,*,#2701,.F.);
#3440=ORIENTED_EDGE('',*,*,#2702,.T.);
#3441=ORIENTED_EDGE('',*,*,#2703,.F.);
#3442=ORIENTED_EDGE('',*,*,#2704,.F.);
#3443=ORIENTED_EDGE('',*,*,#2705,.F.);
#3444=ORIENTED_EDGE('',*,*,#2706,.F.);
#3445=ORIENTED_EDGE('',*,*,#2676,.F.);
#3446=ORIENTED_EDGE('',*,*,#2707,.T.);
#3447=ORIENTED_EDGE('',*,*,#2708,.T.);
#3448=ORIENTED_EDGE('',*,*,#2709,.T.);
#3449=ORIENTED_EDGE('',*,*,#2710,.T.);
#3450=ORIENTED_EDGE('',*,*,#2711,.T.);
#3451=ORIENTED_EDGE('',*,*,#2712,.T.);
#3452=ORIENTED_EDGE('',*,*,#2713,.T.);
#3453=ORIENTED_EDGE('',*,*,#2714,.F.);
#3454=ORIENTED_EDGE('',*,*,#2715,.T.);
#3455=ORIENTED_EDGE('',*,*,#2716,.F.);
#3456=ORIENTED_EDGE('',*,*,#2717,.T.);
#3457=ORIENTED_EDGE('',*,*,#2714,.T.);
#3458=ORIENTED_EDGE('',*,*,#2717,.F.);
#3459=ORIENTED_EDGE('',*,*,#2715,.F.);
#3460=ORIENTED_EDGE('',*,*,#2718,.T.);
#3461=ORIENTED_EDGE('',*,*,#2713,.F.);
#3462=ORIENTED_EDGE('',*,*,#2718,.F.);
#3463=ORIENTED_EDGE('',*,*,#2719,.F.);
#3464=ORIENTED_EDGE('',*,*,#2720,.T.);
#3465=ORIENTED_EDGE('',*,*,#2721,.F.);
#3466=ORIENTED_EDGE('',*,*,#2722,.T.);
#3467=ORIENTED_EDGE('',*,*,#2719,.T.);
#3468=ORIENTED_EDGE('',*,*,#2722,.F.);
#3469=ORIENTED_EDGE('',*,*,#2720,.F.);
#3470=ORIENTED_EDGE('',*,*,#2723,.T.);
#3471=ORIENTED_EDGE('',*,*,#2712,.F.);
#3472=ORIENTED_EDGE('',*,*,#2723,.F.);
#3473=ORIENTED_EDGE('',*,*,#2724,.F.);
#3474=ORIENTED_EDGE('',*,*,#2725,.T.);
#3475=ORIENTED_EDGE('',*,*,#2726,.F.);
#3476=ORIENTED_EDGE('',*,*,#2727,.T.);
#3477=ORIENTED_EDGE('',*,*,#2724,.T.);
#3478=ORIENTED_EDGE('',*,*,#2727,.F.);
#3479=ORIENTED_EDGE('',*,*,#2725,.F.);
#3480=ORIENTED_EDGE('',*,*,#2728,.T.);
#3481=ORIENTED_EDGE('',*,*,#2711,.F.);
#3482=ORIENTED_EDGE('',*,*,#2728,.F.);
#3483=ORIENTED_EDGE('',*,*,#2729,.F.);
#3484=ORIENTED_EDGE('',*,*,#2730,.T.);
#3485=ORIENTED_EDGE('',*,*,#2731,.F.);
#3486=ORIENTED_EDGE('',*,*,#2732,.T.);
#3487=ORIENTED_EDGE('',*,*,#2729,.T.);
#3488=ORIENTED_EDGE('',*,*,#2732,.F.);
#3489=ORIENTED_EDGE('',*,*,#2730,.F.);
#3490=ORIENTED_EDGE('',*,*,#2733,.T.);
#3491=ORIENTED_EDGE('',*,*,#2710,.F.);
#3492=ORIENTED_EDGE('',*,*,#2733,.F.);
#3493=ORIENTED_EDGE('',*,*,#2734,.F.);
#3494=ORIENTED_EDGE('',*,*,#2735,.T.);
#3495=ORIENTED_EDGE('',*,*,#2736,.F.);
#3496=ORIENTED_EDGE('',*,*,#2737,.T.);
#3497=ORIENTED_EDGE('',*,*,#2734,.T.);
#3498=ORIENTED_EDGE('',*,*,#2737,.F.);
#3499=ORIENTED_EDGE('',*,*,#2735,.F.);
#3500=ORIENTED_EDGE('',*,*,#2738,.T.);
#3501=ORIENTED_EDGE('',*,*,#2709,.F.);
#3502=ORIENTED_EDGE('',*,*,#2738,.F.);
#3503=ORIENTED_EDGE('',*,*,#2739,.F.);
#3504=ORIENTED_EDGE('',*,*,#2740,.T.);
#3505=ORIENTED_EDGE('',*,*,#2741,.F.);
#3506=ORIENTED_EDGE('',*,*,#2742,.T.);
#3507=ORIENTED_EDGE('',*,*,#2739,.T.);
#3508=ORIENTED_EDGE('',*,*,#2742,.F.);
#3509=ORIENTED_EDGE('',*,*,#2740,.F.);
#3510=ORIENTED_EDGE('',*,*,#2743,.T.);
#3511=ORIENTED_EDGE('',*,*,#2708,.F.);
#3512=ORIENTED_EDGE('',*,*,#2743,.F.);
#3513=ORIENTED_EDGE('',*,*,#2744,.F.);
#3514=ORIENTED_EDGE('',*,*,#2745,.T.);
#3515=ORIENTED_EDGE('',*,*,#2746,.F.);
#3516=ORIENTED_EDGE('',*,*,#2747,.T.);
#3517=ORIENTED_EDGE('',*,*,#2744,.T.);
#3518=ORIENTED_EDGE('',*,*,#2747,.F.);
#3519=ORIENTED_EDGE('',*,*,#2745,.F.);
#3520=ORIENTED_EDGE('',*,*,#2748,.T.);
#3521=ORIENTED_EDGE('',*,*,#2707,.F.);
#3522=ORIENTED_EDGE('',*,*,#2748,.F.);
#3523=ORIENTED_EDGE('',*,*,#2749,.T.);
#3524=ORIENTED_EDGE('',*,*,#2750,.T.);
#3525=ORIENTED_EDGE('',*,*,#2751,.T.);
#3526=ORIENTED_EDGE('',*,*,#2752,.T.);
#3527=ORIENTED_EDGE('',*,*,#2753,.T.);
#3528=ORIENTED_EDGE('',*,*,#2754,.T.);
#3529=ORIENTED_EDGE('',*,*,#2755,.T.);
#3530=ORIENTED_EDGE('',*,*,#2756,.T.);
#3531=ORIENTED_EDGE('',*,*,#2749,.F.);
#3532=ORIENTED_EDGE('',*,*,#2756,.F.);
#3533=ORIENTED_EDGE('',*,*,#2757,.T.);
#3534=ORIENTED_EDGE('',*,*,#2758,.T.);
#3535=ORIENTED_EDGE('',*,*,#2750,.F.);
#3536=ORIENTED_EDGE('',*,*,#2758,.F.);
#3537=ORIENTED_EDGE('',*,*,#2759,.T.);
#3538=ORIENTED_EDGE('',*,*,#2760,.T.);
#3539=ORIENTED_EDGE('',*,*,#2751,.F.);
#3540=ORIENTED_EDGE('',*,*,#2760,.F.);
#3541=ORIENTED_EDGE('',*,*,#2761,.T.);
#3542=ORIENTED_EDGE('',*,*,#2762,.T.);
#3543=ORIENTED_EDGE('',*,*,#2752,.F.);
#3544=ORIENTED_EDGE('',*,*,#2762,.F.);
#3545=ORIENTED_EDGE('',*,*,#2763,.T.);
#3546=ORIENTED_EDGE('',*,*,#2764,.T.);
#3547=ORIENTED_EDGE('',*,*,#2753,.F.);
#3548=ORIENTED_EDGE('',*,*,#2764,.F.);
#3549=ORIENTED_EDGE('',*,*,#2765,.T.);
#3550=ORIENTED_EDGE('',*,*,#2766,.T.);
#3551=ORIENTED_EDGE('',*,*,#2754,.F.);
#3552=ORIENTED_EDGE('',*,*,#2766,.F.);
#3553=ORIENTED_EDGE('',*,*,#2767,.F.);
#3554=ORIENTED_EDGE('',*,*,#2755,.F.);
#3555=ORIENTED_EDGE('',*,*,#2768,.F.);
#3556=ORIENTED_EDGE('',*,*,#2757,.F.);
#3557=ORIENTED_EDGE('',*,*,#2769,.F.);
#3558=ORIENTED_EDGE('',*,*,#2759,.F.);
#3559=ORIENTED_EDGE('',*,*,#2770,.F.);
#3560=ORIENTED_EDGE('',*,*,#2771,.T.);
#3561=ORIENTED_EDGE('',*,*,#2772,.T.);
#3562=ORIENTED_EDGE('',*,*,#2773,.T.);
#3563=ORIENTED_EDGE('',*,*,#2774,.F.);
#3564=ORIENTED_EDGE('',*,*,#2775,.T.);
#3565=ORIENTED_EDGE('',*,*,#2776,.T.);
#3566=ORIENTED_EDGE('',*,*,#2777,.F.);
#3567=ORIENTED_EDGE('',*,*,#2778,.T.);
#3568=ORIENTED_EDGE('',*,*,#2779,.F.);
#3569=ORIENTED_EDGE('',*,*,#2780,.F.);
#3570=ORIENTED_EDGE('',*,*,#2781,.F.);
#3571=ORIENTED_EDGE('',*,*,#2782,.F.);
#3572=ORIENTED_EDGE('',*,*,#2783,.F.);
#3573=ORIENTED_EDGE('',*,*,#2784,.T.);
#3574=ORIENTED_EDGE('',*,*,#2785,.T.);
#3575=ORIENTED_EDGE('',*,*,#2786,.T.);
#3576=ORIENTED_EDGE('',*,*,#2787,.F.);
#3577=ORIENTED_EDGE('',*,*,#2788,.T.);
#3578=ORIENTED_EDGE('',*,*,#2789,.T.);
#3579=ORIENTED_EDGE('',*,*,#2790,.F.);
#3580=ORIENTED_EDGE('',*,*,#2791,.T.);
#3581=ORIENTED_EDGE('',*,*,#2792,.F.);
#3582=ORIENTED_EDGE('',*,*,#2793,.F.);
#3583=ORIENTED_EDGE('',*,*,#2794,.F.);
#3584=ORIENTED_EDGE('',*,*,#2795,.F.);
#3585=ORIENTED_EDGE('',*,*,#2796,.F.);
#3586=ORIENTED_EDGE('',*,*,#2797,.T.);
#3587=ORIENTED_EDGE('',*,*,#2798,.T.);
#3588=ORIENTED_EDGE('',*,*,#2799,.T.);
#3589=ORIENTED_EDGE('',*,*,#2800,.F.);
#3590=ORIENTED_EDGE('',*,*,#2801,.T.);
#3591=ORIENTED_EDGE('',*,*,#2802,.T.);
#3592=ORIENTED_EDGE('',*,*,#2803,.F.);
#3593=ORIENTED_EDGE('',*,*,#2804,.T.);
#3594=ORIENTED_EDGE('',*,*,#2805,.F.);
#3595=ORIENTED_EDGE('',*,*,#2806,.F.);
#3596=ORIENTED_EDGE('',*,*,#2807,.F.);
#3597=ORIENTED_EDGE('',*,*,#2808,.F.);
#3598=ORIENTED_EDGE('',*,*,#2809,.F.);
#3599=ORIENTED_EDGE('',*,*,#2810,.T.);
#3600=ORIENTED_EDGE('',*,*,#2811,.T.);
#3601=ORIENTED_EDGE('',*,*,#2812,.T.);
#3602=ORIENTED_EDGE('',*,*,#2813,.F.);
#3603=ORIENTED_EDGE('',*,*,#2814,.T.);
#3604=ORIENTED_EDGE('',*,*,#2815,.T.);
#3605=ORIENTED_EDGE('',*,*,#2816,.F.);
#3606=ORIENTED_EDGE('',*,*,#2817,.T.);
#3607=ORIENTED_EDGE('',*,*,#2818,.F.);
#3608=ORIENTED_EDGE('',*,*,#2819,.F.);
#3609=ORIENTED_EDGE('',*,*,#2820,.F.);
#3610=ORIENTED_EDGE('',*,*,#2821,.F.);
#3611=ORIENTED_EDGE('',*,*,#2822,.F.);
#3612=ORIENTED_EDGE('',*,*,#2823,.T.);
#3613=ORIENTED_EDGE('',*,*,#2824,.T.);
#3614=ORIENTED_EDGE('',*,*,#2825,.T.);
#3615=ORIENTED_EDGE('',*,*,#2826,.F.);
#3616=ORIENTED_EDGE('',*,*,#2827,.T.);
#3617=ORIENTED_EDGE('',*,*,#2828,.T.);
#3618=ORIENTED_EDGE('',*,*,#2829,.F.);
#3619=ORIENTED_EDGE('',*,*,#2830,.T.);
#3620=ORIENTED_EDGE('',*,*,#2831,.F.);
#3621=ORIENTED_EDGE('',*,*,#2832,.F.);
#3622=ORIENTED_EDGE('',*,*,#2833,.F.);
#3623=ORIENTED_EDGE('',*,*,#2834,.F.);
#3624=ORIENTED_EDGE('',*,*,#2835,.F.);
#3625=ORIENTED_EDGE('',*,*,#2836,.T.);
#3626=ORIENTED_EDGE('',*,*,#2837,.T.);
#3627=ORIENTED_EDGE('',*,*,#2838,.T.);
#3628=ORIENTED_EDGE('',*,*,#2839,.F.);
#3629=ORIENTED_EDGE('',*,*,#2840,.T.);
#3630=ORIENTED_EDGE('',*,*,#2841,.T.);
#3631=ORIENTED_EDGE('',*,*,#2842,.F.);
#3632=ORIENTED_EDGE('',*,*,#2843,.T.);
#3633=ORIENTED_EDGE('',*,*,#2844,.F.);
#3634=ORIENTED_EDGE('',*,*,#2845,.F.);
#3635=ORIENTED_EDGE('',*,*,#2846,.F.);
#3636=ORIENTED_EDGE('',*,*,#2847,.F.);
#3637=ORIENTED_EDGE('',*,*,#2848,.F.);
#3638=ORIENTED_EDGE('',*,*,#2849,.T.);
#3639=ORIENTED_EDGE('',*,*,#2850,.T.);
#3640=ORIENTED_EDGE('',*,*,#2851,.T.);
#3641=ORIENTED_EDGE('',*,*,#2852,.F.);
#3642=ORIENTED_EDGE('',*,*,#2853,.T.);
#3643=ORIENTED_EDGE('',*,*,#2854,.T.);
#3644=ORIENTED_EDGE('',*,*,#2855,.F.);
#3645=ORIENTED_EDGE('',*,*,#2856,.T.);
#3646=ORIENTED_EDGE('',*,*,#2857,.F.);
#3647=ORIENTED_EDGE('',*,*,#2858,.F.);
#3648=ORIENTED_EDGE('',*,*,#2859,.F.);
#3649=ORIENTED_EDGE('',*,*,#2860,.F.);
#3650=ORIENTED_EDGE('',*,*,#2861,.F.);
#3651=ORIENTED_EDGE('',*,*,#2862,.T.);
#3652=ORIENTED_EDGE('',*,*,#2863,.T.);
#3653=ORIENTED_EDGE('',*,*,#2864,.T.);
#3654=ORIENTED_EDGE('',*,*,#2865,.F.);
#3655=ORIENTED_EDGE('',*,*,#2866,.T.);
#3656=ORIENTED_EDGE('',*,*,#2867,.T.);
#3657=ORIENTED_EDGE('',*,*,#2868,.F.);
#3658=ORIENTED_EDGE('',*,*,#2869,.T.);
#3659=ORIENTED_EDGE('',*,*,#2870,.F.);
#3660=ORIENTED_EDGE('',*,*,#2871,.F.);
#3661=ORIENTED_EDGE('',*,*,#2872,.F.);
#3662=ORIENTED_EDGE('',*,*,#2873,.F.);
#3663=ORIENTED_EDGE('',*,*,#2874,.F.);
#3664=ORIENTED_EDGE('',*,*,#2875,.T.);
#3665=ORIENTED_EDGE('',*,*,#2876,.T.);
#3666=ORIENTED_EDGE('',*,*,#2877,.T.);
#3667=ORIENTED_EDGE('',*,*,#2878,.F.);
#3668=ORIENTED_EDGE('',*,*,#2879,.T.);
#3669=ORIENTED_EDGE('',*,*,#2880,.T.);
#3670=ORIENTED_EDGE('',*,*,#2881,.F.);
#3671=ORIENTED_EDGE('',*,*,#2882,.T.);
#3672=ORIENTED_EDGE('',*,*,#2883,.F.);
#3673=ORIENTED_EDGE('',*,*,#2884,.F.);
#3674=ORIENTED_EDGE('',*,*,#2885,.F.);
#3675=ORIENTED_EDGE('',*,*,#2886,.F.);
#3676=ORIENTED_EDGE('',*,*,#2887,.F.);
#3677=ORIENTED_EDGE('',*,*,#2888,.T.);
#3678=ORIENTED_EDGE('',*,*,#2889,.T.);
#3679=ORIENTED_EDGE('',*,*,#2890,.T.);
#3680=ORIENTED_EDGE('',*,*,#2891,.F.);
#3681=ORIENTED_EDGE('',*,*,#2892,.T.);
#3682=ORIENTED_EDGE('',*,*,#2893,.T.);
#3683=ORIENTED_EDGE('',*,*,#2894,.F.);
#3684=ORIENTED_EDGE('',*,*,#2895,.T.);
#3685=ORIENTED_EDGE('',*,*,#2896,.F.);
#3686=ORIENTED_EDGE('',*,*,#2897,.F.);
#3687=ORIENTED_EDGE('',*,*,#2898,.F.);
#3688=ORIENTED_EDGE('',*,*,#2899,.F.);
#3689=ORIENTED_EDGE('',*,*,#2900,.F.);
#3690=ORIENTED_EDGE('',*,*,#2761,.F.);
#3691=ORIENTED_EDGE('',*,*,#2901,.F.);
#3692=ORIENTED_EDGE('',*,*,#2763,.F.);
#3693=ORIENTED_EDGE('',*,*,#2902,.F.);
#3694=ORIENTED_EDGE('',*,*,#2765,.F.);
#3695=ORIENTED_EDGE('',*,*,#2903,.T.);
#3696=ORIENTED_EDGE('',*,*,#2663,.T.);
#3697=ORIENTED_EDGE('',*,*,#2667,.F.);
#3698=ORIENTED_EDGE('',*,*,#2904,.T.);
#3699=ORIENTED_EDGE('',*,*,#2905,.T.);
#3700=ORIENTED_EDGE('',*,*,#2906,.T.);
#3701=ORIENTED_EDGE('',*,*,#2907,.T.);
#3702=ORIENTED_EDGE('',*,*,#2908,.T.);
#3703=ORIENTED_EDGE('',*,*,#2909,.T.);
#3704=ORIENTED_EDGE('',*,*,#2910,.T.);
#3705=ORIENTED_EDGE('',*,*,#2905,.F.);
#3706=ORIENTED_EDGE('',*,*,#2911,.T.);
#3707=ORIENTED_EDGE('',*,*,#2903,.F.);
#3708=ORIENTED_EDGE('',*,*,#2912,.T.);
#3709=ORIENTED_EDGE('',*,*,#2913,.T.);
#3710=ORIENTED_EDGE('',*,*,#2914,.F.);
#3711=ORIENTED_EDGE('',*,*,#2915,.T.);
#3712=ORIENTED_EDGE('',*,*,#2916,.F.);
#3713=ORIENTED_EDGE('',*,*,#2917,.T.);
#3714=ORIENTED_EDGE('',*,*,#2916,.T.);
#3715=ORIENTED_EDGE('',*,*,#2918,.T.);
#3716=ORIENTED_EDGE('',*,*,#2919,.T.);
#3717=ORIENTED_EDGE('',*,*,#2920,.T.);
#3718=ORIENTED_EDGE('',*,*,#2919,.F.);
#3719=ORIENTED_EDGE('',*,*,#2921,.T.);
#3720=ORIENTED_EDGE('',*,*,#2922,.F.);
#3721=ORIENTED_EDGE('',*,*,#2908,.F.);
#3722=ORIENTED_EDGE('',*,*,#2923,.T.);
#3723=ORIENTED_EDGE('',*,*,#2924,.F.);
#3724=ORIENTED_EDGE('',*,*,#2925,.T.);
#3725=ORIENTED_EDGE('',*,*,#2924,.T.);
#3726=ORIENTED_EDGE('',*,*,#2926,.T.);
#3727=ORIENTED_EDGE('',*,*,#2660,.T.);
#3728=ORIENTED_EDGE('',*,*,#2665,.T.);
#3729=ORIENTED_EDGE('',*,*,#2651,.F.);
#3730=ORIENTED_EDGE('',*,*,#2661,.F.);
#3731=ORIENTED_EDGE('',*,*,#2927,.F.);
#3732=ORIENTED_EDGE('',*,*,#2928,.F.);
#3733=ORIENTED_EDGE('',*,*,#2929,.T.);
#3734=ORIENTED_EDGE('',*,*,#2930,.T.);
#3735=ORIENTED_EDGE('',*,*,#2767,.T.);
#3736=ORIENTED_EDGE('',*,*,#2931,.T.);
#3737=ORIENTED_EDGE('',*,*,#2932,.F.);
#3738=ORIENTED_EDGE('',*,*,#2931,.F.);
#3739=ORIENTED_EDGE('',*,*,#2768,.T.);
#3740=ORIENTED_EDGE('',*,*,#2933,.T.);
#3741=ORIENTED_EDGE('',*,*,#2934,.F.);
#3742=ORIENTED_EDGE('',*,*,#2933,.F.);
#3743=ORIENTED_EDGE('',*,*,#2769,.T.);
#3744=ORIENTED_EDGE('',*,*,#2935,.T.);
#3745=ORIENTED_EDGE('',*,*,#2936,.F.);
#3746=ORIENTED_EDGE('',*,*,#2935,.F.);
#3747=ORIENTED_EDGE('',*,*,#2937,.F.);
#3748=ORIENTED_EDGE('',*,*,#2938,.T.);
#3749=ORIENTED_EDGE('',*,*,#2771,.F.);
#3750=ORIENTED_EDGE('',*,*,#2939,.F.);
#3751=ORIENTED_EDGE('',*,*,#2940,.F.);
#3752=ORIENTED_EDGE('',*,*,#2941,.T.);
#3753=ORIENTED_EDGE('',*,*,#2772,.F.);
#3754=ORIENTED_EDGE('',*,*,#2938,.F.);
#3755=ORIENTED_EDGE('',*,*,#2942,.F.);
#3756=ORIENTED_EDGE('',*,*,#2943,.F.);
#3757=ORIENTED_EDGE('',*,*,#2773,.F.);
#3758=ORIENTED_EDGE('',*,*,#2941,.F.);
#3759=ORIENTED_EDGE('',*,*,#2944,.F.);
#3760=ORIENTED_EDGE('',*,*,#2945,.F.);
#3761=ORIENTED_EDGE('',*,*,#2774,.T.);
#3762=ORIENTED_EDGE('',*,*,#2943,.T.);
#3763=ORIENTED_EDGE('',*,*,#2946,.F.);
#3764=ORIENTED_EDGE('',*,*,#2947,.F.);
#3765=ORIENTED_EDGE('',*,*,#2775,.F.);
#3766=ORIENTED_EDGE('',*,*,#2945,.T.);
#3767=ORIENTED_EDGE('',*,*,#2948,.F.);
#3768=ORIENTED_EDGE('',*,*,#2949,.F.);
#3769=ORIENTED_EDGE('',*,*,#2776,.F.);
#3770=ORIENTED_EDGE('',*,*,#2947,.T.);
#3771=ORIENTED_EDGE('',*,*,#2950,.F.);
#3772=ORIENTED_EDGE('',*,*,#2951,.F.);
#3773=ORIENTED_EDGE('',*,*,#2777,.T.);
#3774=ORIENTED_EDGE('',*,*,#2949,.T.);
#3775=ORIENTED_EDGE('',*,*,#2952,.F.);
#3776=ORIENTED_EDGE('',*,*,#2953,.F.);
#3777=ORIENTED_EDGE('',*,*,#2778,.F.);
#3778=ORIENTED_EDGE('',*,*,#2951,.T.);
#3779=ORIENTED_EDGE('',*,*,#2954,.F.);
#3780=ORIENTED_EDGE('',*,*,#2955,.T.);
#3781=ORIENTED_EDGE('',*,*,#2779,.T.);
#3782=ORIENTED_EDGE('',*,*,#2953,.T.);
#3783=ORIENTED_EDGE('',*,*,#2956,.F.);
#3784=ORIENTED_EDGE('',*,*,#2957,.F.);
#3785=ORIENTED_EDGE('',*,*,#2958,.F.);
#3786=ORIENTED_EDGE('',*,*,#2957,.T.);
#3787=ORIENTED_EDGE('',*,*,#2959,.F.);
#3788=ORIENTED_EDGE('',*,*,#2960,.F.);
#3789=ORIENTED_EDGE('',*,*,#2955,.F.);
#3790=ORIENTED_EDGE('',*,*,#2961,.F.);
#3791=ORIENTED_EDGE('',*,*,#2962,.T.);
#3792=ORIENTED_EDGE('',*,*,#2780,.T.);
#3793=ORIENTED_EDGE('',*,*,#2960,.T.);
#3794=ORIENTED_EDGE('',*,*,#2963,.F.);
#3795=ORIENTED_EDGE('',*,*,#2964,.T.);
#3796=ORIENTED_EDGE('',*,*,#2781,.T.);
#3797=ORIENTED_EDGE('',*,*,#2962,.F.);
#3798=ORIENTED_EDGE('',*,*,#2965,.F.);
#3799=ORIENTED_EDGE('',*,*,#2966,.T.);
#3800=ORIENTED_EDGE('',*,*,#2782,.T.);
#3801=ORIENTED_EDGE('',*,*,#2964,.F.);
#3802=ORIENTED_EDGE('',*,*,#2967,.F.);
#3803=ORIENTED_EDGE('',*,*,#2939,.T.);
#3804=ORIENTED_EDGE('',*,*,#2770,.T.);
#3805=ORIENTED_EDGE('',*,*,#2966,.F.);
#3806=ORIENTED_EDGE('',*,*,#2968,.F.);
#3807=ORIENTED_EDGE('',*,*,#2969,.T.);
#3808=ORIENTED_EDGE('',*,*,#2784,.F.);
#3809=ORIENTED_EDGE('',*,*,#2970,.F.);
#3810=ORIENTED_EDGE('',*,*,#2971,.F.);
#3811=ORIENTED_EDGE('',*,*,#2972,.T.);
#3812=ORIENTED_EDGE('',*,*,#2785,.F.);
#3813=ORIENTED_EDGE('',*,*,#2969,.F.);
#3814=ORIENTED_EDGE('',*,*,#2973,.F.);
#3815=ORIENTED_EDGE('',*,*,#2974,.F.);
#3816=ORIENTED_EDGE('',*,*,#2786,.F.);
#3817=ORIENTED_EDGE('',*,*,#2972,.F.);
#3818=ORIENTED_EDGE('',*,*,#2975,.F.);
#3819=ORIENTED_EDGE('',*,*,#2976,.F.);
#3820=ORIENTED_EDGE('',*,*,#2787,.T.);
#3821=ORIENTED_EDGE('',*,*,#2974,.T.);
#3822=ORIENTED_EDGE('',*,*,#2977,.F.);
#3823=ORIENTED_EDGE('',*,*,#2978,.F.);
#3824=ORIENTED_EDGE('',*,*,#2788,.F.);
#3825=ORIENTED_EDGE('',*,*,#2976,.T.);
#3826=ORIENTED_EDGE('',*,*,#2979,.F.);
#3827=ORIENTED_EDGE('',*,*,#2980,.F.);
#3828=ORIENTED_EDGE('',*,*,#2789,.F.);
#3829=ORIENTED_EDGE('',*,*,#2978,.T.);
#3830=ORIENTED_EDGE('',*,*,#2981,.F.);
#3831=ORIENTED_EDGE('',*,*,#2982,.F.);
#3832=ORIENTED_EDGE('',*,*,#2790,.T.);
#3833=ORIENTED_EDGE('',*,*,#2980,.T.);
#3834=ORIENTED_EDGE('',*,*,#2983,.F.);
#3835=ORIENTED_EDGE('',*,*,#2984,.F.);
#3836=ORIENTED_EDGE('',*,*,#2791,.F.);
#3837=ORIENTED_EDGE('',*,*,#2982,.T.);
#3838=ORIENTED_EDGE('',*,*,#2985,.F.);
#3839=ORIENTED_EDGE('',*,*,#2986,.T.);
#3840=ORIENTED_EDGE('',*,*,#2792,.T.);
#3841=ORIENTED_EDGE('',*,*,#2984,.T.);
#3842=ORIENTED_EDGE('',*,*,#2987,.F.);
#3843=ORIENTED_EDGE('',*,*,#2988,.F.);
#3844=ORIENTED_EDGE('',*,*,#2989,.F.);
#3845=ORIENTED_EDGE('',*,*,#2988,.T.);
#3846=ORIENTED_EDGE('',*,*,#2990,.F.);
#3847=ORIENTED_EDGE('',*,*,#2991,.F.);
#3848=ORIENTED_EDGE('',*,*,#2986,.F.);
#3849=ORIENTED_EDGE('',*,*,#2992,.F.);
#3850=ORIENTED_EDGE('',*,*,#2993,.T.);
#3851=ORIENTED_EDGE('',*,*,#2793,.T.);
#3852=ORIENTED_EDGE('',*,*,#2991,.T.);
#3853=ORIENTED_EDGE('',*,*,#2994,.F.);
#3854=ORIENTED_EDGE('',*,*,#2995,.T.);
#3855=ORIENTED_EDGE('',*,*,#2794,.T.);
#3856=ORIENTED_EDGE('',*,*,#2993,.F.);
#3857=ORIENTED_EDGE('',*,*,#2996,.F.);
#3858=ORIENTED_EDGE('',*,*,#2997,.T.);
#3859=ORIENTED_EDGE('',*,*,#2795,.T.);
#3860=ORIENTED_EDGE('',*,*,#2995,.F.);
#3861=ORIENTED_EDGE('',*,*,#2998,.F.);
#3862=ORIENTED_EDGE('',*,*,#2970,.T.);
#3863=ORIENTED_EDGE('',*,*,#2783,.T.);
#3864=ORIENTED_EDGE('',*,*,#2997,.F.);
#3865=ORIENTED_EDGE('',*,*,#2999,.F.);
#3866=ORIENTED_EDGE('',*,*,#3000,.T.);
#3867=ORIENTED_EDGE('',*,*,#2797,.F.);
#3868=ORIENTED_EDGE('',*,*,#3001,.F.);
#3869=ORIENTED_EDGE('',*,*,#3002,.F.);
#3870=ORIENTED_EDGE('',*,*,#3003,.T.);
#3871=ORIENTED_EDGE('',*,*,#2798,.F.);
#3872=ORIENTED_EDGE('',*,*,#3000,.F.);
#3873=ORIENTED_EDGE('',*,*,#3004,.F.);
#3874=ORIENTED_EDGE('',*,*,#3005,.F.);
#3875=ORIENTED_EDGE('',*,*,#2799,.F.);
#3876=ORIENTED_EDGE('',*,*,#3003,.F.);
#3877=ORIENTED_EDGE('',*,*,#3006,.F.);
#3878=ORIENTED_EDGE('',*,*,#3007,.F.);
#3879=ORIENTED_EDGE('',*,*,#2800,.T.);
#3880=ORIENTED_EDGE('',*,*,#3005,.T.);
#3881=ORIENTED_EDGE('',*,*,#3008,.F.);
#3882=ORIENTED_EDGE('',*,*,#3009,.F.);
#3883=ORIENTED_EDGE('',*,*,#2801,.F.);
#3884=ORIENTED_EDGE('',*,*,#3007,.T.);
#3885=ORIENTED_EDGE('',*,*,#3010,.F.);
#3886=ORIENTED_EDGE('',*,*,#3011,.F.);
#3887=ORIENTED_EDGE('',*,*,#2802,.F.);
#3888=ORIENTED_EDGE('',*,*,#3009,.T.);
#3889=ORIENTED_EDGE('',*,*,#3012,.F.);
#3890=ORIENTED_EDGE('',*,*,#3013,.F.);
#3891=ORIENTED_EDGE('',*,*,#2803,.T.);
#3892=ORIENTED_EDGE('',*,*,#3011,.T.);
#3893=ORIENTED_EDGE('',*,*,#3014,.F.);
#3894=ORIENTED_EDGE('',*,*,#3015,.F.);
#3895=ORIENTED_EDGE('',*,*,#2804,.F.);
#3896=ORIENTED_EDGE('',*,*,#3013,.T.);
#3897=ORIENTED_EDGE('',*,*,#3016,.F.);
#3898=ORIENTED_EDGE('',*,*,#3017,.T.);
#3899=ORIENTED_EDGE('',*,*,#2805,.T.);
#3900=ORIENTED_EDGE('',*,*,#3015,.T.);
#3901=ORIENTED_EDGE('',*,*,#3018,.F.);
#3902=ORIENTED_EDGE('',*,*,#3019,.F.);
#3903=ORIENTED_EDGE('',*,*,#3020,.F.);
#3904=ORIENTED_EDGE('',*,*,#3019,.T.);
#3905=ORIENTED_EDGE('',*,*,#3021,.F.);
#3906=ORIENTED_EDGE('',*,*,#3022,.F.);
#3907=ORIENTED_EDGE('',*,*,#3017,.F.);
#3908=ORIENTED_EDGE('',*,*,#3023,.F.);
#3909=ORIENTED_EDGE('',*,*,#3024,.T.);
#3910=ORIENTED_EDGE('',*,*,#2806,.T.);
#3911=ORIENTED_EDGE('',*,*,#3022,.T.);
#3912=ORIENTED_EDGE('',*,*,#3025,.F.);
#3913=ORIENTED_EDGE('',*,*,#3026,.T.);
#3914=ORIENTED_EDGE('',*,*,#2807,.T.);
#3915=ORIENTED_EDGE('',*,*,#3024,.F.);
#3916=ORIENTED_EDGE('',*,*,#3027,.F.);
#3917=ORIENTED_EDGE('',*,*,#3028,.T.);
#3918=ORIENTED_EDGE('',*,*,#2808,.T.);
#3919=ORIENTED_EDGE('',*,*,#3026,.F.);
#3920=ORIENTED_EDGE('',*,*,#3029,.F.);
#3921=ORIENTED_EDGE('',*,*,#3001,.T.);
#3922=ORIENTED_EDGE('',*,*,#2796,.T.);
#3923=ORIENTED_EDGE('',*,*,#3028,.F.);
#3924=ORIENTED_EDGE('',*,*,#3030,.F.);
#3925=ORIENTED_EDGE('',*,*,#3031,.T.);
#3926=ORIENTED_EDGE('',*,*,#2810,.F.);
#3927=ORIENTED_EDGE('',*,*,#3032,.F.);
#3928=ORIENTED_EDGE('',*,*,#3033,.F.);
#3929=ORIENTED_EDGE('',*,*,#3034,.T.);
#3930=ORIENTED_EDGE('',*,*,#2811,.F.);
#3931=ORIENTED_EDGE('',*,*,#3031,.F.);
#3932=ORIENTED_EDGE('',*,*,#3035,.F.);
#3933=ORIENTED_EDGE('',*,*,#3036,.F.);
#3934=ORIENTED_EDGE('',*,*,#2812,.F.);
#3935=ORIENTED_EDGE('',*,*,#3034,.F.);
#3936=ORIENTED_EDGE('',*,*,#3037,.F.);
#3937=ORIENTED_EDGE('',*,*,#3038,.F.);
#3938=ORIENTED_EDGE('',*,*,#2813,.T.);
#3939=ORIENTED_EDGE('',*,*,#3036,.T.);
#3940=ORIENTED_EDGE('',*,*,#3039,.F.);
#3941=ORIENTED_EDGE('',*,*,#3040,.F.);
#3942=ORIENTED_EDGE('',*,*,#2814,.F.);
#3943=ORIENTED_EDGE('',*,*,#3038,.T.);
#3944=ORIENTED_EDGE('',*,*,#3041,.F.);
#3945=ORIENTED_EDGE('',*,*,#3042,.F.);
#3946=ORIENTED_EDGE('',*,*,#2815,.F.);
#3947=ORIENTED_EDGE('',*,*,#3040,.T.);
#3948=ORIENTED_EDGE('',*,*,#3043,.F.);
#3949=ORIENTED_EDGE('',*,*,#3044,.F.);
#3950=ORIENTED_EDGE('',*,*,#2816,.T.);
#3951=ORIENTED_EDGE('',*,*,#3042,.T.);
#3952=ORIENTED_EDGE('',*,*,#3045,.F.);
#3953=ORIENTED_EDGE('',*,*,#3046,.F.);
#3954=ORIENTED_EDGE('',*,*,#2817,.F.);
#3955=ORIENTED_EDGE('',*,*,#3044,.T.);
#3956=ORIENTED_EDGE('',*,*,#3047,.F.);
#3957=ORIENTED_EDGE('',*,*,#3048,.T.);
#3958=ORIENTED_EDGE('',*,*,#2818,.T.);
#3959=ORIENTED_EDGE('',*,*,#3046,.T.);
#3960=ORIENTED_EDGE('',*,*,#3049,.F.);
#3961=ORIENTED_EDGE('',*,*,#3050,.F.);
#3962=ORIENTED_EDGE('',*,*,#3051,.F.);
#3963=ORIENTED_EDGE('',*,*,#3050,.T.);
#3964=ORIENTED_EDGE('',*,*,#3052,.F.);
#3965=ORIENTED_EDGE('',*,*,#3053,.F.);
#3966=ORIENTED_EDGE('',*,*,#3048,.F.);
#3967=ORIENTED_EDGE('',*,*,#3054,.F.);
#3968=ORIENTED_EDGE('',*,*,#3055,.T.);
#3969=ORIENTED_EDGE('',*,*,#2819,.T.);
#3970=ORIENTED_EDGE('',*,*,#3053,.T.);
#3971=ORIENTED_EDGE('',*,*,#3056,.F.);
#3972=ORIENTED_EDGE('',*,*,#3057,.T.);
#3973=ORIENTED_EDGE('',*,*,#2820,.T.);
#3974=ORIENTED_EDGE('',*,*,#3055,.F.);
#3975=ORIENTED_EDGE('',*,*,#3058,.F.);
#3976=ORIENTED_EDGE('',*,*,#3059,.T.);
#3977=ORIENTED_EDGE('',*,*,#2821,.T.);
#3978=ORIENTED_EDGE('',*,*,#3057,.F.);
#3979=ORIENTED_EDGE('',*,*,#3060,.F.);
#3980=ORIENTED_EDGE('',*,*,#3032,.T.);
#3981=ORIENTED_EDGE('',*,*,#2809,.T.);
#3982=ORIENTED_EDGE('',*,*,#3059,.F.);
#3983=ORIENTED_EDGE('',*,*,#3061,.F.);
#3984=ORIENTED_EDGE('',*,*,#3062,.T.);
#3985=ORIENTED_EDGE('',*,*,#2823,.F.);
#3986=ORIENTED_EDGE('',*,*,#3063,.F.);
#3987=ORIENTED_EDGE('',*,*,#3064,.F.);
#3988=ORIENTED_EDGE('',*,*,#3065,.T.);
#3989=ORIENTED_EDGE('',*,*,#2824,.F.);
#3990=ORIENTED_EDGE('',*,*,#3062,.F.);
#3991=ORIENTED_EDGE('',*,*,#3066,.F.);
#3992=ORIENTED_EDGE('',*,*,#3067,.F.);
#3993=ORIENTED_EDGE('',*,*,#2825,.F.);
#3994=ORIENTED_EDGE('',*,*,#3065,.F.);
#3995=ORIENTED_EDGE('',*,*,#3068,.F.);
#3996=ORIENTED_EDGE('',*,*,#3069,.F.);
#3997=ORIENTED_EDGE('',*,*,#2826,.T.);
#3998=ORIENTED_EDGE('',*,*,#3067,.T.);
#3999=ORIENTED_EDGE('',*,*,#3070,.F.);
#4000=ORIENTED_EDGE('',*,*,#3071,.F.);
#4001=ORIENTED_EDGE('',*,*,#2827,.F.);
#4002=ORIENTED_EDGE('',*,*,#3069,.T.);
#4003=ORIENTED_EDGE('',*,*,#3072,.F.);
#4004=ORIENTED_EDGE('',*,*,#3073,.F.);
#4005=ORIENTED_EDGE('',*,*,#2828,.F.);
#4006=ORIENTED_EDGE('',*,*,#3071,.T.);
#4007=ORIENTED_EDGE('',*,*,#3074,.F.);
#4008=ORIENTED_EDGE('',*,*,#3075,.F.);
#4009=ORIENTED_EDGE('',*,*,#2829,.T.);
#4010=ORIENTED_EDGE('',*,*,#3073,.T.);
#4011=ORIENTED_EDGE('',*,*,#3076,.F.);
#4012=ORIENTED_EDGE('',*,*,#3077,.F.);
#4013=ORIENTED_EDGE('',*,*,#2830,.F.);
#4014=ORIENTED_EDGE('',*,*,#3075,.T.);
#4015=ORIENTED_EDGE('',*,*,#3078,.F.);
#4016=ORIENTED_EDGE('',*,*,#3079,.T.);
#4017=ORIENTED_EDGE('',*,*,#2831,.T.);
#4018=ORIENTED_EDGE('',*,*,#3077,.T.);
#4019=ORIENTED_EDGE('',*,*,#3080,.F.);
#4020=ORIENTED_EDGE('',*,*,#3081,.F.);
#4021=ORIENTED_EDGE('',*,*,#3082,.F.);
#4022=ORIENTED_EDGE('',*,*,#3081,.T.);
#4023=ORIENTED_EDGE('',*,*,#3083,.F.);
#4024=ORIENTED_EDGE('',*,*,#3084,.F.);
#4025=ORIENTED_EDGE('',*,*,#3079,.F.);
#4026=ORIENTED_EDGE('',*,*,#3085,.F.);
#4027=ORIENTED_EDGE('',*,*,#3086,.T.);
#4028=ORIENTED_EDGE('',*,*,#2832,.T.);
#4029=ORIENTED_EDGE('',*,*,#3084,.T.);
#4030=ORIENTED_EDGE('',*,*,#3087,.F.);
#4031=ORIENTED_EDGE('',*,*,#3088,.T.);
#4032=ORIENTED_EDGE('',*,*,#2833,.T.);
#4033=ORIENTED_EDGE('',*,*,#3086,.F.);
#4034=ORIENTED_EDGE('',*,*,#3089,.F.);
#4035=ORIENTED_EDGE('',*,*,#3090,.T.);
#4036=ORIENTED_EDGE('',*,*,#2834,.T.);
#4037=ORIENTED_EDGE('',*,*,#3088,.F.);
#4038=ORIENTED_EDGE('',*,*,#3091,.F.);
#4039=ORIENTED_EDGE('',*,*,#3063,.T.);
#4040=ORIENTED_EDGE('',*,*,#2822,.T.);
#4041=ORIENTED_EDGE('',*,*,#3090,.F.);
#4042=ORIENTED_EDGE('',*,*,#3092,.F.);
#4043=ORIENTED_EDGE('',*,*,#3093,.T.);
#4044=ORIENTED_EDGE('',*,*,#2836,.F.);
#4045=ORIENTED_EDGE('',*,*,#3094,.F.);
#4046=ORIENTED_EDGE('',*,*,#3095,.F.);
#4047=ORIENTED_EDGE('',*,*,#3096,.T.);
#4048=ORIENTED_EDGE('',*,*,#2837,.F.);
#4049=ORIENTED_EDGE('',*,*,#3093,.F.);
#4050=ORIENTED_EDGE('',*,*,#3097,.F.);
#4051=ORIENTED_EDGE('',*,*,#3098,.F.);
#4052=ORIENTED_EDGE('',*,*,#2838,.F.);
#4053=ORIENTED_EDGE('',*,*,#3096,.F.);
#4054=ORIENTED_EDGE('',*,*,#3099,.F.);
#4055=ORIENTED_EDGE('',*,*,#3100,.F.);
#4056=ORIENTED_EDGE('',*,*,#2839,.T.);
#4057=ORIENTED_EDGE('',*,*,#3098,.T.);
#4058=ORIENTED_EDGE('',*,*,#3101,.F.);
#4059=ORIENTED_EDGE('',*,*,#3102,.F.);
#4060=ORIENTED_EDGE('',*,*,#2840,.F.);
#4061=ORIENTED_EDGE('',*,*,#3100,.T.);
#4062=ORIENTED_EDGE('',*,*,#3103,.F.);
#4063=ORIENTED_EDGE('',*,*,#3104,.F.);
#4064=ORIENTED_EDGE('',*,*,#2841,.F.);
#4065=ORIENTED_EDGE('',*,*,#3102,.T.);
#4066=ORIENTED_EDGE('',*,*,#3105,.F.);
#4067=ORIENTED_EDGE('',*,*,#3106,.F.);
#4068=ORIENTED_EDGE('',*,*,#2842,.T.);
#4069=ORIENTED_EDGE('',*,*,#3104,.T.);
#4070=ORIENTED_EDGE('',*,*,#3107,.F.);
#4071=ORIENTED_EDGE('',*,*,#3108,.F.);
#4072=ORIENTED_EDGE('',*,*,#2843,.F.);
#4073=ORIENTED_EDGE('',*,*,#3106,.T.);
#4074=ORIENTED_EDGE('',*,*,#3109,.F.);
#4075=ORIENTED_EDGE('',*,*,#3110,.T.);
#4076=ORIENTED_EDGE('',*,*,#2844,.T.);
#4077=ORIENTED_EDGE('',*,*,#3108,.T.);
#4078=ORIENTED_EDGE('',*,*,#3111,.F.);
#4079=ORIENTED_EDGE('',*,*,#3112,.F.);
#4080=ORIENTED_EDGE('',*,*,#3113,.F.);
#4081=ORIENTED_EDGE('',*,*,#3112,.T.);
#4082=ORIENTED_EDGE('',*,*,#3114,.F.);
#4083=ORIENTED_EDGE('',*,*,#3115,.F.);
#4084=ORIENTED_EDGE('',*,*,#3110,.F.);
#4085=ORIENTED_EDGE('',*,*,#3116,.F.);
#4086=ORIENTED_EDGE('',*,*,#3117,.T.);
#4087=ORIENTED_EDGE('',*,*,#2845,.T.);
#4088=ORIENTED_EDGE('',*,*,#3115,.T.);
#4089=ORIENTED_EDGE('',*,*,#3118,.F.);
#4090=ORIENTED_EDGE('',*,*,#3119,.T.);
#4091=ORIENTED_EDGE('',*,*,#2846,.T.);
#4092=ORIENTED_EDGE('',*,*,#3117,.F.);
#4093=ORIENTED_EDGE('',*,*,#3120,.F.);
#4094=ORIENTED_EDGE('',*,*,#3121,.T.);
#4095=ORIENTED_EDGE('',*,*,#2847,.T.);
#4096=ORIENTED_EDGE('',*,*,#3119,.F.);
#4097=ORIENTED_EDGE('',*,*,#3122,.F.);
#4098=ORIENTED_EDGE('',*,*,#3094,.T.);
#4099=ORIENTED_EDGE('',*,*,#2835,.T.);
#4100=ORIENTED_EDGE('',*,*,#3121,.F.);
#4101=ORIENTED_EDGE('',*,*,#3123,.F.);
#4102=ORIENTED_EDGE('',*,*,#3124,.T.);
#4103=ORIENTED_EDGE('',*,*,#2849,.F.);
#4104=ORIENTED_EDGE('',*,*,#3125,.F.);
#4105=ORIENTED_EDGE('',*,*,#3126,.F.);
#4106=ORIENTED_EDGE('',*,*,#3127,.T.);
#4107=ORIENTED_EDGE('',*,*,#2850,.F.);
#4108=ORIENTED_EDGE('',*,*,#3124,.F.);
#4109=ORIENTED_EDGE('',*,*,#3128,.F.);
#4110=ORIENTED_EDGE('',*,*,#3129,.F.);
#4111=ORIENTED_EDGE('',*,*,#2851,.F.);
#4112=ORIENTED_EDGE('',*,*,#3127,.F.);
#4113=ORIENTED_EDGE('',*,*,#3130,.F.);
#4114=ORIENTED_EDGE('',*,*,#3131,.F.);
#4115=ORIENTED_EDGE('',*,*,#2852,.T.);
#4116=ORIENTED_EDGE('',*,*,#3129,.T.);
#4117=ORIENTED_EDGE('',*,*,#3132,.F.);
#4118=ORIENTED_EDGE('',*,*,#3133,.F.);
#4119=ORIENTED_EDGE('',*,*,#2853,.F.);
#4120=ORIENTED_EDGE('',*,*,#3131,.T.);
#4121=ORIENTED_EDGE('',*,*,#3134,.F.);
#4122=ORIENTED_EDGE('',*,*,#3135,.F.);
#4123=ORIENTED_EDGE('',*,*,#2854,.F.);
#4124=ORIENTED_EDGE('',*,*,#3133,.T.);
#4125=ORIENTED_EDGE('',*,*,#3136,.F.);
#4126=ORIENTED_EDGE('',*,*,#3137,.F.);
#4127=ORIENTED_EDGE('',*,*,#2855,.T.);
#4128=ORIENTED_EDGE('',*,*,#3135,.T.);
#4129=ORIENTED_EDGE('',*,*,#3138,.F.);
#4130=ORIENTED_EDGE('',*,*,#3139,.F.);
#4131=ORIENTED_EDGE('',*,*,#2856,.F.);
#4132=ORIENTED_EDGE('',*,*,#3137,.T.);
#4133=ORIENTED_EDGE('',*,*,#3140,.F.);
#4134=ORIENTED_EDGE('',*,*,#3141,.T.);
#4135=ORIENTED_EDGE('',*,*,#2857,.T.);
#4136=ORIENTED_EDGE('',*,*,#3139,.T.);
#4137=ORIENTED_EDGE('',*,*,#3142,.F.);
#4138=ORIENTED_EDGE('',*,*,#3143,.F.);
#4139=ORIENTED_EDGE('',*,*,#3144,.F.);
#4140=ORIENTED_EDGE('',*,*,#3143,.T.);
#4141=ORIENTED_EDGE('',*,*,#3145,.F.);
#4142=ORIENTED_EDGE('',*,*,#3146,.F.);
#4143=ORIENTED_EDGE('',*,*,#3141,.F.);
#4144=ORIENTED_EDGE('',*,*,#3147,.F.);
#4145=ORIENTED_EDGE('',*,*,#3148,.T.);
#4146=ORIENTED_EDGE('',*,*,#2858,.T.);
#4147=ORIENTED_EDGE('',*,*,#3146,.T.);
#4148=ORIENTED_EDGE('',*,*,#3149,.F.);
#4149=ORIENTED_EDGE('',*,*,#3150,.T.);
#4150=ORIENTED_EDGE('',*,*,#2859,.T.);
#4151=ORIENTED_EDGE('',*,*,#3148,.F.);
#4152=ORIENTED_EDGE('',*,*,#3151,.F.);
#4153=ORIENTED_EDGE('',*,*,#3152,.T.);
#4154=ORIENTED_EDGE('',*,*,#2860,.T.);
#4155=ORIENTED_EDGE('',*,*,#3150,.F.);
#4156=ORIENTED_EDGE('',*,*,#3153,.F.);
#4157=ORIENTED_EDGE('',*,*,#3125,.T.);
#4158=ORIENTED_EDGE('',*,*,#2848,.T.);
#4159=ORIENTED_EDGE('',*,*,#3152,.F.);
#4160=ORIENTED_EDGE('',*,*,#3154,.F.);
#4161=ORIENTED_EDGE('',*,*,#3155,.T.);
#4162=ORIENTED_EDGE('',*,*,#2862,.F.);
#4163=ORIENTED_EDGE('',*,*,#3156,.F.);
#4164=ORIENTED_EDGE('',*,*,#3157,.F.);
#4165=ORIENTED_EDGE('',*,*,#3158,.T.);
#4166=ORIENTED_EDGE('',*,*,#2863,.F.);
#4167=ORIENTED_EDGE('',*,*,#3155,.F.);
#4168=ORIENTED_EDGE('',*,*,#3159,.F.);
#4169=ORIENTED_EDGE('',*,*,#3160,.F.);
#4170=ORIENTED_EDGE('',*,*,#2864,.F.);
#4171=ORIENTED_EDGE('',*,*,#3158,.F.);
#4172=ORIENTED_EDGE('',*,*,#3161,.F.);
#4173=ORIENTED_EDGE('',*,*,#3162,.F.);
#4174=ORIENTED_EDGE('',*,*,#2865,.T.);
#4175=ORIENTED_EDGE('',*,*,#3160,.T.);
#4176=ORIENTED_EDGE('',*,*,#3163,.F.);
#4177=ORIENTED_EDGE('',*,*,#3164,.F.);
#4178=ORIENTED_EDGE('',*,*,#2866,.F.);
#4179=ORIENTED_EDGE('',*,*,#3162,.T.);
#4180=ORIENTED_EDGE('',*,*,#3165,.F.);
#4181=ORIENTED_EDGE('',*,*,#3166,.F.);
#4182=ORIENTED_EDGE('',*,*,#2867,.F.);
#4183=ORIENTED_EDGE('',*,*,#3164,.T.);
#4184=ORIENTED_EDGE('',*,*,#3167,.F.);
#4185=ORIENTED_EDGE('',*,*,#3168,.F.);
#4186=ORIENTED_EDGE('',*,*,#2868,.T.);
#4187=ORIENTED_EDGE('',*,*,#3166,.T.);
#4188=ORIENTED_EDGE('',*,*,#3169,.F.);
#4189=ORIENTED_EDGE('',*,*,#3170,.F.);
#4190=ORIENTED_EDGE('',*,*,#2869,.F.);
#4191=ORIENTED_EDGE('',*,*,#3168,.T.);
#4192=ORIENTED_EDGE('',*,*,#3171,.F.);
#4193=ORIENTED_EDGE('',*,*,#3172,.T.);
#4194=ORIENTED_EDGE('',*,*,#2870,.T.);
#4195=ORIENTED_EDGE('',*,*,#3170,.T.);
#4196=ORIENTED_EDGE('',*,*,#3173,.F.);
#4197=ORIENTED_EDGE('',*,*,#3174,.F.);
#4198=ORIENTED_EDGE('',*,*,#3175,.F.);
#4199=ORIENTED_EDGE('',*,*,#3174,.T.);
#4200=ORIENTED_EDGE('',*,*,#3176,.F.);
#4201=ORIENTED_EDGE('',*,*,#3177,.F.);
#4202=ORIENTED_EDGE('',*,*,#3172,.F.);
#4203=ORIENTED_EDGE('',*,*,#3178,.F.);
#4204=ORIENTED_EDGE('',*,*,#3179,.T.);
#4205=ORIENTED_EDGE('',*,*,#2871,.T.);
#4206=ORIENTED_EDGE('',*,*,#3177,.T.);
#4207=ORIENTED_EDGE('',*,*,#3180,.F.);
#4208=ORIENTED_EDGE('',*,*,#3181,.T.);
#4209=ORIENTED_EDGE('',*,*,#2872,.T.);
#4210=ORIENTED_EDGE('',*,*,#3179,.F.);
#4211=ORIENTED_EDGE('',*,*,#3182,.F.);
#4212=ORIENTED_EDGE('',*,*,#3183,.T.);
#4213=ORIENTED_EDGE('',*,*,#2873,.T.);
#4214=ORIENTED_EDGE('',*,*,#3181,.F.);
#4215=ORIENTED_EDGE('',*,*,#3184,.F.);
#4216=ORIENTED_EDGE('',*,*,#3156,.T.);
#4217=ORIENTED_EDGE('',*,*,#2861,.T.);
#4218=ORIENTED_EDGE('',*,*,#3183,.F.);
#4219=ORIENTED_EDGE('',*,*,#3185,.F.);
#4220=ORIENTED_EDGE('',*,*,#3186,.T.);
#4221=ORIENTED_EDGE('',*,*,#2875,.F.);
#4222=ORIENTED_EDGE('',*,*,#3187,.F.);
#4223=ORIENTED_EDGE('',*,*,#3188,.F.);
#4224=ORIENTED_EDGE('',*,*,#3189,.T.);
#4225=ORIENTED_EDGE('',*,*,#2876,.F.);
#4226=ORIENTED_EDGE('',*,*,#3186,.F.);
#4227=ORIENTED_EDGE('',*,*,#3190,.F.);
#4228=ORIENTED_EDGE('',*,*,#3191,.F.);
#4229=ORIENTED_EDGE('',*,*,#2877,.F.);
#4230=ORIENTED_EDGE('',*,*,#3189,.F.);
#4231=ORIENTED_EDGE('',*,*,#3192,.F.);
#4232=ORIENTED_EDGE('',*,*,#3193,.F.);
#4233=ORIENTED_EDGE('',*,*,#2878,.T.);
#4234=ORIENTED_EDGE('',*,*,#3191,.T.);
#4235=ORIENTED_EDGE('',*,*,#3194,.F.);
#4236=ORIENTED_EDGE('',*,*,#3195,.F.);
#4237=ORIENTED_EDGE('',*,*,#2879,.F.);
#4238=ORIENTED_EDGE('',*,*,#3193,.T.);
#4239=ORIENTED_EDGE('',*,*,#3196,.F.);
#4240=ORIENTED_EDGE('',*,*,#3197,.F.);
#4241=ORIENTED_EDGE('',*,*,#2880,.F.);
#4242=ORIENTED_EDGE('',*,*,#3195,.T.);
#4243=ORIENTED_EDGE('',*,*,#3198,.F.);
#4244=ORIENTED_EDGE('',*,*,#3199,.F.);
#4245=ORIENTED_EDGE('',*,*,#2881,.T.);
#4246=ORIENTED_EDGE('',*,*,#3197,.T.);
#4247=ORIENTED_EDGE('',*,*,#3200,.F.);
#4248=ORIENTED_EDGE('',*,*,#3201,.F.);
#4249=ORIENTED_EDGE('',*,*,#2882,.F.);
#4250=ORIENTED_EDGE('',*,*,#3199,.T.);
#4251=ORIENTED_EDGE('',*,*,#3202,.F.);
#4252=ORIENTED_EDGE('',*,*,#3203,.T.);
#4253=ORIENTED_EDGE('',*,*,#2883,.T.);
#4254=ORIENTED_EDGE('',*,*,#3201,.T.);
#4255=ORIENTED_EDGE('',*,*,#3204,.F.);
#4256=ORIENTED_EDGE('',*,*,#3205,.F.);
#4257=ORIENTED_EDGE('',*,*,#3206,.F.);
#4258=ORIENTED_EDGE('',*,*,#3205,.T.);
#4259=ORIENTED_EDGE('',*,*,#3207,.F.);
#4260=ORIENTED_EDGE('',*,*,#3208,.F.);
#4261=ORIENTED_EDGE('',*,*,#3203,.F.);
#4262=ORIENTED_EDGE('',*,*,#3209,.F.);
#4263=ORIENTED_EDGE('',*,*,#3210,.T.);
#4264=ORIENTED_EDGE('',*,*,#2884,.T.);
#4265=ORIENTED_EDGE('',*,*,#3208,.T.);
#4266=ORIENTED_EDGE('',*,*,#3211,.F.);
#4267=ORIENTED_EDGE('',*,*,#3212,.T.);
#4268=ORIENTED_EDGE('',*,*,#2885,.T.);
#4269=ORIENTED_EDGE('',*,*,#3210,.F.);
#4270=ORIENTED_EDGE('',*,*,#3213,.F.);
#4271=ORIENTED_EDGE('',*,*,#3214,.T.);
#4272=ORIENTED_EDGE('',*,*,#2886,.T.);
#4273=ORIENTED_EDGE('',*,*,#3212,.F.);
#4274=ORIENTED_EDGE('',*,*,#3215,.F.);
#4275=ORIENTED_EDGE('',*,*,#3187,.T.);
#4276=ORIENTED_EDGE('',*,*,#2874,.T.);
#4277=ORIENTED_EDGE('',*,*,#3214,.F.);
#4278=ORIENTED_EDGE('',*,*,#3216,.F.);
#4279=ORIENTED_EDGE('',*,*,#3217,.T.);
#4280=ORIENTED_EDGE('',*,*,#2888,.F.);
#4281=ORIENTED_EDGE('',*,*,#3218,.F.);
#4282=ORIENTED_EDGE('',*,*,#3219,.F.);
#4283=ORIENTED_EDGE('',*,*,#3220,.T.);
#4284=ORIENTED_EDGE('',*,*,#2889,.F.);
#4285=ORIENTED_EDGE('',*,*,#3217,.F.);
#4286=ORIENTED_EDGE('',*,*,#3221,.F.);
#4287=ORIENTED_EDGE('',*,*,#3222,.F.);
#4288=ORIENTED_EDGE('',*,*,#2890,.F.);
#4289=ORIENTED_EDGE('',*,*,#3220,.F.);
#4290=ORIENTED_EDGE('',*,*,#3223,.F.);
#4291=ORIENTED_EDGE('',*,*,#3224,.F.);
#4292=ORIENTED_EDGE('',*,*,#2891,.T.);
#4293=ORIENTED_EDGE('',*,*,#3222,.T.);
#4294=ORIENTED_EDGE('',*,*,#3225,.F.);
#4295=ORIENTED_EDGE('',*,*,#3226,.F.);
#4296=ORIENTED_EDGE('',*,*,#2892,.F.);
#4297=ORIENTED_EDGE('',*,*,#3224,.T.);
#4298=ORIENTED_EDGE('',*,*,#3227,.F.);
#4299=ORIENTED_EDGE('',*,*,#3228,.F.);
#4300=ORIENTED_EDGE('',*,*,#2893,.F.);
#4301=ORIENTED_EDGE('',*,*,#3226,.T.);
#4302=ORIENTED_EDGE('',*,*,#3229,.F.);
#4303=ORIENTED_EDGE('',*,*,#3230,.F.);
#4304=ORIENTED_EDGE('',*,*,#2894,.T.);
#4305=ORIENTED_EDGE('',*,*,#3228,.T.);
#4306=ORIENTED_EDGE('',*,*,#3231,.F.);
#4307=ORIENTED_EDGE('',*,*,#3232,.F.);
#4308=ORIENTED_EDGE('',*,*,#2895,.F.);
#4309=ORIENTED_EDGE('',*,*,#3230,.T.);
#4310=ORIENTED_EDGE('',*,*,#3233,.F.);
#4311=ORIENTED_EDGE('',*,*,#3234,.T.);
#4312=ORIENTED_EDGE('',*,*,#2896,.T.);
#4313=ORIENTED_EDGE('',*,*,#3232,.T.);
#4314=ORIENTED_EDGE('',*,*,#3235,.F.);
#4315=ORIENTED_EDGE('',*,*,#3236,.F.);
#4316=ORIENTED_EDGE('',*,*,#3237,.F.);
#4317=ORIENTED_EDGE('',*,*,#3236,.T.);
#4318=ORIENTED_EDGE('',*,*,#3238,.F.);
#4319=ORIENTED_EDGE('',*,*,#3239,.F.);
#4320=ORIENTED_EDGE('',*,*,#3234,.F.);
#4321=ORIENTED_EDGE('',*,*,#3240,.F.);
#4322=ORIENTED_EDGE('',*,*,#3241,.T.);
#4323=ORIENTED_EDGE('',*,*,#2897,.T.);
#4324=ORIENTED_EDGE('',*,*,#3239,.T.);
#4325=ORIENTED_EDGE('',*,*,#3242,.F.);
#4326=ORIENTED_EDGE('',*,*,#3243,.T.);
#4327=ORIENTED_EDGE('',*,*,#2898,.T.);
#4328=ORIENTED_EDGE('',*,*,#3241,.F.);
#4329=ORIENTED_EDGE('',*,*,#3244,.F.);
#4330=ORIENTED_EDGE('',*,*,#3245,.T.);
#4331=ORIENTED_EDGE('',*,*,#2899,.T.);
#4332=ORIENTED_EDGE('',*,*,#3243,.F.);
#4333=ORIENTED_EDGE('',*,*,#3246,.F.);
#4334=ORIENTED_EDGE('',*,*,#3218,.T.);
#4335=ORIENTED_EDGE('',*,*,#2887,.T.);
#4336=ORIENTED_EDGE('',*,*,#3245,.F.);
#4337=ORIENTED_EDGE('',*,*,#2900,.T.);
#4338=ORIENTED_EDGE('',*,*,#3247,.T.);
#4339=ORIENTED_EDGE('',*,*,#3248,.F.);
#4340=ORIENTED_EDGE('',*,*,#3247,.F.);
#4341=ORIENTED_EDGE('',*,*,#2901,.T.);
#4342=ORIENTED_EDGE('',*,*,#3249,.T.);
#4343=ORIENTED_EDGE('',*,*,#3250,.F.);
#4344=ORIENTED_EDGE('',*,*,#3249,.F.);
#4345=ORIENTED_EDGE('',*,*,#2902,.T.);
#4346=ORIENTED_EDGE('',*,*,#3251,.F.);
#4347=ORIENTED_EDGE('',*,*,#3252,.F.);
#4348=ORIENTED_EDGE('',*,*,#3251,.T.);
#4349=ORIENTED_EDGE('',*,*,#2652,.F.);
#4350=ORIENTED_EDGE('',*,*,#2930,.F.);
#4351=ORIENTED_EDGE('',*,*,#3253,.F.);
#4352=ORIENTED_EDGE('',*,*,#3254,.F.);
#4353=ORIENTED_EDGE('',*,*,#3255,.T.);
#4354=ORIENTED_EDGE('',*,*,#3256,.F.);
#4355=ORIENTED_EDGE('',*,*,#2670,.T.);
#4356=ORIENTED_EDGE('',*,*,#3257,.T.);
#4357=ORIENTED_EDGE('',*,*,#3258,.T.);
#4358=ORIENTED_EDGE('',*,*,#3256,.T.);
#4359=ORIENTED_EDGE('',*,*,#3259,.T.);
#4360=ORIENTED_EDGE('',*,*,#3260,.F.);
#4361=ORIENTED_EDGE('',*,*,#2671,.T.);
#4362=ORIENTED_EDGE('',*,*,#3260,.T.);
#4363=ORIENTED_EDGE('',*,*,#3261,.T.);
#4364=ORIENTED_EDGE('',*,*,#3262,.F.);
#4365=ORIENTED_EDGE('',*,*,#2672,.T.);
#4366=ORIENTED_EDGE('',*,*,#2904,.F.);
#4367=ORIENTED_EDGE('',*,*,#2673,.T.);
#4368=ORIENTED_EDGE('',*,*,#3262,.T.);
#4369=ORIENTED_EDGE('',*,*,#3263,.T.);
#4370=ORIENTED_EDGE('',*,*,#2906,.F.);
#4371=ORIENTED_EDGE('',*,*,#2912,.F.);
#4372=ORIENTED_EDGE('',*,*,#2910,.F.);
#4373=ORIENTED_EDGE('',*,*,#3264,.T.);
#4374=ORIENTED_EDGE('',*,*,#3265,.F.);
#4375=ORIENTED_EDGE('',*,*,#2907,.F.);
#4376=ORIENTED_EDGE('',*,*,#3266,.T.);
#4377=ORIENTED_EDGE('',*,*,#3267,.F.);
#4378=ORIENTED_EDGE('',*,*,#2911,.F.);
#4379=ORIENTED_EDGE('',*,*,#3267,.T.);
#4380=ORIENTED_EDGE('',*,*,#3268,.F.);
#4381=ORIENTED_EDGE('',*,*,#2909,.F.);
#4382=ORIENTED_EDGE('',*,*,#2925,.F.);
#4383=ORIENTED_EDGE('',*,*,#2664,.T.);
#4384=ORIENTED_EDGE('',*,*,#3269,.T.);
#4385=ORIENTED_EDGE('',*,*,#2922,.T.);
#4386=ORIENTED_EDGE('',*,*,#3270,.T.);
#4387=ORIENTED_EDGE('',*,*,#3271,.T.);
#4388=ORIENTED_EDGE('',*,*,#3272,.T.);
#4389=ORIENTED_EDGE('',*,*,#3273,.T.);
#4390=ORIENTED_EDGE('',*,*,#3274,.T.);
#4391=ORIENTED_EDGE('',*,*,#3275,.T.);
#4392=ORIENTED_EDGE('',*,*,#3276,.T.);
#4393=ORIENTED_EDGE('',*,*,#3277,.T.);
#4394=ORIENTED_EDGE('',*,*,#3278,.T.);
#4395=ORIENTED_EDGE('',*,*,#3279,.F.);
#4396=ORIENTED_EDGE('',*,*,#3280,.F.);
#4397=ORIENTED_EDGE('',*,*,#2913,.F.);
#4398=ORIENTED_EDGE('',*,*,#2917,.F.);
#4399=ORIENTED_EDGE('',*,*,#2920,.F.);
#4400=ORIENTED_EDGE('',*,*,#3269,.F.);
#4401=ORIENTED_EDGE('',*,*,#3281,.F.);
#4402=ORIENTED_EDGE('',*,*,#3280,.T.);
#4403=ORIENTED_EDGE('',*,*,#3282,.T.);
#4404=ORIENTED_EDGE('',*,*,#3283,.T.);
#4405=ORIENTED_EDGE('',*,*,#2914,.T.);
#4406=ORIENTED_EDGE('',*,*,#3284,.T.);
#4407=ORIENTED_EDGE('',*,*,#3285,.F.);
#4408=ORIENTED_EDGE('',*,*,#3286,.F.);
#4409=ORIENTED_EDGE('',*,*,#3287,.T.);
#4410=ORIENTED_EDGE('',*,*,#3288,.F.);
#4411=ORIENTED_EDGE('',*,*,#3289,.T.);
#4412=ORIENTED_EDGE('',*,*,#3270,.F.);
#4413=ORIENTED_EDGE('',*,*,#2921,.F.);
#4414=ORIENTED_EDGE('',*,*,#2918,.F.);
#4415=ORIENTED_EDGE('',*,*,#2915,.F.);
#4416=ORIENTED_EDGE('',*,*,#3283,.F.);
#4417=ORIENTED_EDGE('',*,*,#3290,.F.);
#4418=ORIENTED_EDGE('',*,*,#3291,.F.);
#4419=ORIENTED_EDGE('',*,*,#3287,.F.);
#4420=ORIENTED_EDGE('',*,*,#3292,.F.);
#4421=ORIENTED_EDGE('',*,*,#3293,.F.);
#4422=ORIENTED_EDGE('',*,*,#3294,.F.);
#4423=ORIENTED_EDGE('',*,*,#3295,.F.);
#4424=ORIENTED_EDGE('',*,*,#3296,.F.);
#4425=ORIENTED_EDGE('',*,*,#2716,.T.);
#4426=ORIENTED_EDGE('',*,*,#2721,.T.);
#4427=ORIENTED_EDGE('',*,*,#2726,.T.);
#4428=ORIENTED_EDGE('',*,*,#2731,.T.);
#4429=ORIENTED_EDGE('',*,*,#2736,.T.);
#4430=ORIENTED_EDGE('',*,*,#2741,.T.);
#4431=ORIENTED_EDGE('',*,*,#2746,.T.);
#4432=ORIENTED_EDGE('',*,*,#3297,.F.);
#4433=ORIENTED_EDGE('',*,*,#3298,.F.);
#4434=ORIENTED_EDGE('',*,*,#3293,.T.);
#4435=ORIENTED_EDGE('',*,*,#3299,.T.);
#4436=ORIENTED_EDGE('',*,*,#2926,.F.);
#4437=ORIENTED_EDGE('',*,*,#2923,.F.);
#4438=ORIENTED_EDGE('',*,*,#3265,.T.);
#4439=ORIENTED_EDGE('',*,*,#3300,.T.);
#4440=ORIENTED_EDGE('',*,*,#3301,.F.);
#4441=ORIENTED_EDGE('',*,*,#2927,.T.);
#4442=ORIENTED_EDGE('',*,*,#3302,.T.);
#4443=ORIENTED_EDGE('',*,*,#3303,.T.);
#4444=ORIENTED_EDGE('',*,*,#3301,.T.);
#4445=ORIENTED_EDGE('',*,*,#3304,.T.);
#4446=ORIENTED_EDGE('',*,*,#3302,.F.);
#4447=ORIENTED_EDGE('',*,*,#3305,.T.);
#4448=ORIENTED_EDGE('',*,*,#3306,.T.);
#4449=ORIENTED_EDGE('',*,*,#3306,.F.);
#4450=ORIENTED_EDGE('',*,*,#3307,.T.);
#4451=ORIENTED_EDGE('',*,*,#3308,.T.);
#4452=ORIENTED_EDGE('',*,*,#3309,.T.);
#4453=ORIENTED_EDGE('',*,*,#3310,.F.);
#4454=ORIENTED_EDGE('',*,*,#3311,.T.);
#4455=ORIENTED_EDGE('',*,*,#3312,.T.);
#4456=ORIENTED_EDGE('',*,*,#3308,.F.);
#4457=ORIENTED_EDGE('',*,*,#3313,.T.);
#4458=ORIENTED_EDGE('',*,*,#3314,.F.);
#4459=ORIENTED_EDGE('',*,*,#3315,.T.);
#4460=ORIENTED_EDGE('',*,*,#3316,.F.);
#4461=ORIENTED_EDGE('',*,*,#3309,.F.);
#4462=ORIENTED_EDGE('',*,*,#3312,.F.);
#4463=ORIENTED_EDGE('',*,*,#3311,.F.);
#4464=ORIENTED_EDGE('',*,*,#3317,.T.);
#4465=ORIENTED_EDGE('',*,*,#3318,.T.);
#4466=ORIENTED_EDGE('',*,*,#3314,.T.);
#4467=ORIENTED_EDGE('',*,*,#3303,.F.);
#4468=ORIENTED_EDGE('',*,*,#3310,.T.);
#4469=ORIENTED_EDGE('',*,*,#3316,.T.);
#4470=ORIENTED_EDGE('',*,*,#3319,.F.);
#4471=ORIENTED_EDGE('',*,*,#2928,.T.);
#4472=ORIENTED_EDGE('',*,*,#3320,.F.);
#4473=ORIENTED_EDGE('',*,*,#3321,.F.);
#4474=ORIENTED_EDGE('',*,*,#3253,.T.);
#4475=ORIENTED_EDGE('',*,*,#2929,.F.);
#4476=ORIENTED_EDGE('',*,*,#3322,.T.);
#4477=ORIENTED_EDGE('',*,*,#3323,.T.);
#4478=ORIENTED_EDGE('',*,*,#3324,.T.);
#4479=ORIENTED_EDGE('',*,*,#3325,.T.);
#4480=ORIENTED_EDGE('',*,*,#3326,.T.);
#4481=ORIENTED_EDGE('',*,*,#3327,.T.);
#4482=ORIENTED_EDGE('',*,*,#3254,.T.);
#4483=ORIENTED_EDGE('',*,*,#3321,.T.);
#4484=ORIENTED_EDGE('',*,*,#3252,.T.);
#4485=ORIENTED_EDGE('',*,*,#3250,.T.);
#4486=ORIENTED_EDGE('',*,*,#3248,.T.);
#4487=ORIENTED_EDGE('',*,*,#3246,.T.);
#4488=ORIENTED_EDGE('',*,*,#3244,.T.);
#4489=ORIENTED_EDGE('',*,*,#3242,.T.);
#4490=ORIENTED_EDGE('',*,*,#3240,.T.);
#4491=ORIENTED_EDGE('',*,*,#3238,.T.);
#4492=ORIENTED_EDGE('',*,*,#3235,.T.);
#4493=ORIENTED_EDGE('',*,*,#3237,.T.);
#4494=ORIENTED_EDGE('',*,*,#3233,.T.);
#4495=ORIENTED_EDGE('',*,*,#3231,.T.);
#4496=ORIENTED_EDGE('',*,*,#3229,.T.);
#4497=ORIENTED_EDGE('',*,*,#3227,.T.);
#4498=ORIENTED_EDGE('',*,*,#3225,.T.);
#4499=ORIENTED_EDGE('',*,*,#3223,.T.);
#4500=ORIENTED_EDGE('',*,*,#3221,.T.);
#4501=ORIENTED_EDGE('',*,*,#3219,.T.);
#4502=ORIENTED_EDGE('',*,*,#3216,.T.);
#4503=ORIENTED_EDGE('',*,*,#3215,.T.);
#4504=ORIENTED_EDGE('',*,*,#3213,.T.);
#4505=ORIENTED_EDGE('',*,*,#3211,.T.);
#4506=ORIENTED_EDGE('',*,*,#3209,.T.);
#4507=ORIENTED_EDGE('',*,*,#3207,.T.);
#4508=ORIENTED_EDGE('',*,*,#3204,.T.);
#4509=ORIENTED_EDGE('',*,*,#3206,.T.);
#4510=ORIENTED_EDGE('',*,*,#3202,.T.);
#4511=ORIENTED_EDGE('',*,*,#3200,.T.);
#4512=ORIENTED_EDGE('',*,*,#3198,.T.);
#4513=ORIENTED_EDGE('',*,*,#3196,.T.);
#4514=ORIENTED_EDGE('',*,*,#3194,.T.);
#4515=ORIENTED_EDGE('',*,*,#3192,.T.);
#4516=ORIENTED_EDGE('',*,*,#3190,.T.);
#4517=ORIENTED_EDGE('',*,*,#3188,.T.);
#4518=ORIENTED_EDGE('',*,*,#3185,.T.);
#4519=ORIENTED_EDGE('',*,*,#3184,.T.);
#4520=ORIENTED_EDGE('',*,*,#3182,.T.);
#4521=ORIENTED_EDGE('',*,*,#3180,.T.);
#4522=ORIENTED_EDGE('',*,*,#3178,.T.);
#4523=ORIENTED_EDGE('',*,*,#3176,.T.);
#4524=ORIENTED_EDGE('',*,*,#3173,.T.);
#4525=ORIENTED_EDGE('',*,*,#3175,.T.);
#4526=ORIENTED_EDGE('',*,*,#3171,.T.);
#4527=ORIENTED_EDGE('',*,*,#3169,.T.);
#4528=ORIENTED_EDGE('',*,*,#3167,.T.);
#4529=ORIENTED_EDGE('',*,*,#3165,.T.);
#4530=ORIENTED_EDGE('',*,*,#3163,.T.);
#4531=ORIENTED_EDGE('',*,*,#3161,.T.);
#4532=ORIENTED_EDGE('',*,*,#3159,.T.);
#4533=ORIENTED_EDGE('',*,*,#3157,.T.);
#4534=ORIENTED_EDGE('',*,*,#3154,.T.);
#4535=ORIENTED_EDGE('',*,*,#3153,.T.);
#4536=ORIENTED_EDGE('',*,*,#3151,.T.);
#4537=ORIENTED_EDGE('',*,*,#3149,.T.);
#4538=ORIENTED_EDGE('',*,*,#3147,.T.);
#4539=ORIENTED_EDGE('',*,*,#3145,.T.);
#4540=ORIENTED_EDGE('',*,*,#3142,.T.);
#4541=ORIENTED_EDGE('',*,*,#3144,.T.);
#4542=ORIENTED_EDGE('',*,*,#3140,.T.);
#4543=ORIENTED_EDGE('',*,*,#3138,.T.);
#4544=ORIENTED_EDGE('',*,*,#3136,.T.);
#4545=ORIENTED_EDGE('',*,*,#3134,.T.);
#4546=ORIENTED_EDGE('',*,*,#3132,.T.);
#4547=ORIENTED_EDGE('',*,*,#3130,.T.);
#4548=ORIENTED_EDGE('',*,*,#3128,.T.);
#4549=ORIENTED_EDGE('',*,*,#3126,.T.);
#4550=ORIENTED_EDGE('',*,*,#3123,.T.);
#4551=ORIENTED_EDGE('',*,*,#3122,.T.);
#4552=ORIENTED_EDGE('',*,*,#3120,.T.);
#4553=ORIENTED_EDGE('',*,*,#3118,.T.);
#4554=ORIENTED_EDGE('',*,*,#3116,.T.);
#4555=ORIENTED_EDGE('',*,*,#3114,.T.);
#4556=ORIENTED_EDGE('',*,*,#3111,.T.);
#4557=ORIENTED_EDGE('',*,*,#3113,.T.);
#4558=ORIENTED_EDGE('',*,*,#3109,.T.);
#4559=ORIENTED_EDGE('',*,*,#3107,.T.);
#4560=ORIENTED_EDGE('',*,*,#3105,.T.);
#4561=ORIENTED_EDGE('',*,*,#3103,.T.);
#4562=ORIENTED_EDGE('',*,*,#3101,.T.);
#4563=ORIENTED_EDGE('',*,*,#3099,.T.);
#4564=ORIENTED_EDGE('',*,*,#3097,.T.);
#4565=ORIENTED_EDGE('',*,*,#3095,.T.);
#4566=ORIENTED_EDGE('',*,*,#3092,.T.);
#4567=ORIENTED_EDGE('',*,*,#3091,.T.);
#4568=ORIENTED_EDGE('',*,*,#3089,.T.);
#4569=ORIENTED_EDGE('',*,*,#3087,.T.);
#4570=ORIENTED_EDGE('',*,*,#3085,.T.);
#4571=ORIENTED_EDGE('',*,*,#3083,.T.);
#4572=ORIENTED_EDGE('',*,*,#3080,.T.);
#4573=ORIENTED_EDGE('',*,*,#3082,.T.);
#4574=ORIENTED_EDGE('',*,*,#3078,.T.);
#4575=ORIENTED_EDGE('',*,*,#3076,.T.);
#4576=ORIENTED_EDGE('',*,*,#3074,.T.);
#4577=ORIENTED_EDGE('',*,*,#3072,.T.);
#4578=ORIENTED_EDGE('',*,*,#3070,.T.);
#4579=ORIENTED_EDGE('',*,*,#3068,.T.);
#4580=ORIENTED_EDGE('',*,*,#3066,.T.);
#4581=ORIENTED_EDGE('',*,*,#3064,.T.);
#4582=ORIENTED_EDGE('',*,*,#3061,.T.);
#4583=ORIENTED_EDGE('',*,*,#3060,.T.);
#4584=ORIENTED_EDGE('',*,*,#3058,.T.);
#4585=ORIENTED_EDGE('',*,*,#3056,.T.);
#4586=ORIENTED_EDGE('',*,*,#3054,.T.);
#4587=ORIENTED_EDGE('',*,*,#3052,.T.);
#4588=ORIENTED_EDGE('',*,*,#3049,.T.);
#4589=ORIENTED_EDGE('',*,*,#3051,.T.);
#4590=ORIENTED_EDGE('',*,*,#3047,.T.);
#4591=ORIENTED_EDGE('',*,*,#3045,.T.);
#4592=ORIENTED_EDGE('',*,*,#3043,.T.);
#4593=ORIENTED_EDGE('',*,*,#3041,.T.);
#4594=ORIENTED_EDGE('',*,*,#3039,.T.);
#4595=ORIENTED_EDGE('',*,*,#3037,.T.);
#4596=ORIENTED_EDGE('',*,*,#3035,.T.);
#4597=ORIENTED_EDGE('',*,*,#3033,.T.);
#4598=ORIENTED_EDGE('',*,*,#3030,.T.);
#4599=ORIENTED_EDGE('',*,*,#3029,.T.);
#4600=ORIENTED_EDGE('',*,*,#3027,.T.);
#4601=ORIENTED_EDGE('',*,*,#3025,.T.);
#4602=ORIENTED_EDGE('',*,*,#3023,.T.);
#4603=ORIENTED_EDGE('',*,*,#3021,.T.);
#4604=ORIENTED_EDGE('',*,*,#3018,.T.);
#4605=ORIENTED_EDGE('',*,*,#3020,.T.);
#4606=ORIENTED_EDGE('',*,*,#3016,.T.);
#4607=ORIENTED_EDGE('',*,*,#3014,.T.);
#4608=ORIENTED_EDGE('',*,*,#3012,.T.);
#4609=ORIENTED_EDGE('',*,*,#3010,.T.);
#4610=ORIENTED_EDGE('',*,*,#3008,.T.);
#4611=ORIENTED_EDGE('',*,*,#3006,.T.);
#4612=ORIENTED_EDGE('',*,*,#3004,.T.);
#4613=ORIENTED_EDGE('',*,*,#3002,.T.);
#4614=ORIENTED_EDGE('',*,*,#2999,.T.);
#4615=ORIENTED_EDGE('',*,*,#2998,.T.);
#4616=ORIENTED_EDGE('',*,*,#2996,.T.);
#4617=ORIENTED_EDGE('',*,*,#2994,.T.);
#4618=ORIENTED_EDGE('',*,*,#2992,.T.);
#4619=ORIENTED_EDGE('',*,*,#2990,.T.);
#4620=ORIENTED_EDGE('',*,*,#2987,.T.);
#4621=ORIENTED_EDGE('',*,*,#2989,.T.);
#4622=ORIENTED_EDGE('',*,*,#2985,.T.);
#4623=ORIENTED_EDGE('',*,*,#2983,.T.);
#4624=ORIENTED_EDGE('',*,*,#2981,.T.);
#4625=ORIENTED_EDGE('',*,*,#2979,.T.);
#4626=ORIENTED_EDGE('',*,*,#2977,.T.);
#4627=ORIENTED_EDGE('',*,*,#2975,.T.);
#4628=ORIENTED_EDGE('',*,*,#2973,.T.);
#4629=ORIENTED_EDGE('',*,*,#2971,.T.);
#4630=ORIENTED_EDGE('',*,*,#2968,.T.);
#4631=ORIENTED_EDGE('',*,*,#2967,.T.);
#4632=ORIENTED_EDGE('',*,*,#2965,.T.);
#4633=ORIENTED_EDGE('',*,*,#2963,.T.);
#4634=ORIENTED_EDGE('',*,*,#2961,.T.);
#4635=ORIENTED_EDGE('',*,*,#2959,.T.);
#4636=ORIENTED_EDGE('',*,*,#2956,.T.);
#4637=ORIENTED_EDGE('',*,*,#2958,.T.);
#4638=ORIENTED_EDGE('',*,*,#2954,.T.);
#4639=ORIENTED_EDGE('',*,*,#2952,.T.);
#4640=ORIENTED_EDGE('',*,*,#2950,.T.);
#4641=ORIENTED_EDGE('',*,*,#2948,.T.);
#4642=ORIENTED_EDGE('',*,*,#2946,.T.);
#4643=ORIENTED_EDGE('',*,*,#2944,.T.);
#4644=ORIENTED_EDGE('',*,*,#2942,.T.);
#4645=ORIENTED_EDGE('',*,*,#2940,.T.);
#4646=ORIENTED_EDGE('',*,*,#2937,.T.);
#4647=ORIENTED_EDGE('',*,*,#2936,.T.);
#4648=ORIENTED_EDGE('',*,*,#2934,.T.);
#4649=ORIENTED_EDGE('',*,*,#2932,.T.);
#4650=ORIENTED_EDGE('',*,*,#2646,.F.);
#4651=ORIENTED_EDGE('',*,*,#3255,.F.);
#4652=ORIENTED_EDGE('',*,*,#3327,.F.);
#4653=ORIENTED_EDGE('',*,*,#3328,.T.);
#4654=ORIENTED_EDGE('',*,*,#2678,.T.);
#4655=ORIENTED_EDGE('',*,*,#2674,.F.);
#4656=ORIENTED_EDGE('',*,*,#2650,.F.);
#4657=ORIENTED_EDGE('',*,*,#2642,.F.);
#4658=ORIENTED_EDGE('',*,*,#3257,.F.);
#4659=ORIENTED_EDGE('',*,*,#2669,.T.);
#4660=ORIENTED_EDGE('',*,*,#2677,.T.);
#4661=ORIENTED_EDGE('',*,*,#2706,.T.);
#4662=ORIENTED_EDGE('',*,*,#3329,.T.);
#4663=ORIENTED_EDGE('',*,*,#3258,.F.);
#4664=ORIENTED_EDGE('',*,*,#3329,.F.);
#4665=ORIENTED_EDGE('',*,*,#2705,.T.);
#4666=ORIENTED_EDGE('',*,*,#3330,.T.);
#4667=ORIENTED_EDGE('',*,*,#3259,.F.);
#4668=ORIENTED_EDGE('',*,*,#3330,.F.);
#4669=ORIENTED_EDGE('',*,*,#2704,.T.);
#4670=ORIENTED_EDGE('',*,*,#3331,.F.);
#4671=ORIENTED_EDGE('',*,*,#3261,.F.);
#4672=ORIENTED_EDGE('',*,*,#3331,.T.);
#4673=ORIENTED_EDGE('',*,*,#2703,.T.);
#4674=ORIENTED_EDGE('',*,*,#3332,.T.);
#4675=ORIENTED_EDGE('',*,*,#3263,.F.);
#4676=ORIENTED_EDGE('',*,*,#3332,.F.);
#4677=ORIENTED_EDGE('',*,*,#2702,.F.);
#4678=ORIENTED_EDGE('',*,*,#3333,.F.);
#4679=ORIENTED_EDGE('',*,*,#3268,.T.);
#4680=ORIENTED_EDGE('',*,*,#3266,.F.);
#4681=ORIENTED_EDGE('',*,*,#3333,.T.);
#4682=ORIENTED_EDGE('',*,*,#2701,.T.);
#4683=ORIENTED_EDGE('',*,*,#3334,.F.);
#4684=ORIENTED_EDGE('',*,*,#3294,.T.);
#4685=ORIENTED_EDGE('',*,*,#3298,.T.);
#4686=ORIENTED_EDGE('',*,*,#3335,.T.);
#4687=ORIENTED_EDGE('',*,*,#3264,.F.);
#4688=ORIENTED_EDGE('',*,*,#2700,.T.);
#4689=ORIENTED_EDGE('',*,*,#3336,.F.);
#4690=ORIENTED_EDGE('',*,*,#3295,.T.);
#4691=ORIENTED_EDGE('',*,*,#3334,.T.);
#4692=ORIENTED_EDGE('',*,*,#2699,.T.);
#4693=ORIENTED_EDGE('',*,*,#3337,.F.);
#4694=ORIENTED_EDGE('',*,*,#3296,.T.);
#4695=ORIENTED_EDGE('',*,*,#3336,.T.);
#4696=ORIENTED_EDGE('',*,*,#2698,.T.);
#4697=ORIENTED_EDGE('',*,*,#3338,.F.);
#4698=ORIENTED_EDGE('',*,*,#3288,.T.);
#4699=ORIENTED_EDGE('',*,*,#3337,.T.);
#4700=ORIENTED_EDGE('',*,*,#3273,.F.);
#4701=ORIENTED_EDGE('',*,*,#3339,.F.);
#4702=ORIENTED_EDGE('',*,*,#3340,.T.);
#4703=ORIENTED_EDGE('',*,*,#3341,.T.);
#4704=ORIENTED_EDGE('',*,*,#3342,.F.);
#4705=ORIENTED_EDGE('',*,*,#3340,.F.);
#4706=ORIENTED_EDGE('',*,*,#3339,.T.);
#4707=ORIENTED_EDGE('',*,*,#3281,.T.);
#4708=ORIENTED_EDGE('',*,*,#3272,.F.);
#4709=ORIENTED_EDGE('',*,*,#2696,.T.);
#4710=ORIENTED_EDGE('',*,*,#3271,.F.);
#4711=ORIENTED_EDGE('',*,*,#3289,.F.);
#4712=ORIENTED_EDGE('',*,*,#3338,.T.);
#4713=ORIENTED_EDGE('',*,*,#2697,.T.);
#4714=ORIENTED_EDGE('',*,*,#3274,.F.);
#4715=ORIENTED_EDGE('',*,*,#3341,.F.);
#4716=ORIENTED_EDGE('',*,*,#3342,.T.);
#4717=ORIENTED_EDGE('',*,*,#2695,.F.);
#4718=ORIENTED_EDGE('',*,*,#3343,.F.);
#4719=ORIENTED_EDGE('',*,*,#3275,.F.);
#4720=ORIENTED_EDGE('',*,*,#3343,.T.);
#4721=ORIENTED_EDGE('',*,*,#2694,.F.);
#4722=ORIENTED_EDGE('',*,*,#3344,.T.);
#4723=ORIENTED_EDGE('',*,*,#3276,.F.);
#4724=ORIENTED_EDGE('',*,*,#3344,.F.);
#4725=ORIENTED_EDGE('',*,*,#2693,.F.);
#4726=ORIENTED_EDGE('',*,*,#3345,.T.);
#4727=ORIENTED_EDGE('',*,*,#3277,.F.);
#4728=ORIENTED_EDGE('',*,*,#3345,.F.);
#4729=ORIENTED_EDGE('',*,*,#2692,.F.);
#4730=ORIENTED_EDGE('',*,*,#3346,.T.);
#4731=ORIENTED_EDGE('',*,*,#3347,.F.);
#4732=ORIENTED_EDGE('',*,*,#3278,.F.);
#4733=ORIENTED_EDGE('',*,*,#3346,.F.);
#4734=ORIENTED_EDGE('',*,*,#2691,.F.);
#4735=ORIENTED_EDGE('',*,*,#2690,.T.);
#4736=ORIENTED_EDGE('',*,*,#3348,.F.);
#4737=ORIENTED_EDGE('',*,*,#3290,.T.);
#4738=ORIENTED_EDGE('',*,*,#3282,.F.);
#4739=ORIENTED_EDGE('',*,*,#3279,.T.);
#4740=ORIENTED_EDGE('',*,*,#3347,.T.);
#4741=ORIENTED_EDGE('',*,*,#2689,.T.);
#4742=ORIENTED_EDGE('',*,*,#3349,.F.);
#4743=ORIENTED_EDGE('',*,*,#3284,.F.);
#4744=ORIENTED_EDGE('',*,*,#3291,.T.);
#4745=ORIENTED_EDGE('',*,*,#3348,.T.);
#4746=ORIENTED_EDGE('',*,*,#3305,.F.);
#4747=ORIENTED_EDGE('',*,*,#3304,.F.);
#4748=ORIENTED_EDGE('',*,*,#3300,.F.);
#4749=ORIENTED_EDGE('',*,*,#3335,.F.);
#4750=ORIENTED_EDGE('',*,*,#3297,.T.);
#4751=ORIENTED_EDGE('',*,*,#3299,.F.);
#4752=ORIENTED_EDGE('',*,*,#3292,.T.);
#4753=ORIENTED_EDGE('',*,*,#3286,.T.);
#4754=ORIENTED_EDGE('',*,*,#3285,.T.);
#4755=ORIENTED_EDGE('',*,*,#3349,.T.);
#4756=ORIENTED_EDGE('',*,*,#2688,.T.);
#4757=ORIENTED_EDGE('',*,*,#3350,.F.);
#4758=ORIENTED_EDGE('',*,*,#3351,.T.);
#4759=ORIENTED_EDGE('',*,*,#3307,.F.);
#4760=ORIENTED_EDGE('',*,*,#3351,.F.);
#4761=ORIENTED_EDGE('',*,*,#3350,.T.);
#4762=ORIENTED_EDGE('',*,*,#2687,.T.);
#4763=ORIENTED_EDGE('',*,*,#3352,.T.);
#4764=ORIENTED_EDGE('',*,*,#3313,.F.);
#4765=ORIENTED_EDGE('',*,*,#3352,.F.);
#4766=ORIENTED_EDGE('',*,*,#2686,.T.);
#4767=ORIENTED_EDGE('',*,*,#3353,.T.);
#4768=ORIENTED_EDGE('',*,*,#3354,.T.);
#4769=ORIENTED_EDGE('',*,*,#3317,.F.);
#4770=ORIENTED_EDGE('',*,*,#3354,.F.);
#4771=ORIENTED_EDGE('',*,*,#3353,.F.);
#4772=ORIENTED_EDGE('',*,*,#2685,.T.);
#4773=ORIENTED_EDGE('',*,*,#3355,.T.);
#4774=ORIENTED_EDGE('',*,*,#3318,.F.);
#4775=ORIENTED_EDGE('',*,*,#3355,.F.);
#4776=ORIENTED_EDGE('',*,*,#2684,.T.);
#4777=ORIENTED_EDGE('',*,*,#3356,.F.);
#4778=ORIENTED_EDGE('',*,*,#3315,.F.);
#4779=ORIENTED_EDGE('',*,*,#2683,.T.);
#4780=ORIENTED_EDGE('',*,*,#3357,.F.);
#4781=ORIENTED_EDGE('',*,*,#3322,.F.);
#4782=ORIENTED_EDGE('',*,*,#3320,.T.);
#4783=ORIENTED_EDGE('',*,*,#3319,.T.);
#4784=ORIENTED_EDGE('',*,*,#3356,.T.);
#4785=ORIENTED_EDGE('',*,*,#2682,.T.);
#4786=ORIENTED_EDGE('',*,*,#3358,.F.);
#4787=ORIENTED_EDGE('',*,*,#3323,.F.);
#4788=ORIENTED_EDGE('',*,*,#3357,.T.);
#4789=ORIENTED_EDGE('',*,*,#2681,.T.);
#4790=ORIENTED_EDGE('',*,*,#3359,.F.);
#4791=ORIENTED_EDGE('',*,*,#3324,.F.);
#4792=ORIENTED_EDGE('',*,*,#3358,.T.);
#4793=ORIENTED_EDGE('',*,*,#2680,.T.);
#4794=ORIENTED_EDGE('',*,*,#3360,.F.);
#4795=ORIENTED_EDGE('',*,*,#3325,.F.);
#4796=ORIENTED_EDGE('',*,*,#3359,.T.);
#4797=ORIENTED_EDGE('',*,*,#2679,.T.);
#4798=ORIENTED_EDGE('',*,*,#3328,.F.);
#4799=ORIENTED_EDGE('',*,*,#3326,.F.);
#4800=ORIENTED_EDGE('',*,*,#3360,.T.);
#4801=B_SPLINE_SURFACE_WITH_KNOTS('',3,3,((#6834,#6835,#6836,#6837),(#6838,
#6839,#6840,#6841),(#6842,#6843,#6844,#6845),(#6846,#6847,#6848,#6849),
(#6850,#6851,#6852,#6853),(#6854,#6855,#6856,#6857)),.UNSPECIFIED.,.F.,
 .F.,.F.,(4,1,1,4),(4,4),(0.,0.285714285714286,0.571428571428571,1.),(0.6,
1.09999999552966),.UNSPECIFIED.);
#4802=B_SPLINE_SURFACE_WITH_KNOTS('',3,3,((#6872,#6873,#6874,#6875,#6876,
#6877),(#6878,#6879,#6880,#6881,#6882,#6883),(#6884,#6885,#6886,#6887,#6888,
#6889),(#6890,#6891,#6892,#6893,#6894,#6895),(#6896,#6897,#6898,#6899,#6900,
#6901),(#6902,#6903,#6904,#6905,#6906,#6907)),.UNSPECIFIED.,.F.,.F.,.F.,
(4,1,1,4),(4,1,1,4),(0.,0.285714285714286,0.571428571428571,1.),(-0.792541821492608,
-0.622711431172763,-0.509491170959533,-0.396270910746303),.UNSPECIFIED.);
#4803=B_SPLINE_SURFACE_WITH_KNOTS('',3,3,((#6923,#6924,#6925,#6926,#6927,
#6928),(#6929,#6930,#6931,#6932,#6933,#6934),(#6935,#6936,#6937,#6938,#6939,
#6940),(#6941,#6942,#6943,#6944,#6945,#6946),(#6947,#6948,#6949,#6950,#6951,
#6952),(#6953,#6954,#6955,#6956,#6957,#6958)),.UNSPECIFIED.,.F.,.F.,.F.,
(4,1,1,4),(4,1,1,4),(0.,0.285714285714286,0.571428571428571,1.),(-1.04506681086571E-14,
0.113220260213222,0.226440520426455,0.396270910746304),.UNSPECIFIED.);
#4804=B_SPLINE_SURFACE_WITH_KNOTS('',1,3,((#7354,#7355,#7356,#7357,#7358,
#7359,#7360,#7361,#7362,#7363),(#7364,#7365,#7366,#7367,#7368,#7369,#7370,
#7371,#7372,#7373)),.UNSPECIFIED.,.F.,.T.,.F.,(2,2),(4,1,1,1,1,1,1,4),(0.,
7.15325808302321),(-3.14159265358979,-2.24399475256414,-1.34639685153848,
-0.448798950512828,0.448798950512828,1.34639685153848,2.24399475256414,
3.14159265358979),.UNSPECIFIED.);
#4805=B_SPLINE_SURFACE_WITH_KNOTS('',1,3,((#7546,#7547,#7548,#7549,#7550,
#7551,#7552,#7553,#7554,#7555),(#7556,#7557,#7558,#7559,#7560,#7561,#7562,
#7563,#7564,#7565)),.UNSPECIFIED.,.F.,.T.,.F.,(2,2),(4,1,1,1,1,1,1,4),(0.,
2.04781003258553),(-3.14159265358979,-2.24399475256414,-1.34639685153848,
-0.448798950512828,0.448798950512828,1.34639685153848,2.24399475256414,
3.14159265358979),.UNSPECIFIED.);
#4806=B_SPLINE_SURFACE_WITH_KNOTS('',1,3,((#7738,#7739,#7740,#7741,#7742,
#7743,#7744,#7745,#7746,#7747),(#7748,#7749,#7750,#7751,#7752,#7753,#7754,
#7755,#7756,#7757)),.UNSPECIFIED.,.F.,.T.,.F.,(2,2),(4,1,1,1,1,1,1,4),(0.,
2.04781003258553),(-3.14159265358979,-2.24399475256414,-1.34639685153848,
-0.448798950512828,0.448798950512828,1.34639685153848,2.24399475256414,
3.14159265358979),.UNSPECIFIED.);
#4807=B_SPLINE_SURFACE_WITH_KNOTS('',1,3,((#7930,#7931,#7932,#7933,#7934,
#7935,#7936,#7937,#7938,#7939),(#7940,#7941,#7942,#7943,#7944,#7945,#7946,
#7947,#7948,#7949)),.UNSPECIFIED.,.F.,.T.,.F.,(2,2),(4,1,1,1,1,1,1,4),(0.,
7.15325808302321),(-3.14159265358979,-2.24399475256414,-1.34639685153848,
-0.448798950512828,0.448798950512828,1.34639685153848,2.24399475256414,
3.14159265358979),.UNSPECIFIED.);
#4808=B_SPLINE_SURFACE_WITH_KNOTS('',1,3,((#8122,#8123,#8124,#8125,#8126,
#8127,#8128,#8129,#8130,#8131),(#8132,#8133,#8134,#8135,#8136,#8137,#8138,
#8139,#8140,#8141)),.UNSPECIFIED.,.F.,.T.,.F.,(2,2),(4,1,1,1,1,1,1,4),(0.,
4.60053034565028),(-3.14159265358979,-2.24399475256414,-1.34639685153848,
-0.448798950512828,0.448798950512828,1.34639685153848,2.24399475256414,
3.14159265358979),.UNSPECIFIED.);
#4809=B_SPLINE_SURFACE_WITH_KNOTS('',1,3,((#8314,#8315,#8316,#8317,#8318,
#8319,#8320,#8321,#8322,#8323),(#8324,#8325,#8326,#8327,#8328,#8329,#8330,
#8331,#8332,#8333)),.UNSPECIFIED.,.F.,.T.,.F.,(2,2),(4,1,1,1,1,1,1,4),(0.,
4.60053034565028),(-3.14159265358979,-2.24399475256414,-1.34639685153848,
-0.448798950512828,0.448798950512828,1.34639685153848,2.24399475256414,
3.14159265358979),.UNSPECIFIED.);
#4810=B_SPLINE_SURFACE_WITH_KNOTS('',3,3,((#9040,#9041,#9042,#9043),(#9044,
#9045,#9046,#9047),(#9048,#9049,#9050,#9051),(#9052,#9053,#9054,#9055),
(#9056,#9057,#9058,#9059)),.UNSPECIFIED.,.F.,.F.,.F.,(4,1,4),(4,4),(0.,
0.5,1.),(-0.90931013475222,-0.785398163397451),.UNSPECIFIED.);
#4811=B_SPLINE_SURFACE_WITH_KNOTS('',3,3,((#9063,#9064,#9065,#9066,#9067,
#9068,#9069,#9070,#9071,#9072,#9073),(#9074,#9075,#9076,#9077,#9078,#9079,
#9080,#9081,#9082,#9083,#9084),(#9085,#9086,#9087,#9088,#9089,#9090,#9091,
#9092,#9093,#9094,#9095),(#9096,#9097,#9098,#9099,#9100,#9101,#9102,#9103,
#9104,#9105,#9106)),.UNSPECIFIED.,.F.,.F.,.F.,(4,4),(4,2,1,1,1,1,1,4),(0.,
1.),(-0.00744622507563445,0.,0.0176316827919117,0.0264475241878675,0.0352633655838233,
0.0396712862818012,0.0418752466307902,0.0440792069797791),.UNSPECIFIED.);
#4812=B_SPLINE_SURFACE_WITH_KNOTS('',3,3,((#9133,#9134,#9135,#9136,#9137,
#9138),(#9139,#9140,#9141,#9142,#9143,#9144),(#9145,#9146,#9147,#9148,#9149,
#9150),(#9151,#9152,#9153,#9154,#9155,#9156)),.UNSPECIFIED.,.F.,.F.,.F.,
(4,4),(4,2,4),(0.,1.),(-0.000204302334267712,0.,0.0463092904353855),
 .UNSPECIFIED.);
#4813=B_SPLINE_SURFACE_WITH_KNOTS('',3,3,((#9173,#9174,#9175,#9176,#9177),
(#9178,#9179,#9180,#9181,#9182),(#9183,#9184,#9185,#9186,#9187),(#9188,
#9189,#9190,#9191,#9192),(#9193,#9194,#9195,#9196,#9197)),.UNSPECIFIED.,
 .F.,.F.,.F.,(4,1,4),(4,1,4),(0.,0.5,1.),(0.,0.0521094068743036,0.104218813748607),
 .UNSPECIFIED.);
#4814=B_SPLINE_SURFACE_WITH_KNOTS('',3,3,((#9229,#9230,#9231,#9232,#9233,
#9234,#9235),(#9236,#9237,#9238,#9239,#9240,#9241,#9242),(#9243,#9244,#9245,
#9246,#9247,#9248,#9249),(#9250,#9251,#9252,#9253,#9254,#9255,#9256),(#9257,
#9258,#9259,#9260,#9261,#9262,#9263)),.UNSPECIFIED.,.F.,.F.,.F.,(4,1,4),
(4,1,1,1,4),(0.,0.5,1.),(-4.94768024466282E-12,0.0501443768988804,0.0835739615014325,
0.100288753802709,0.117003546103985),.UNSPECIFIED.);
#4815=B_SPLINE_SURFACE_WITH_KNOTS('',3,1,((#10020,#10021),(#10022,#10023),
(#10024,#10025),(#10026,#10027),(#10028,#10029),(#10030,#10031),(#10032,
#10033),(#10034,#10035),(#10036,#10037),(#10038,#10039),(#10040,#10041),
(#10042,#10043),(#10044,#10045),(#10046,#10047),(#10048,#10049),(#10050,
#10051),(#10052,#10053),(#10054,#10055),(#10056,#10057),(#10058,#10059),
(#10060,#10061),(#10062,#10063)),.UNSPECIFIED.,.T.,.F.,.F.,(4,3,3,3,3,3,
3,4),(2,2),(-3.14159265358979,-2.19353606586041,-1.24734057541701,-0.307286091360655,
0.643084203900486,1.58766940103669,2.53537500281414,3.14159265358979),(0.,
1.),.UNSPECIFIED.);
#4816=B_SPLINE_SURFACE_WITH_KNOTS('',3,3,((#10118,#10119,#10120,#10121),
(#10122,#10123,#10124,#10125),(#10126,#10127,#10128,#10129),(#10130,#10131,
#10132,#10133)),.UNSPECIFIED.,.F.,.F.,.F.,(4,4),(4,4),(0.,0.253076739558486),
(0.533822808224736,0.573914379546199),.UNSPECIFIED.);
#4817=B_SPLINE_SURFACE_WITH_KNOTS('',3,3,((#10140,#10141,#10142,#10143,
#10144,#10145,#10146),(#10147,#10148,#10149,#10150,#10151,#10152,#10153),
(#10154,#10155,#10156,#10157,#10158,#10159,#10160),(#10161,#10162,#10163,
#10164,#10165,#10166,#10167)),.UNSPECIFIED.,.F.,.F.,.F.,(4,4),(4,1,2,4),
(0.43747210732907,1.),(-0.0641838035017101,-0.038510282101026,0.,0.00248181786398112),
 .UNSPECIFIED.);
#4818=B_SPLINE_SURFACE_WITH_KNOTS('',3,3,((#10250,#10251,#10252,#10253,
#10254,#10255,#10256,#10257,#10258,#10259,#10260),(#10261,#10262,#10263,
#10264,#10265,#10266,#10267,#10268,#10269,#10270,#10271),(#10272,#10273,
#10274,#10275,#10276,#10277,#10278,#10279,#10280,#10281,#10282),(#10283,
#10284,#10285,#10286,#10287,#10288,#10289,#10290,#10291,#10292,#10293)),
 .UNSPECIFIED.,.F.,.F.,.F.,(4,4),(4,2,1,1,1,1,1,4),(0.,1.),(-0.259072612625478,
-0.258789762464507,-0.245474379124913,-0.238816687455116,-0.232158995785319,
-0.218843612445726,-0.205528229106132,-0.192212845766539),.UNSPECIFIED.);
#4819=B_SPLINE_SURFACE_WITH_KNOTS('',3,1,((#10366,#10367),(#10368,#10369),
(#10370,#10371),(#10372,#10373),(#10374,#10375),(#10376,#10377),(#10378,
#10379),(#10380,#10381),(#10382,#10383),(#10384,#10385)),.UNSPECIFIED.,
 .F.,.F.,.F.,(4,3,3,4),(2,2),(-1.57079632514651,-0.866720887263961,-0.164637978007797,
0.101015861976843),(0.,2.00164643852132),.UNSPECIFIED.);
#4820=ADVANCED_FACE('',(#1422),#4801,.F.);
#4821=ADVANCED_FACE('',(#1423),#4802,.F.);
#4822=ADVANCED_FACE('',(#1424),#4803,.F.);
#4823=ADVANCED_FACE('',(#1425),#1419,.T.);
#4824=ADVANCED_FACE('',(#1426),#1420,.T.);
#4825=ADVANCED_FACE('',(#1427),#1377,.F.);
#4826=ADVANCED_FACE('',(#1428),#114,.F.);
#4827=ADVANCED_FACE('',(#1429),#1378,.F.);
#4828=ADVANCED_FACE('',(#1430),#115,.F.);
#4829=ADVANCED_FACE('',(#1431),#116,.T.);
#4830=ADVANCED_FACE('',(#1432),#117,.T.);
#4831=ADVANCED_FACE('',(#1433,#25,#26,#27,#28,#29,#30,#31),#118,.F.);
#4832=ADVANCED_FACE('',(#1434,#32),#119,.F.);
#4833=ADVANCED_FACE('',(#1435),#1379,.F.);
#4834=ADVANCED_FACE('',(#1436),#1380,.F.);
#4835=ADVANCED_FACE('',(#1437,#33),#120,.F.);
#4836=ADVANCED_FACE('',(#1438),#1381,.F.);
#4837=ADVANCED_FACE('',(#1439),#1382,.F.);
#4838=ADVANCED_FACE('',(#1440,#34),#121,.F.);
#4839=ADVANCED_FACE('',(#1441),#1383,.F.);
#4840=ADVANCED_FACE('',(#1442),#1384,.F.);
#4841=ADVANCED_FACE('',(#1443,#35),#122,.F.);
#4842=ADVANCED_FACE('',(#1444),#1385,.F.);
#4843=ADVANCED_FACE('',(#1445),#1386,.F.);
#4844=ADVANCED_FACE('',(#1446,#36),#123,.F.);
#4845=ADVANCED_FACE('',(#1447),#1387,.F.);
#4846=ADVANCED_FACE('',(#1448),#1388,.F.);
#4847=ADVANCED_FACE('',(#1449,#37),#124,.F.);
#4848=ADVANCED_FACE('',(#1450),#1389,.F.);
#4849=ADVANCED_FACE('',(#1451),#1390,.F.);
#4850=ADVANCED_FACE('',(#1452,#38),#125,.F.);
#4851=ADVANCED_FACE('',(#1453),#1391,.F.);
#4852=ADVANCED_FACE('',(#1454),#1392,.F.);
#4853=ADVANCED_FACE('',(#1455),#126,.T.);
#4854=ADVANCED_FACE('',(#1456),#127,.T.);
#4855=ADVANCED_FACE('',(#1457),#128,.T.);
#4856=ADVANCED_FACE('',(#1458),#129,.T.);
#4857=ADVANCED_FACE('',(#1459),#130,.T.);
#4858=ADVANCED_FACE('',(#1460),#131,.T.);
#4859=ADVANCED_FACE('',(#1461),#4804,.T.);
#4860=ADVANCED_FACE('',(#1462),#4805,.T.);
#4861=ADVANCED_FACE('',(#1463),#4806,.T.);
#4862=ADVANCED_FACE('',(#1464),#4807,.T.);
#4863=ADVANCED_FACE('',(#1465),#4808,.T.);
#4864=ADVANCED_FACE('',(#1466),#4809,.T.);
#4865=ADVANCED_FACE('',(#1467,#39),#132,.T.);
#4866=ADVANCED_FACE('',(#1468,#40),#133,.T.);
#4867=ADVANCED_FACE('',(#1469,#41),#134,.T.);
#4868=ADVANCED_FACE('',(#1470),#135,.F.);
#4869=ADVANCED_FACE('',(#1471),#136,.F.);
#4870=ADVANCED_FACE('',(#1472),#137,.F.);
#4871=ADVANCED_FACE('',(#1473),#138,.F.);
#4872=ADVANCED_FACE('',(#1474),#139,.F.);
#4873=ADVANCED_FACE('',(#1475),#140,.F.);
#4874=ADVANCED_FACE('',(#1476),#141,.F.);
#4875=ADVANCED_FACE('',(#1477),#142,.F.);
#4876=ADVANCED_FACE('',(#1478),#143,.F.);
#4877=ADVANCED_FACE('',(#1479),#144,.F.);
#4878=ADVANCED_FACE('',(#1480,#42),#145,.T.);
#4879=ADVANCED_FACE('',(#1481,#43),#146,.T.);
#4880=ADVANCED_FACE('',(#1482,#44),#147,.T.);
#4881=ADVANCED_FACE('',(#1483),#4810,.T.);
#4882=ADVANCED_FACE('',(#1484),#4811,.T.);
#4883=ADVANCED_FACE('',(#1485),#4812,.T.);
#4884=ADVANCED_FACE('',(#1486),#4813,.T.);
#4885=ADVANCED_FACE('',(#1487),#148,.T.);
#4886=ADVANCED_FACE('',(#1488),#1393,.T.);
#4887=ADVANCED_FACE('',(#1489),#149,.T.);
#4888=ADVANCED_FACE('',(#1490),#4814,.T.);
#4889=ADVANCED_FACE('',(#1491),#1421,.F.);
#4890=ADVANCED_FACE('',(#1492),#150,.T.);
#4891=ADVANCED_FACE('',(#1493),#15,.F.);
#4892=ADVANCED_FACE('',(#1494),#16,.F.);
#4893=ADVANCED_FACE('',(#1495),#17,.F.);
#4894=ADVANCED_FACE('',(#1496),#151,.T.);
#4895=ADVANCED_FACE('',(#1497),#152,.T.);
#4896=ADVANCED_FACE('',(#1498),#153,.T.);
#4897=ADVANCED_FACE('',(#1499),#154,.T.);
#4898=ADVANCED_FACE('',(#1500),#155,.T.);
#4899=ADVANCED_FACE('',(#1501),#156,.F.);
#4900=ADVANCED_FACE('',(#1502),#157,.F.);
#4901=ADVANCED_FACE('',(#1503),#158,.F.);
#4902=ADVANCED_FACE('',(#1504),#159,.F.);
#4903=ADVANCED_FACE('',(#1505),#160,.F.);
#4904=ADVANCED_FACE('',(#1506),#1394,.F.);
#4905=ADVANCED_FACE('',(#1507),#161,.F.);
#4906=ADVANCED_FACE('',(#1508),#162,.F.);
#4907=ADVANCED_FACE('',(#1509),#163,.F.);
#4908=ADVANCED_FACE('',(#1510),#164,.F.);
#4909=ADVANCED_FACE('',(#1511),#165,.T.);
#4910=ADVANCED_FACE('',(#1512),#166,.T.);
#4911=ADVANCED_FACE('',(#1513),#167,.T.);
#4912=ADVANCED_FACE('',(#1514),#168,.T.);
#4913=ADVANCED_FACE('',(#1515),#169,.T.);
#4914=ADVANCED_FACE('',(#1516),#170,.F.);
#4915=ADVANCED_FACE('',(#1517),#171,.F.);
#4916=ADVANCED_FACE('',(#1518),#172,.F.);
#4917=ADVANCED_FACE('',(#1519),#173,.F.);
#4918=ADVANCED_FACE('',(#1520),#174,.F.);
#4919=ADVANCED_FACE('',(#1521),#1395,.F.);
#4920=ADVANCED_FACE('',(#1522),#175,.F.);
#4921=ADVANCED_FACE('',(#1523),#176,.F.);
#4922=ADVANCED_FACE('',(#1524),#177,.F.);
#4923=ADVANCED_FACE('',(#1525),#178,.F.);
#4924=ADVANCED_FACE('',(#1526),#179,.T.);
#4925=ADVANCED_FACE('',(#1527),#180,.T.);
#4926=ADVANCED_FACE('',(#1528),#181,.T.);
#4927=ADVANCED_FACE('',(#1529),#182,.T.);
#4928=ADVANCED_FACE('',(#1530),#183,.T.);
#4929=ADVANCED_FACE('',(#1531),#184,.F.);
#4930=ADVANCED_FACE('',(#1532),#185,.F.);
#4931=ADVANCED_FACE('',(#1533),#186,.F.);
#4932=ADVANCED_FACE('',(#1534),#187,.F.);
#4933=ADVANCED_FACE('',(#1535),#188,.F.);
#4934=ADVANCED_FACE('',(#1536),#1396,.F.);
#4935=ADVANCED_FACE('',(#1537),#189,.F.);
#4936=ADVANCED_FACE('',(#1538),#190,.F.);
#4937=ADVANCED_FACE('',(#1539),#191,.F.);
#4938=ADVANCED_FACE('',(#1540),#192,.F.);
#4939=ADVANCED_FACE('',(#1541),#193,.T.);
#4940=ADVANCED_FACE('',(#1542),#194,.T.);
#4941=ADVANCED_FACE('',(#1543),#195,.T.);
#4942=ADVANCED_FACE('',(#1544),#196,.T.);
#4943=ADVANCED_FACE('',(#1545),#197,.T.);
#4944=ADVANCED_FACE('',(#1546),#198,.F.);
#4945=ADVANCED_FACE('',(#1547),#199,.F.);
#4946=ADVANCED_FACE('',(#1548),#200,.F.);
#4947=ADVANCED_FACE('',(#1549),#201,.F.);
#4948=ADVANCED_FACE('',(#1550),#202,.F.);
#4949=ADVANCED_FACE('',(#1551),#1397,.F.);
#4950=ADVANCED_FACE('',(#1552),#203,.F.);
#4951=ADVANCED_FACE('',(#1553),#204,.F.);
#4952=ADVANCED_FACE('',(#1554),#205,.F.);
#4953=ADVANCED_FACE('',(#1555),#206,.F.);
#4954=ADVANCED_FACE('',(#1556),#207,.T.);
#4955=ADVANCED_FACE('',(#1557),#208,.T.);
#4956=ADVANCED_FACE('',(#1558),#209,.T.);
#4957=ADVANCED_FACE('',(#1559),#210,.T.);
#4958=ADVANCED_FACE('',(#1560),#211,.T.);
#4959=ADVANCED_FACE('',(#1561),#212,.F.);
#4960=ADVANCED_FACE('',(#1562),#213,.F.);
#4961=ADVANCED_FACE('',(#1563),#214,.F.);
#4962=ADVANCED_FACE('',(#1564),#215,.F.);
#4963=ADVANCED_FACE('',(#1565),#216,.F.);
#4964=ADVANCED_FACE('',(#1566),#1398,.F.);
#4965=ADVANCED_FACE('',(#1567),#217,.F.);
#4966=ADVANCED_FACE('',(#1568),#218,.F.);
#4967=ADVANCED_FACE('',(#1569),#219,.F.);
#4968=ADVANCED_FACE('',(#1570),#220,.F.);
#4969=ADVANCED_FACE('',(#1571),#221,.T.);
#4970=ADVANCED_FACE('',(#1572),#222,.T.);
#4971=ADVANCED_FACE('',(#1573),#223,.T.);
#4972=ADVANCED_FACE('',(#1574),#224,.T.);
#4973=ADVANCED_FACE('',(#1575),#225,.T.);
#4974=ADVANCED_FACE('',(#1576),#226,.F.);
#4975=ADVANCED_FACE('',(#1577),#227,.F.);
#4976=ADVANCED_FACE('',(#1578),#228,.F.);
#4977=ADVANCED_FACE('',(#1579),#229,.F.);
#4978=ADVANCED_FACE('',(#1580),#230,.F.);
#4979=ADVANCED_FACE('',(#1581),#1399,.F.);
#4980=ADVANCED_FACE('',(#1582),#231,.F.);
#4981=ADVANCED_FACE('',(#1583),#232,.F.);
#4982=ADVANCED_FACE('',(#1584),#233,.F.);
#4983=ADVANCED_FACE('',(#1585),#234,.F.);
#4984=ADVANCED_FACE('',(#1586),#235,.T.);
#4985=ADVANCED_FACE('',(#1587),#236,.T.);
#4986=ADVANCED_FACE('',(#1588),#237,.T.);
#4987=ADVANCED_FACE('',(#1589),#238,.T.);
#4988=ADVANCED_FACE('',(#1590),#239,.T.);
#4989=ADVANCED_FACE('',(#1591),#240,.F.);
#4990=ADVANCED_FACE('',(#1592),#241,.F.);
#4991=ADVANCED_FACE('',(#1593),#242,.F.);
#4992=ADVANCED_FACE('',(#1594),#243,.F.);
#4993=ADVANCED_FACE('',(#1595),#244,.F.);
#4994=ADVANCED_FACE('',(#1596),#1400,.F.);
#4995=ADVANCED_FACE('',(#1597),#245,.F.);
#4996=ADVANCED_FACE('',(#1598),#246,.F.);
#4997=ADVANCED_FACE('',(#1599),#247,.F.);
#4998=ADVANCED_FACE('',(#1600),#248,.F.);
#4999=ADVANCED_FACE('',(#1601),#249,.T.);
#5000=ADVANCED_FACE('',(#1602),#250,.T.);
#5001=ADVANCED_FACE('',(#1603),#251,.T.);
#5002=ADVANCED_FACE('',(#1604),#252,.T.);
#5003=ADVANCED_FACE('',(#1605),#253,.T.);
#5004=ADVANCED_FACE('',(#1606),#254,.F.);
#5005=ADVANCED_FACE('',(#1607),#255,.F.);
#5006=ADVANCED_FACE('',(#1608),#256,.F.);
#5007=ADVANCED_FACE('',(#1609),#257,.F.);
#5008=ADVANCED_FACE('',(#1610),#258,.F.);
#5009=ADVANCED_FACE('',(#1611),#1401,.F.);
#5010=ADVANCED_FACE('',(#1612),#259,.F.);
#5011=ADVANCED_FACE('',(#1613),#260,.F.);
#5012=ADVANCED_FACE('',(#1614),#261,.F.);
#5013=ADVANCED_FACE('',(#1615),#262,.F.);
#5014=ADVANCED_FACE('',(#1616),#263,.T.);
#5015=ADVANCED_FACE('',(#1617),#264,.T.);
#5016=ADVANCED_FACE('',(#1618),#265,.T.);
#5017=ADVANCED_FACE('',(#1619),#266,.T.);
#5018=ADVANCED_FACE('',(#1620),#267,.T.);
#5019=ADVANCED_FACE('',(#1621),#268,.F.);
#5020=ADVANCED_FACE('',(#1622),#269,.F.);
#5021=ADVANCED_FACE('',(#1623),#270,.F.);
#5022=ADVANCED_FACE('',(#1624),#271,.F.);
#5023=ADVANCED_FACE('',(#1625),#272,.F.);
#5024=ADVANCED_FACE('',(#1626),#1402,.F.);
#5025=ADVANCED_FACE('',(#1627),#273,.F.);
#5026=ADVANCED_FACE('',(#1628),#274,.F.);
#5027=ADVANCED_FACE('',(#1629),#275,.F.);
#5028=ADVANCED_FACE('',(#1630),#276,.F.);
#5029=ADVANCED_FACE('',(#1631),#277,.T.);
#5030=ADVANCED_FACE('',(#1632),#278,.T.);
#5031=ADVANCED_FACE('',(#1633),#279,.T.);
#5032=ADVANCED_FACE('',(#1634),#280,.T.);
#5033=ADVANCED_FACE('',(#1635),#281,.T.);
#5034=ADVANCED_FACE('',(#1636),#282,.F.);
#5035=ADVANCED_FACE('',(#1637),#283,.F.);
#5036=ADVANCED_FACE('',(#1638),#284,.F.);
#5037=ADVANCED_FACE('',(#1639),#285,.F.);
#5038=ADVANCED_FACE('',(#1640),#286,.F.);
#5039=ADVANCED_FACE('',(#1641),#1403,.F.);
#5040=ADVANCED_FACE('',(#1642),#287,.F.);
#5041=ADVANCED_FACE('',(#1643),#288,.F.);
#5042=ADVANCED_FACE('',(#1644),#289,.F.);
#5043=ADVANCED_FACE('',(#1645),#290,.F.);
#5044=ADVANCED_FACE('',(#1646),#18,.F.);
#5045=ADVANCED_FACE('',(#1647),#19,.F.);
#5046=ADVANCED_FACE('',(#1648),#4815,.T.);
#5047=ADVANCED_FACE('',(#1649),#291,.T.);
#5048=ADVANCED_FACE('',(#1650),#1404,.T.);
#5049=ADVANCED_FACE('',(#1651),#1405,.T.);
#5050=ADVANCED_FACE('',(#1652),#20,.F.);
#5051=ADVANCED_FACE('',(#1653),#1406,.T.);
#5052=ADVANCED_FACE('',(#1654),#4816,.F.);
#5053=ADVANCED_FACE('',(#1655),#4817,.F.);
#5054=ADVANCED_FACE('',(#1656),#1407,.T.);
#5055=ADVANCED_FACE('',(#1657),#1408,.T.);
#5056=ADVANCED_FACE('',(#1658),#292,.F.);
#5057=ADVANCED_FACE('',(#1659),#1409,.T.);
#5058=ADVANCED_FACE('',(#1660),#293,.T.);
#5059=ADVANCED_FACE('',(#1661,#45,#46,#47,#48,#49,#50,#51),#294,.F.);
#5060=ADVANCED_FACE('',(#1662),#295,.T.);
#5061=ADVANCED_FACE('',(#1663),#1410,.T.);
#5062=ADVANCED_FACE('',(#1664),#1411,.T.);
#5063=ADVANCED_FACE('',(#1665),#4818,.F.);
#5064=ADVANCED_FACE('',(#1666),#21,.F.);
#5065=ADVANCED_FACE('',(#1667),#1412,.T.);
#5066=ADVANCED_FACE('',(#1668),#296,.F.);
#5067=ADVANCED_FACE('',(#1669),#1413,.T.);
#5068=ADVANCED_FACE('',(#1670),#297,.F.);
#5069=ADVANCED_FACE('',(#1671),#298,.T.);
#5070=ADVANCED_FACE('',(#1672,#52,#53,#54,#55,#56,#57,#58,#59,#60,#61,#62,
#63,#64,#65,#66,#67),#299,.T.);
#5071=ADVANCED_FACE('',(#1673),#4819,.T.);
#5072=ADVANCED_FACE('',(#1674),#300,.T.);
#5073=ADVANCED_FACE('',(#1675),#301,.F.);
#5074=ADVANCED_FACE('',(#1676),#302,.F.);
#5075=ADVANCED_FACE('',(#1677),#1414,.T.);
#5076=ADVANCED_FACE('',(#1678),#303,.T.);
#5077=ADVANCED_FACE('',(#1679),#22,.T.);
#5078=ADVANCED_FACE('',(#1680),#304,.T.);
#5079=ADVANCED_FACE('',(#1681),#23,.F.);
#5080=ADVANCED_FACE('',(#1682),#305,.T.);
#5081=ADVANCED_FACE('',(#1683),#306,.F.);
#5082=ADVANCED_FACE('',(#1684),#307,.T.);
#5083=ADVANCED_FACE('',(#1685),#308,.T.);
#5084=ADVANCED_FACE('',(#1686),#1415,.F.);
#5085=ADVANCED_FACE('',(#1687),#309,.F.);
#5086=ADVANCED_FACE('',(#1688),#1416,.F.);
#5087=ADVANCED_FACE('',(#1689),#310,.F.);
#5088=ADVANCED_FACE('',(#1690),#1417,.F.);
#5089=ADVANCED_FACE('',(#1691),#311,.T.);
#5090=ADVANCED_FACE('',(#1692),#24,.F.);
#5091=ADVANCED_FACE('',(#1693),#312,.T.);
#5092=ADVANCED_FACE('',(#1694),#1418,.T.);
#5093=ADVANCED_FACE('',(#1695),#313,.F.);
#5094=ADVANCED_FACE('',(#1696),#314,.F.);
#5095=ADVANCED_FACE('',(#1697),#315,.T.);
#5096=ADVANCED_FACE('',(#1698),#316,.T.);
#5097=ADVANCED_FACE('',(#1699),#317,.T.);
#5098=ADVANCED_FACE('',(#1700),#318,.T.);
#5099=ADVANCED_FACE('',(#1701),#319,.T.);
#5100=ADVANCED_FACE('',(#1702),#320,.T.);
#5101=CLOSED_SHELL('',(#4820,#4821,#4822,#4823,#4824,#4825,#4826,#4827,
#4828,#4829,#4830,#4831,#4832,#4833,#4834,#4835,#4836,#4837,#4838,#4839,
#4840,#4841,#4842,#4843,#4844,#4845,#4846,#4847,#4848,#4849,#4850,#4851,
#4852,#4853,#4854,#4855,#4856,#4857,#4858,#4859,#4860,#4861,#4862,#4863,
#4864,#4865,#4866,#4867,#4868,#4869,#4870,#4871,#4872,#4873,#4874,#4875,
#4876,#4877,#4878,#4879,#4880,#4881,#4882,#4883,#4884,#4885,#4886,#4887,
#4888,#4889,#4890,#4891,#4892,#4893,#4894,#4895,#4896,#4897,#4898,#4899,
#4900,#4901,#4902,#4903,#4904,#4905,#4906,#4907,#4908,#4909,#4910,#4911,
#4912,#4913,#4914,#4915,#4916,#4917,#4918,#4919,#4920,#4921,#4922,#4923,
#4924,#4925,#4926,#4927,#4928,#4929,#4930,#4931,#4932,#4933,#4934,#4935,
#4936,#4937,#4938,#4939,#4940,#4941,#4942,#4943,#4944,#4945,#4946,#4947,
#4948,#4949,#4950,#4951,#4952,#4953,#4954,#4955,#4956,#4957,#4958,#4959,
#4960,#4961,#4962,#4963,#4964,#4965,#4966,#4967,#4968,#4969,#4970,#4971,
#4972,#4973,#4974,#4975,#4976,#4977,#4978,#4979,#4980,#4981,#4982,#4983,
#4984,#4985,#4986,#4987,#4988,#4989,#4990,#4991,#4992,#4993,#4994,#4995,
#4996,#4997,#4998,#4999,#5000,#5001,#5002,#5003,#5004,#5005,#5006,#5007,
#5008,#5009,#5010,#5011,#5012,#5013,#5014,#5015,#5016,#5017,#5018,#5019,
#5020,#5021,#5022,#5023,#5024,#5025,#5026,#5027,#5028,#5029,#5030,#5031,
#5032,#5033,#5034,#5035,#5036,#5037,#5038,#5039,#5040,#5041,#5042,#5043,
#5044,#5045,#5046,#5047,#5048,#5049,#5050,#5051,#5052,#5053,#5054,#5055,
#5056,#5057,#5058,#5059,#5060,#5061,#5062,#5063,#5064,#5065,#5066,#5067,
#5068,#5069,#5070,#5071,#5072,#5073,#5074,#5075,#5076,#5077,#5078,#5079,
#5080,#5081,#5082,#5083,#5084,#5085,#5086,#5087,#5088,#5089,#5090,#5091,
#5092,#5093,#5094,#5095,#5096,#5097,#5098,#5099,#5100));
#5102=DERIVED_UNIT_ELEMENT(#5104,1.);
#5103=DERIVED_UNIT_ELEMENT(#10475,-3.);
#5104=(
MASS_UNIT()
NAMED_UNIT(*)
SI_UNIT(.KILO.,.GRAM.)
);
#5105=DERIVED_UNIT((#5102,#5103));
#5106=MEASURE_REPRESENTATION_ITEM('density measure',
POSITIVE_RATIO_MEASURE(7850.),#5105);
#5107=PROPERTY_DEFINITION_REPRESENTATION(#5112,#5109);
#5108=PROPERTY_DEFINITION_REPRESENTATION(#5113,#5110);
#5109=REPRESENTATION('material name',(#5111),#10472);
#5110=REPRESENTATION('density',(#5106),#10472);
#5111=DESCRIPTIVE_REPRESENTATION_ITEM('Steel','Steel');
#5112=PROPERTY_DEFINITION('material property','material name',#10482);
#5113=PROPERTY_DEFINITION('material property','density of part',#10482);
#5114=AXIS2_PLACEMENT_3D('',#6833,#5511,#5512);
#5115=AXIS2_PLACEMENT_3D('',#6860,#5513,#5514);
#5116=AXIS2_PLACEMENT_3D('',#6867,#5515,#5516);
#5117=AXIS2_PLACEMENT_3D('',#6910,#5517,#5518);
#5118=AXIS2_PLACEMENT_3D('',#6961,#5519,#5520);
#5119=AXIS2_PLACEMENT_3D('',#6974,#5521,#5522);
#5120=AXIS2_PLACEMENT_3D('',#6987,#5523,#5524);
#5121=AXIS2_PLACEMENT_3D('',#6988,#5525,#5526);
#5122=AXIS2_PLACEMENT_3D('',#6989,#5527,#5528);
#5123=AXIS2_PLACEMENT_3D('',#7002,#5529,#5530);
#5124=AXIS2_PLACEMENT_3D('',#7004,#5531,#5532);
#5125=AXIS2_PLACEMENT_3D('',#7016,#5533,#5534);
#5126=AXIS2_PLACEMENT_3D('',#7017,#5535,#5536);
#5127=AXIS2_PLACEMENT_3D('',#7021,#5538,#5539);
#5128=AXIS2_PLACEMENT_3D('',#7023,#5541,#5542);
#5129=AXIS2_PLACEMENT_3D('',#7027,#5544,#5545);
#5130=AXIS2_PLACEMENT_3D('',#7030,#5547,#5548);
#5131=AXIS2_PLACEMENT_3D('',#7031,#5549,#5550);
#5132=AXIS2_PLACEMENT_3D('',#7034,#5552,#5553);
#5133=AXIS2_PLACEMENT_3D('',#7035,#5554,#5555);
#5134=AXIS2_PLACEMENT_3D('',#7045,#5560,#5561);
#5135=AXIS2_PLACEMENT_3D('',#7047,#5563,#5564);
#5136=AXIS2_PLACEMENT_3D('',#7051,#5567,#5568);
#5137=AXIS2_PLACEMENT_3D('',#7055,#5571,#5572);
#5138=AXIS2_PLACEMENT_3D('',#7153,#5581,#5582);
#5139=AXIS2_PLACEMENT_3D('',#7157,#5584,#5585);
#5140=AXIS2_PLACEMENT_3D('',#7161,#5587,#5588);
#5141=AXIS2_PLACEMENT_3D('',#7165,#5590,#5591);
#5142=AXIS2_PLACEMENT_3D('',#7169,#5593,#5594);
#5143=AXIS2_PLACEMENT_3D('',#7177,#5598,#5599);
#5144=AXIS2_PLACEMENT_3D('',#7181,#5601,#5602);
#5145=AXIS2_PLACEMENT_3D('',#7185,#5604,#5605);
#5146=AXIS2_PLACEMENT_3D('',#7192,#5609,#5610);
#5147=AXIS2_PLACEMENT_3D('',#7194,#5611,#5612);
#5148=AXIS2_PLACEMENT_3D('',#7196,#5613,#5614);
#5149=AXIS2_PLACEMENT_3D('',#7198,#5615,#5616);
#5150=AXIS2_PLACEMENT_3D('',#7200,#5617,#5618);
#5151=AXIS2_PLACEMENT_3D('',#7202,#5619,#5620);
#5152=AXIS2_PLACEMENT_3D('',#7204,#5621,#5622);
#5153=AXIS2_PLACEMENT_3D('',#7205,#5623,#5624);
#5154=AXIS2_PLACEMENT_3D('',#7207,#5625,#5626);
#5155=AXIS2_PLACEMENT_3D('',#7209,#5627,#5628);
#5156=AXIS2_PLACEMENT_3D('',#7210,#5629,#5630);
#5157=AXIS2_PLACEMENT_3D('',#7212,#5631,#5632);
#5158=AXIS2_PLACEMENT_3D('',#7214,#5634,#5635);
#5159=AXIS2_PLACEMENT_3D('',#7216,#5637,#5638);
#5160=AXIS2_PLACEMENT_3D('',#7218,#5639,#5640);
#5161=AXIS2_PLACEMENT_3D('',#7220,#5641,#5642);
#5162=AXIS2_PLACEMENT_3D('',#7221,#5643,#5644);
#5163=AXIS2_PLACEMENT_3D('',#7223,#5645,#5646);
#5164=AXIS2_PLACEMENT_3D('',#7225,#5648,#5649);
#5165=AXIS2_PLACEMENT_3D('',#7227,#5651,#5652);
#5166=AXIS2_PLACEMENT_3D('',#7229,#5653,#5654);
#5167=AXIS2_PLACEMENT_3D('',#7231,#5655,#5656);
#5168=AXIS2_PLACEMENT_3D('',#7232,#5657,#5658);
#5169=AXIS2_PLACEMENT_3D('',#7234,#5659,#5660);
#5170=AXIS2_PLACEMENT_3D('',#7236,#5662,#5663);
#5171=AXIS2_PLACEMENT_3D('',#7238,#5665,#5666);
#5172=AXIS2_PLACEMENT_3D('',#7240,#5667,#5668);
#5173=AXIS2_PLACEMENT_3D('',#7242,#5669,#5670);
#5174=AXIS2_PLACEMENT_3D('',#7243,#5671,#5672);
#5175=AXIS2_PLACEMENT_3D('',#7245,#5673,#5674);
#5176=AXIS2_PLACEMENT_3D('',#7247,#5676,#5677);
#5177=AXIS2_PLACEMENT_3D('',#7249,#5679,#5680);
#5178=AXIS2_PLACEMENT_3D('',#7251,#5681,#5682);
#5179=AXIS2_PLACEMENT_3D('',#7253,#5683,#5684);
#5180=AXIS2_PLACEMENT_3D('',#7254,#5685,#5686);
#5181=AXIS2_PLACEMENT_3D('',#7256,#5687,#5688);
#5182=AXIS2_PLACEMENT_3D('',#7258,#5690,#5691);
#5183=AXIS2_PLACEMENT_3D('',#7260,#5693,#5694);
#5184=AXIS2_PLACEMENT_3D('',#7262,#5695,#5696);
#5185=AXIS2_PLACEMENT_3D('',#7264,#5697,#5698);
#5186=AXIS2_PLACEMENT_3D('',#7265,#5699,#5700);
#5187=AXIS2_PLACEMENT_3D('',#7267,#5701,#5702);
#5188=AXIS2_PLACEMENT_3D('',#7269,#5704,#5705);
#5189=AXIS2_PLACEMENT_3D('',#7271,#5707,#5708);
#5190=AXIS2_PLACEMENT_3D('',#7273,#5709,#5710);
#5191=AXIS2_PLACEMENT_3D('',#7275,#5711,#5712);
#5192=AXIS2_PLACEMENT_3D('',#7276,#5713,#5714);
#5193=AXIS2_PLACEMENT_3D('',#7278,#5715,#5716);
#5194=AXIS2_PLACEMENT_3D('',#7280,#5718,#5719);
#5195=AXIS2_PLACEMENT_3D('',#7282,#5721,#5722);
#5196=AXIS2_PLACEMENT_3D('',#7294,#5723,#5724);
#5197=AXIS2_PLACEMENT_3D('',#7306,#5725,#5726);
#5198=AXIS2_PLACEMENT_3D('',#7318,#5727,#5728);
#5199=AXIS2_PLACEMENT_3D('',#7330,#5729,#5730);
#5200=AXIS2_PLACEMENT_3D('',#7342,#5731,#5732);
#5201=AXIS2_PLACEMENT_3D('',#8506,#5733,#5734);
#5202=AXIS2_PLACEMENT_3D('',#8508,#5735,#5736);
#5203=AXIS2_PLACEMENT_3D('',#8509,#5737,#5738);
#5204=AXIS2_PLACEMENT_3D('',#8511,#5739,#5740);
#5205=AXIS2_PLACEMENT_3D('',#8512,#5741,#5742);
#5206=AXIS2_PLACEMENT_3D('',#8514,#5743,#5744);
#5207=AXIS2_PLACEMENT_3D('',#8515,#5745,#5746);
#5208=AXIS2_PLACEMENT_3D('',#8542,#5760,#5761);
#5209=AXIS2_PLACEMENT_3D('',#8569,#5775,#5776);
#5210=AXIS2_PLACEMENT_3D('',#8596,#5790,#5791);
#5211=AXIS2_PLACEMENT_3D('',#8623,#5805,#5806);
#5212=AXIS2_PLACEMENT_3D('',#8650,#5820,#5821);
#5213=AXIS2_PLACEMENT_3D('',#8677,#5835,#5836);
#5214=AXIS2_PLACEMENT_3D('',#8704,#5850,#5851);
#5215=AXIS2_PLACEMENT_3D('',#8731,#5865,#5866);
#5216=AXIS2_PLACEMENT_3D('',#8758,#5880,#5881);
#5217=AXIS2_PLACEMENT_3D('',#8785,#5895,#5896);
#5218=AXIS2_PLACEMENT_3D('',#8787,#5897,#5898);
#5219=AXIS2_PLACEMENT_3D('',#8788,#5899,#5900);
#5220=AXIS2_PLACEMENT_3D('',#8790,#5901,#5902);
#5221=AXIS2_PLACEMENT_3D('',#8791,#5903,#5904);
#5222=AXIS2_PLACEMENT_3D('',#9061,#5905,#5906);
#5223=AXIS2_PLACEMENT_3D('',#9062,#5907,#5908);
#5224=AXIS2_PLACEMENT_3D('',#9109,#5909,#5910);
#5225=AXIS2_PLACEMENT_3D('',#9159,#5911,#5912);
#5226=AXIS2_PLACEMENT_3D('',#9208,#5913,#5914);
#5227=AXIS2_PLACEMENT_3D('',#9217,#5919,#5920);
#5228=AXIS2_PLACEMENT_3D('',#9219,#5921,#5922);
#5229=AXIS2_PLACEMENT_3D('',#9221,#5923,#5924);
#5230=AXIS2_PLACEMENT_3D('',#9223,#5926,#5927);
#5231=AXIS2_PLACEMENT_3D('',#9272,#5931,#5932);
#5232=AXIS2_PLACEMENT_3D('',#9280,#5933,#5934);
#5233=AXIS2_PLACEMENT_3D('',#9281,#5935,#5936);
#5234=AXIS2_PLACEMENT_3D('',#9282,#5937,#5938);
#5235=AXIS2_PLACEMENT_3D('',#9311,#5943,#5944);
#5236=AXIS2_PLACEMENT_3D('',#9333,#5945,#5946);
#5237=AXIS2_PLACEMENT_3D('',#9355,#5947,#5948);
#5238=AXIS2_PLACEMENT_3D('',#9356,#5949,#5950);
#5239=AXIS2_PLACEMENT_3D('',#9362,#5954,#5955);
#5240=AXIS2_PLACEMENT_3D('',#9366,#5958,#5959);
#5241=AXIS2_PLACEMENT_3D('',#9370,#5962,#5963);
#5242=AXIS2_PLACEMENT_3D('',#9374,#5966,#5967);
#5243=AXIS2_PLACEMENT_3D('',#9378,#5970,#5971);
#5244=AXIS2_PLACEMENT_3D('',#9382,#5974,#5975);
#5245=AXIS2_PLACEMENT_3D('',#9386,#5978,#5979);
#5246=AXIS2_PLACEMENT_3D('',#9390,#5982,#5983);
#5247=AXIS2_PLACEMENT_3D('',#9393,#5985,#5986);
#5248=AXIS2_PLACEMENT_3D('',#9394,#5987,#5988);
#5249=AXIS2_PLACEMENT_3D('',#9398,#5990,#5991);
#5250=AXIS2_PLACEMENT_3D('',#9399,#5992,#5993);
#5251=AXIS2_PLACEMENT_3D('',#9400,#5994,#5995);
#5252=AXIS2_PLACEMENT_3D('',#9402,#5996,#5997);
#5253=AXIS2_PLACEMENT_3D('',#9403,#5998,#5999);
#5254=AXIS2_PLACEMENT_3D('',#9404,#6000,#6001);
#5255=AXIS2_PLACEMENT_3D('',#9408,#6004,#6005);
#5256=AXIS2_PLACEMENT_3D('',#9412,#6008,#6009);
#5257=AXIS2_PLACEMENT_3D('',#9416,#6012,#6013);
#5258=AXIS2_PLACEMENT_3D('',#9418,#6015,#6016);
#5259=AXIS2_PLACEMENT_3D('',#9424,#6020,#6021);
#5260=AXIS2_PLACEMENT_3D('',#9428,#6024,#6025);
#5261=AXIS2_PLACEMENT_3D('',#9432,#6028,#6029);
#5262=AXIS2_PLACEMENT_3D('',#9436,#6032,#6033);
#5263=AXIS2_PLACEMENT_3D('',#9440,#6036,#6037);
#5264=AXIS2_PLACEMENT_3D('',#9444,#6040,#6041);
#5265=AXIS2_PLACEMENT_3D('',#9448,#6044,#6045);
#5266=AXIS2_PLACEMENT_3D('',#9452,#6048,#6049);
#5267=AXIS2_PLACEMENT_3D('',#9455,#6051,#6052);
#5268=AXIS2_PLACEMENT_3D('',#9456,#6053,#6054);
#5269=AXIS2_PLACEMENT_3D('',#9460,#6056,#6057);
#5270=AXIS2_PLACEMENT_3D('',#9461,#6058,#6059);
#5271=AXIS2_PLACEMENT_3D('',#9462,#6060,#6061);
#5272=AXIS2_PLACEMENT_3D('',#9464,#6062,#6063);
#5273=AXIS2_PLACEMENT_3D('',#9465,#6064,#6065);
#5274=AXIS2_PLACEMENT_3D('',#9466,#6066,#6067);
#5275=AXIS2_PLACEMENT_3D('',#9470,#6070,#6071);
#5276=AXIS2_PLACEMENT_3D('',#9474,#6074,#6075);
#5277=AXIS2_PLACEMENT_3D('',#9478,#6078,#6079);
#5278=AXIS2_PLACEMENT_3D('',#9480,#6081,#6082);
#5279=AXIS2_PLACEMENT_3D('',#9486,#6086,#6087);
#5280=AXIS2_PLACEMENT_3D('',#9490,#6090,#6091);
#5281=AXIS2_PLACEMENT_3D('',#9494,#6094,#6095);
#5282=AXIS2_PLACEMENT_3D('',#9498,#6098,#6099);
#5283=AXIS2_PLACEMENT_3D('',#9502,#6102,#6103);
#5284=AXIS2_PLACEMENT_3D('',#9506,#6106,#6107);
#5285=AXIS2_PLACEMENT_3D('',#9510,#6110,#6111);
#5286=AXIS2_PLACEMENT_3D('',#9514,#6114,#6115);
#5287=AXIS2_PLACEMENT_3D('',#9517,#6117,#6118);
#5288=AXIS2_PLACEMENT_3D('',#9518,#6119,#6120);
#5289=AXIS2_PLACEMENT_3D('',#9522,#6122,#6123);
#5290=AXIS2_PLACEMENT_3D('',#9523,#6124,#6125);
#5291=AXIS2_PLACEMENT_3D('',#9524,#6126,#6127);
#5292=AXIS2_PLACEMENT_3D('',#9526,#6128,#6129);
#5293=AXIS2_PLACEMENT_3D('',#9527,#6130,#6131);
#5294=AXIS2_PLACEMENT_3D('',#9528,#6132,#6133);
#5295=AXIS2_PLACEMENT_3D('',#9532,#6136,#6137);
#5296=AXIS2_PLACEMENT_3D('',#9536,#6140,#6141);
#5297=AXIS2_PLACEMENT_3D('',#9540,#6144,#6145);
#5298=AXIS2_PLACEMENT_3D('',#9542,#6147,#6148);
#5299=AXIS2_PLACEMENT_3D('',#9548,#6152,#6153);
#5300=AXIS2_PLACEMENT_3D('',#9552,#6156,#6157);
#5301=AXIS2_PLACEMENT_3D('',#9556,#6160,#6161);
#5302=AXIS2_PLACEMENT_3D('',#9560,#6164,#6165);
#5303=AXIS2_PLACEMENT_3D('',#9564,#6168,#6169);
#5304=AXIS2_PLACEMENT_3D('',#9568,#6172,#6173);
#5305=AXIS2_PLACEMENT_3D('',#9572,#6176,#6177);
#5306=AXIS2_PLACEMENT_3D('',#9576,#6180,#6181);
#5307=AXIS2_PLACEMENT_3D('',#9579,#6183,#6184);
#5308=AXIS2_PLACEMENT_3D('',#9580,#6185,#6186);
#5309=AXIS2_PLACEMENT_3D('',#9584,#6188,#6189);
#5310=AXIS2_PLACEMENT_3D('',#9585,#6190,#6191);
#5311=AXIS2_PLACEMENT_3D('',#9586,#6192,#6193);
#5312=AXIS2_PLACEMENT_3D('',#9588,#6194,#6195);
#5313=AXIS2_PLACEMENT_3D('',#9589,#6196,#6197);
#5314=AXIS2_PLACEMENT_3D('',#9590,#6198,#6199);
#5315=AXIS2_PLACEMENT_3D('',#9594,#6202,#6203);
#5316=AXIS2_PLACEMENT_3D('',#9598,#6206,#6207);
#5317=AXIS2_PLACEMENT_3D('',#9602,#6210,#6211);
#5318=AXIS2_PLACEMENT_3D('',#9604,#6213,#6214);
#5319=AXIS2_PLACEMENT_3D('',#9610,#6218,#6219);
#5320=AXIS2_PLACEMENT_3D('',#9614,#6222,#6223);
#5321=AXIS2_PLACEMENT_3D('',#9618,#6226,#6227);
#5322=AXIS2_PLACEMENT_3D('',#9622,#6230,#6231);
#5323=AXIS2_PLACEMENT_3D('',#9626,#6234,#6235);
#5324=AXIS2_PLACEMENT_3D('',#9630,#6238,#6239);
#5325=AXIS2_PLACEMENT_3D('',#9634,#6242,#6243);
#5326=AXIS2_PLACEMENT_3D('',#9638,#6246,#6247);
#5327=AXIS2_PLACEMENT_3D('',#9641,#6249,#6250);
#5328=AXIS2_PLACEMENT_3D('',#9642,#6251,#6252);
#5329=AXIS2_PLACEMENT_3D('',#9646,#6254,#6255);
#5330=AXIS2_PLACEMENT_3D('',#9647,#6256,#6257);
#5331=AXIS2_PLACEMENT_3D('',#9648,#6258,#6259);
#5332=AXIS2_PLACEMENT_3D('',#9650,#6260,#6261);
#5333=AXIS2_PLACEMENT_3D('',#9651,#6262,#6263);
#5334=AXIS2_PLACEMENT_3D('',#9652,#6264,#6265);
#5335=AXIS2_PLACEMENT_3D('',#9656,#6268,#6269);
#5336=AXIS2_PLACEMENT_3D('',#9660,#6272,#6273);
#5337=AXIS2_PLACEMENT_3D('',#9664,#6276,#6277);
#5338=AXIS2_PLACEMENT_3D('',#9666,#6279,#6280);
#5339=AXIS2_PLACEMENT_3D('',#9672,#6284,#6285);
#5340=AXIS2_PLACEMENT_3D('',#9676,#6288,#6289);
#5341=AXIS2_PLACEMENT_3D('',#9680,#6292,#6293);
#5342=AXIS2_PLACEMENT_3D('',#9684,#6296,#6297);
#5343=AXIS2_PLACEMENT_3D('',#9688,#6300,#6301);
#5344=AXIS2_PLACEMENT_3D('',#9692,#6304,#6305);
#5345=AXIS2_PLACEMENT_3D('',#9696,#6308,#6309);
#5346=AXIS2_PLACEMENT_3D('',#9700,#6312,#6313);
#5347=AXIS2_PLACEMENT_3D('',#9703,#6315,#6316);
#5348=AXIS2_PLACEMENT_3D('',#9704,#6317,#6318);
#5349=AXIS2_PLACEMENT_3D('',#9708,#6320,#6321);
#5350=AXIS2_PLACEMENT_3D('',#9709,#6322,#6323);
#5351=AXIS2_PLACEMENT_3D('',#9710,#6324,#6325);
#5352=AXIS2_PLACEMENT_3D('',#9712,#6326,#6327);
#5353=AXIS2_PLACEMENT_3D('',#9713,#6328,#6329);
#5354=AXIS2_PLACEMENT_3D('',#9714,#6330,#6331);
#5355=AXIS2_PLACEMENT_3D('',#9718,#6334,#6335);
#5356=AXIS2_PLACEMENT_3D('',#9722,#6338,#6339);
#5357=AXIS2_PLACEMENT_3D('',#9726,#6342,#6343);
#5358=AXIS2_PLACEMENT_3D('',#9728,#6345,#6346);
#5359=AXIS2_PLACEMENT_3D('',#9734,#6350,#6351);
#5360=AXIS2_PLACEMENT_3D('',#9738,#6354,#6355);
#5361=AXIS2_PLACEMENT_3D('',#9742,#6358,#6359);
#5362=AXIS2_PLACEMENT_3D('',#9746,#6362,#6363);
#5363=AXIS2_PLACEMENT_3D('',#9750,#6366,#6367);
#5364=AXIS2_PLACEMENT_3D('',#9754,#6370,#6371);
#5365=AXIS2_PLACEMENT_3D('',#9758,#6374,#6375);
#5366=AXIS2_PLACEMENT_3D('',#9762,#6378,#6379);
#5367=AXIS2_PLACEMENT_3D('',#9765,#6381,#6382);
#5368=AXIS2_PLACEMENT_3D('',#9766,#6383,#6384);
#5369=AXIS2_PLACEMENT_3D('',#9770,#6386,#6387);
#5370=AXIS2_PLACEMENT_3D('',#9771,#6388,#6389);
#5371=AXIS2_PLACEMENT_3D('',#9772,#6390,#6391);
#5372=AXIS2_PLACEMENT_3D('',#9774,#6392,#6393);
#5373=AXIS2_PLACEMENT_3D('',#9775,#6394,#6395);
#5374=AXIS2_PLACEMENT_3D('',#9776,#6396,#6397);
#5375=AXIS2_PLACEMENT_3D('',#9780,#6400,#6401);
#5376=AXIS2_PLACEMENT_3D('',#9784,#6404,#6405);
#5377=AXIS2_PLACEMENT_3D('',#9788,#6408,#6409);
#5378=AXIS2_PLACEMENT_3D('',#9790,#6411,#6412);
#5379=AXIS2_PLACEMENT_3D('',#9796,#6416,#6417);
#5380=AXIS2_PLACEMENT_3D('',#9800,#6420,#6421);
#5381=AXIS2_PLACEMENT_3D('',#9804,#6424,#6425);
#5382=AXIS2_PLACEMENT_3D('',#9808,#6428,#6429);
#5383=AXIS2_PLACEMENT_3D('',#9812,#6432,#6433);
#5384=AXIS2_PLACEMENT_3D('',#9816,#6436,#6437);
#5385=AXIS2_PLACEMENT_3D('',#9820,#6440,#6441);
#5386=AXIS2_PLACEMENT_3D('',#9824,#6444,#6445);
#5387=AXIS2_PLACEMENT_3D('',#9827,#6447,#6448);
#5388=AXIS2_PLACEMENT_3D('',#9828,#6449,#6450);
#5389=AXIS2_PLACEMENT_3D('',#9832,#6452,#6453);
#5390=AXIS2_PLACEMENT_3D('',#9833,#6454,#6455);
#5391=AXIS2_PLACEMENT_3D('',#9834,#6456,#6457);
#5392=AXIS2_PLACEMENT_3D('',#9836,#6458,#6459);
#5393=AXIS2_PLACEMENT_3D('',#9837,#6460,#6461);
#5394=AXIS2_PLACEMENT_3D('',#9838,#6462,#6463);
#5395=AXIS2_PLACEMENT_3D('',#9842,#6466,#6467);
#5396=AXIS2_PLACEMENT_3D('',#9846,#6470,#6471);
#5397=AXIS2_PLACEMENT_3D('',#9850,#6474,#6475);
#5398=AXIS2_PLACEMENT_3D('',#9852,#6477,#6478);
#5399=AXIS2_PLACEMENT_3D('',#9858,#6482,#6483);
#5400=AXIS2_PLACEMENT_3D('',#9862,#6486,#6487);
#5401=AXIS2_PLACEMENT_3D('',#9866,#6490,#6491);
#5402=AXIS2_PLACEMENT_3D('',#9870,#6494,#6495);
#5403=AXIS2_PLACEMENT_3D('',#9874,#6498,#6499);
#5404=AXIS2_PLACEMENT_3D('',#9878,#6502,#6503);
#5405=AXIS2_PLACEMENT_3D('',#9882,#6506,#6507);
#5406=AXIS2_PLACEMENT_3D('',#9886,#6510,#6511);
#5407=AXIS2_PLACEMENT_3D('',#9889,#6513,#6514);
#5408=AXIS2_PLACEMENT_3D('',#9890,#6515,#6516);
#5409=AXIS2_PLACEMENT_3D('',#9894,#6518,#6519);
#5410=AXIS2_PLACEMENT_3D('',#9895,#6520,#6521);
#5411=AXIS2_PLACEMENT_3D('',#9896,#6522,#6523);
#5412=AXIS2_PLACEMENT_3D('',#9898,#6524,#6525);
#5413=AXIS2_PLACEMENT_3D('',#9899,#6526,#6527);
#5414=AXIS2_PLACEMENT_3D('',#9900,#6528,#6529);
#5415=AXIS2_PLACEMENT_3D('',#9904,#6532,#6533);
#5416=AXIS2_PLACEMENT_3D('',#9908,#6536,#6537);
#5417=AXIS2_PLACEMENT_3D('',#9912,#6540,#6541);
#5418=AXIS2_PLACEMENT_3D('',#9914,#6543,#6544);
#5419=AXIS2_PLACEMENT_3D('',#9920,#6548,#6549);
#5420=AXIS2_PLACEMENT_3D('',#9924,#6552,#6553);
#5421=AXIS2_PLACEMENT_3D('',#9928,#6556,#6557);
#5422=AXIS2_PLACEMENT_3D('',#9932,#6560,#6561);
#5423=AXIS2_PLACEMENT_3D('',#9936,#6564,#6565);
#5424=AXIS2_PLACEMENT_3D('',#9940,#6568,#6569);
#5425=AXIS2_PLACEMENT_3D('',#9944,#6572,#6573);
#5426=AXIS2_PLACEMENT_3D('',#9948,#6576,#6577);
#5427=AXIS2_PLACEMENT_3D('',#9951,#6579,#6580);
#5428=AXIS2_PLACEMENT_3D('',#9952,#6581,#6582);
#5429=AXIS2_PLACEMENT_3D('',#9956,#6584,#6585);
#5430=AXIS2_PLACEMENT_3D('',#9957,#6586,#6587);
#5431=AXIS2_PLACEMENT_3D('',#9958,#6588,#6589);
#5432=AXIS2_PLACEMENT_3D('',#9960,#6590,#6591);
#5433=AXIS2_PLACEMENT_3D('',#9961,#6592,#6593);
#5434=AXIS2_PLACEMENT_3D('',#9962,#6594,#6595);
#5435=AXIS2_PLACEMENT_3D('',#9966,#6598,#6599);
#5436=AXIS2_PLACEMENT_3D('',#9970,#6602,#6603);
#5437=AXIS2_PLACEMENT_3D('',#9974,#6606,#6607);
#5438=AXIS2_PLACEMENT_3D('',#9997,#6609,#6610);
#5439=AXIS2_PLACEMENT_3D('',#10019,#6611,#6612);
#5440=AXIS2_PLACEMENT_3D('',#10088,#6614,#6615);
#5441=AXIS2_PLACEMENT_3D('',#10094,#6619,#6620);
#5442=AXIS2_PLACEMENT_3D('',#10096,#6621,#6622);
#5443=AXIS2_PLACEMENT_3D('',#10098,#6623,#6624);
#5444=AXIS2_PLACEMENT_3D('',#10100,#6626,#6627);
#5445=AXIS2_PLACEMENT_3D('',#10103,#6629,#6630);
#5446=AXIS2_PLACEMENT_3D('',#10114,#6631,#6632);
#5447=AXIS2_PLACEMENT_3D('',#10115,#6633,#6634);
#5448=AXIS2_PLACEMENT_3D('',#10116,#6635,#6636);
#5449=AXIS2_PLACEMENT_3D('',#10139,#6638,#6639);
#5450=AXIS2_PLACEMENT_3D('',#10176,#6640,#6641);
#5451=AXIS2_PLACEMENT_3D('',#10177,#6642,#6643);
#5452=AXIS2_PLACEMENT_3D('',#10179,#6645,#6646);
#5453=AXIS2_PLACEMENT_3D('',#10181,#6647,#6648);
#5454=AXIS2_PLACEMENT_3D('',#10183,#6649,#6650);
#5455=AXIS2_PLACEMENT_3D('',#10186,#6653,#6654);
#5456=AXIS2_PLACEMENT_3D('',#10191,#6656,#6657);
#5457=AXIS2_PLACEMENT_3D('',#10195,#6659,#6660);
#5458=AXIS2_PLACEMENT_3D('',#10199,#6662,#6663);
#5459=AXIS2_PLACEMENT_3D('',#10202,#6665,#6666);
#5460=AXIS2_PLACEMENT_3D('',#10204,#6668,#6669);
#5461=AXIS2_PLACEMENT_3D('',#10207,#6671,#6672);
#5462=AXIS2_PLACEMENT_3D('',#10208,#6673,#6674);
#5463=AXIS2_PLACEMENT_3D('',#10217,#6679,#6680);
#5464=AXIS2_PLACEMENT_3D('',#10224,#6684,#6685);
#5465=AXIS2_PLACEMENT_3D('',#10230,#6688,#6689);
#5466=AXIS2_PLACEMENT_3D('',#10233,#6691,#6692);
#5467=AXIS2_PLACEMENT_3D('',#10234,#6693,#6694);
#5468=AXIS2_PLACEMENT_3D('',#10240,#6698,#6699);
#5469=AXIS2_PLACEMENT_3D('',#10243,#6701,#6702);
#5470=AXIS2_PLACEMENT_3D('',#10244,#6703,#6704);
#5471=AXIS2_PLACEMENT_3D('',#10247,#6705,#6706);
#5472=AXIS2_PLACEMENT_3D('',#10306,#6709,#6710);
#5473=AXIS2_PLACEMENT_3D('',#10317,#6711,#6712);
#5474=AXIS2_PLACEMENT_3D('',#10319,#6713,#6714);
#5475=AXIS2_PLACEMENT_3D('',#10321,#6715,#6716);
#5476=AXIS2_PLACEMENT_3D('',#10322,#6717,#6718);
#5477=AXIS2_PLACEMENT_3D('',#10323,#6719,#6720);
#5478=AXIS2_PLACEMENT_3D('',#10326,#6721,#6722);
#5479=AXIS2_PLACEMENT_3D('',#10329,#6725,#6726);
#5480=AXIS2_PLACEMENT_3D('',#10335,#6730,#6731);
#5481=AXIS2_PLACEMENT_3D('',#10338,#6733,#6734);
#5482=AXIS2_PLACEMENT_3D('',#10339,#6735,#6736);
#5483=AXIS2_PLACEMENT_3D('',#10341,#6738,#6739);
#5484=AXIS2_PLACEMENT_3D('',#10345,#6742,#6743);
#5485=AXIS2_PLACEMENT_3D('',#10392,#6749,#6750);
#5486=AXIS2_PLACEMENT_3D('',#10394,#6752,#6753);
#5487=AXIS2_PLACEMENT_3D('',#10396,#6755,#6756);
#5488=AXIS2_PLACEMENT_3D('',#10398,#6758,#6759);
#5489=AXIS2_PLACEMENT_3D('',#10400,#6761,#6762);
#5490=AXIS2_PLACEMENT_3D('',#10410,#6766,#6767);
#5491=AXIS2_PLACEMENT_3D('',#10419,#6770,#6771);
#5492=AXIS2_PLACEMENT_3D('',#10421,#6773,#6774);
#5493=AXIS2_PLACEMENT_3D('',#10425,#6778,#6779);
#5494=AXIS2_PLACEMENT_3D('',#10427,#6781,#6782);
#5495=AXIS2_PLACEMENT_3D('',#10428,#6783,#6784);
#5496=AXIS2_PLACEMENT_3D('',#10430,#6786,#6787);
#5497=AXIS2_PLACEMENT_3D('',#10432,#6789,#6790);
#5498=AXIS2_PLACEMENT_3D('',#10434,#6792,#6793);
#5499=AXIS2_PLACEMENT_3D('',#10436,#6795,#6796);
#5500=AXIS2_PLACEMENT_3D('',#10438,#6798,#6799);
#5501=AXIS2_PLACEMENT_3D('',#10447,#6802,#6803);
#5502=AXIS2_PLACEMENT_3D('',#10451,#6806,#6807);
#5503=AXIS2_PLACEMENT_3D('',#10453,#6809,#6810);
#5504=AXIS2_PLACEMENT_3D('',#10457,#6813,#6814);
#5505=AXIS2_PLACEMENT_3D('',#10459,#6816,#6817);
#5506=AXIS2_PLACEMENT_3D('',#10461,#6819,#6820);
#5507=AXIS2_PLACEMENT_3D('',#10463,#6822,#6823);
#5508=AXIS2_PLACEMENT_3D('',#10465,#6825,#6826);
#5509=AXIS2_PLACEMENT_3D('',#10467,#6828,#6829);
#5510=AXIS2_PLACEMENT_3D('',#10469,#6831,#6832);
#5511=DIRECTION('axis',(0.,0.,1.));
#5512=DIRECTION('refdir',(1.,0.,0.));
#5513=DIRECTION('center_axis',(-9.44870659255453E-16,-2.1370416054518E-16,
1.));
#5514=DIRECTION('ref_axis',(-1.,0.,-9.44870659255453E-16));
#5515=DIRECTION('center_axis',(7.0865299444159E-16,1.60278120408885E-16,
-1.));
#5516=DIRECTION('ref_axis',(0.220600961455409,-0.97536414523241,0.));
#5517=DIRECTION('center_axis',(0.984490374412122,1.62127916813329E-9,0.17543860091177));
#5518=DIRECTION('ref_axis',(-0.17543860091177,0.,0.984490374412122));
#5519=DIRECTION('center_axis',(0.984490374412122,1.62127917331351E-9,-0.175438600911771));
#5520=DIRECTION('ref_axis',(1.64682074124028E-9,-1.,-2.95272081017329E-17));
#5521=DIRECTION('center_axis',(0.,-1.,0.));
#5522=DIRECTION('ref_axis',(0.820193644728727,0.,-0.572085994538065));
#5523=DIRECTION('center_axis',(0.,-1.,0.));
#5524=DIRECTION('ref_axis',(-0.175438600911769,0.,0.984490374412122));
#5525=DIRECTION('center_axis',(0.,1.,0.));
#5526=DIRECTION('ref_axis',(-0.175438600911769,0.,0.984490374412123));
#5527=DIRECTION('center_axis',(0.,-1.,0.));
#5528=DIRECTION('ref_axis',(0.820193644728731,0.,0.572085994538059));
#5529=DIRECTION('center_axis',(0.,1.,0.));
#5530=DIRECTION('ref_axis',(-0.175438600911769,0.,-0.984490374412123));
#5531=DIRECTION('center_axis',(0.,-1.,0.));
#5532=DIRECTION('ref_axis',(-0.175438600911771,0.,-0.984490374412122));
#5533=DIRECTION('center_axis',(0.,-1.,0.));
#5534=DIRECTION('ref_axis',(-0.175438600911771,0.,-0.984490374412122));
#5535=DIRECTION('center_axis',(0.,-1.,0.));
#5536=DIRECTION('ref_axis',(0.707106781186546,0.,-0.707106781186549));
#5537=DIRECTION('',(0.,1.,0.));
#5538=DIRECTION('center_axis',(0.,-1.,-3.4694469519536E-17));
#5539=DIRECTION('ref_axis',(0.,3.4694469519536E-17,-1.));
#5540=DIRECTION('',(0.,-1.,0.));
#5541=DIRECTION('center_axis',(1.,0.,9.58115896280394E-16));
#5542=DIRECTION('ref_axis',(-9.58115896280394E-16,0.,1.));
#5543=DIRECTION('',(0.,-1.,0.));
#5544=DIRECTION('center_axis',(-1.,0.,-9.58115896280394E-16));
#5545=DIRECTION('ref_axis',(6.77490247422492E-16,-0.707106781186549,-0.707106781186546));
#5546=DIRECTION('',(0.,0.,1.));
#5547=DIRECTION('center_axis',(-1.,0.,-9.58115896280394E-16));
#5548=DIRECTION('ref_axis',(-9.57698589376743E-16,0.029511172547958,0.999564450495737));
#5549=DIRECTION('center_axis',(0.,1.,0.));
#5550=DIRECTION('ref_axis',(0.707106781186546,0.,0.707106781186549));
#5551=DIRECTION('',(0.,1.,0.));
#5552=DIRECTION('center_axis',(-5.77778983316173E-32,1.,5.20417042793042E-17));
#5553=DIRECTION('ref_axis',(0.,-5.20417042793042E-17,1.));
#5554=DIRECTION('center_axis',(-1.11022302462516E-15,0.,1.));
#5555=DIRECTION('ref_axis',(1.,0.,1.11022302462516E-15));
#5556=DIRECTION('',(1.,0.,1.11022302462516E-15));
#5557=DIRECTION('',(1.,1.64682203676294E-9,1.11022302462516E-15));
#5558=DIRECTION('',(1.64682196532155E-9,-1.,1.82833966335844E-24));
#5559=DIRECTION('',(0.,-1.,0.));
#5560=DIRECTION('center_axis',(-1.11022302462516E-15,0.,1.));
#5561=DIRECTION('ref_axis',(-0.707106745693064,0.70710681668003,-7.85046189936205E-16));
#5562=DIRECTION('',(-0.999999999999995,1.00390729211825E-7,-1.11022302462515E-15));
#5563=DIRECTION('center_axis',(0.,-1.,0.));
#5564=DIRECTION('ref_axis',(1.,0.,0.));
#5565=DIRECTION('',(0.,0.,1.));
#5566=DIRECTION('',(-1.,0.,1.45335446282197E-18));
#5567=DIRECTION('center_axis',(0.,-1.,0.));
#5568=DIRECTION('ref_axis',(1.,0.,0.));
#5569=DIRECTION('',(-1.,0.,1.45335446282197E-18));
#5570=DIRECTION('',(0.,0.,1.));
#5571=DIRECTION('center_axis',(-1.45197119134616E-18,0.0436193883768893,
-0.999048221537692));
#5572=DIRECTION('ref_axis',(-1.,-6.33340807308077E-20,1.45058923707477E-18));
#5573=DIRECTION('',(-1.,4.50090415388577E-17,3.41849170147618E-18));
#5574=DIRECTION('',(0.,0.999048221537692,0.0436193883768893));
#5575=DIRECTION('',(1.,0.,-1.45335446282197E-18));
#5576=DIRECTION('',(2.60927664661574E-17,-0.999048221537692,-0.0436193883768893));
#5577=DIRECTION('',(-0.999999999999995,1.00390729211825E-7,4.38315399995583E-9));
#5578=DIRECTION('',(-1.,-1.64682203676294E-9,-7.19018031448458E-11));
#5579=DIRECTION('',(0.,-0.999048221537692,-0.0436193883768893));
#5580=DIRECTION('',(0.,-0.999048221537692,-0.0436193883768893));
#5581=DIRECTION('center_axis',(-1.45197119134616E-18,0.0436193883768893,
-0.999048221537692));
#5582=DIRECTION('ref_axis',(8.04145595239921E-15,0.999048221537692,0.0436193883768893));
#5583=DIRECTION('',(0.999999999999995,-1.00390729211825E-7,-4.38315399995583E-9));
#5584=DIRECTION('center_axis',(-1.45197119134616E-18,0.0436193883768893,
-0.999048221537692));
#5585=DIRECTION('ref_axis',(1.2346199577641E-13,-0.999048221537692,-0.0436193883768893));
#5586=DIRECTION('',(-2.38486412845445E-17,0.999048221537692,0.0436193883768893));
#5587=DIRECTION('center_axis',(0.,-0.0436193873653357,0.999048221581858));
#5588=DIRECTION('ref_axis',(-1.,0.,0.));
#5589=DIRECTION('',(1.,0.,0.));
#5590=DIRECTION('center_axis',(0.,-0.0436193873653357,0.999048221581858));
#5591=DIRECTION('ref_axis',(0.,-0.999048221581858,-0.0436193873653357));
#5592=DIRECTION('',(0.,0.999048221581858,0.0436193873653357));
#5593=DIRECTION('center_axis',(1.45197119134616E-18,-0.0436193883768893,
0.999048221537692));
#5594=DIRECTION('ref_axis',(0.707106781186545,0.706433772181665,0.0308435653125083));
#5595=DIRECTION('',(1.,-1.06195245833711E-16,-6.08993913605248E-18));
#5596=DIRECTION('',(1.,-1.06195245833711E-16,-6.08993913605248E-18));
#5597=DIRECTION('',(0.,0.999048221537692,0.0436193883768893));
#5598=DIRECTION('center_axis',(-1.45197119134616E-18,0.0436193883768893,
-0.999048221537692));
#5599=DIRECTION('ref_axis',(-7.41230629350215E-18,-0.999048221537692,-0.0436193883768893));
#5600=DIRECTION('',(2.22044608408874E-15,0.999048221537692,0.0436193883768893));
#5601=DIRECTION('center_axis',(1.45197119134616E-18,-0.0436193883768893,
0.999048221537692));
#5602=DIRECTION('ref_axis',(-8.66322513671168E-17,0.999048221537692,0.0436193883768893));
#5603=DIRECTION('',(-0.999999999999995,1.00390729211825E-7,4.38315399995583E-9));
#5604=DIRECTION('center_axis',(-1.45197119134616E-18,0.0436193883768893,
-0.999048221537692));
#5605=DIRECTION('ref_axis',(8.11077884854059E-15,0.999048221537692,0.0436193883768893));
#5606=DIRECTION('',(0.,0.999048221537692,0.0436193883768893));
#5607=DIRECTION('',(0.,0.999048221537692,0.0436193883768893));
#5608=DIRECTION('',(-1.,-1.64682203676294E-9,-7.19018031448458E-11));
#5609=DIRECTION('center_axis',(-1.45197119134616E-18,0.0436193883768893,
-0.999048221537692));
#5610=DIRECTION('ref_axis',(0.,-0.999048221537692,-0.0436193883768893));
#5611=DIRECTION('center_axis',(-1.45197119134616E-18,0.0436193883768893,
-0.999048221537692));
#5612=DIRECTION('ref_axis',(0.,-0.999048221537692,-0.0436193883768893));
#5613=DIRECTION('center_axis',(-1.45197119134616E-18,0.0436193883768893,
-0.999048221537692));
#5614=DIRECTION('ref_axis',(0.,-0.999048221537692,-0.0436193883768893));
#5615=DIRECTION('center_axis',(-1.45197119134616E-18,0.0436193883768893,
-0.999048221537692));
#5616=DIRECTION('ref_axis',(0.,-0.999048221537692,-0.0436193883768893));
#5617=DIRECTION('center_axis',(-1.45197119134616E-18,0.0436193883768893,
-0.999048221537692));
#5618=DIRECTION('ref_axis',(0.,-0.999048221537692,-0.0436193883768893));
#5619=DIRECTION('center_axis',(-1.45197119134616E-18,0.0436193883768893,
-0.999048221537692));
#5620=DIRECTION('ref_axis',(0.,-0.999048221537692,-0.0436193883768893));
#5621=DIRECTION('center_axis',(-1.45197119134616E-18,0.0436193883768893,
-0.999048221537692));
#5622=DIRECTION('ref_axis',(0.,-0.999048221537692,-0.0436193883768893));
#5623=DIRECTION('center_axis',(0.,0.,1.));
#5624=DIRECTION('ref_axis',(-1.,0.,0.));
#5625=DIRECTION('center_axis',(0.,0.,1.));
#5626=DIRECTION('ref_axis',(-1.,0.,0.));
#5627=DIRECTION('center_axis',(0.,0.,1.));
#5628=DIRECTION('ref_axis',(-1.,0.,0.));
#5629=DIRECTION('center_axis',(0.,0.,1.));
#5630=DIRECTION('ref_axis',(-1.,0.,0.));
#5631=DIRECTION('center_axis',(0.,0.,1.));
#5632=DIRECTION('ref_axis',(-1.,0.,0.));
#5633=DIRECTION('',(0.,0.,1.));
#5634=DIRECTION('center_axis',(0.,0.,1.));
#5635=DIRECTION('ref_axis',(-1.,0.,0.));
#5636=DIRECTION('',(0.,0.,1.));
#5637=DIRECTION('center_axis',(0.,0.,1.));
#5638=DIRECTION('ref_axis',(-1.,0.,0.));
#5639=DIRECTION('center_axis',(0.,0.,1.));
#5640=DIRECTION('ref_axis',(-1.,0.,0.));
#5641=DIRECTION('center_axis',(0.,0.,1.));
#5642=DIRECTION('ref_axis',(-1.,0.,0.));
#5643=DIRECTION('center_axis',(0.,0.,1.));
#5644=DIRECTION('ref_axis',(-1.,0.,0.));
#5645=DIRECTION('center_axis',(0.,0.,1.));
#5646=DIRECTION('ref_axis',(-1.,0.,0.));
#5647=DIRECTION('',(0.,0.,1.));
#5648=DIRECTION('center_axis',(0.,0.,1.));
#5649=DIRECTION('ref_axis',(-1.,0.,0.));
#5650=DIRECTION('',(0.,0.,1.));
#5651=DIRECTION('center_axis',(0.,0.,1.));
#5652=DIRECTION('ref_axis',(-1.,0.,0.));
#5653=DIRECTION('center_axis',(0.,0.,1.));
#5654=DIRECTION('ref_axis',(-1.,0.,0.));
#5655=DIRECTION('center_axis',(0.,0.,1.));
#5656=DIRECTION('ref_axis',(-1.,0.,0.));
#5657=DIRECTION('center_axis',(0.,0.,1.));
#5658=DIRECTION('ref_axis',(-1.,0.,0.));
#5659=DIRECTION('center_axis',(0.,0.,1.));
#5660=DIRECTION('ref_axis',(-1.,0.,0.));
#5661=DIRECTION('',(0.,0.,1.));
#5662=DIRECTION('center_axis',(0.,0.,1.));
#5663=DIRECTION('ref_axis',(-1.,0.,0.));
#5664=DIRECTION('',(0.,0.,1.));
#5665=DIRECTION('center_axis',(0.,0.,1.));
#5666=DIRECTION('ref_axis',(-1.,0.,0.));
#5667=DIRECTION('center_axis',(0.,0.,1.));
#5668=DIRECTION('ref_axis',(-1.,0.,0.));
#5669=DIRECTION('center_axis',(0.,0.,1.));
#5670=DIRECTION('ref_axis',(-1.,0.,0.));
#5671=DIRECTION('center_axis',(0.,0.,1.));
#5672=DIRECTION('ref_axis',(-1.,0.,0.));
#5673=DIRECTION('center_axis',(0.,0.,1.));
#5674=DIRECTION('ref_axis',(-1.,0.,0.));
#5675=DIRECTION('',(0.,0.,1.));
#5676=DIRECTION('center_axis',(0.,0.,1.));
#5677=DIRECTION('ref_axis',(-1.,0.,0.));
#5678=DIRECTION('',(0.,0.,1.));
#5679=DIRECTION('center_axis',(0.,0.,1.));
#5680=DIRECTION('ref_axis',(-1.,0.,0.));
#5681=DIRECTION('center_axis',(0.,0.,1.));
#5682=DIRECTION('ref_axis',(-1.,0.,0.));
#5683=DIRECTION('center_axis',(0.,0.,1.));
#5684=DIRECTION('ref_axis',(-1.,0.,0.));
#5685=DIRECTION('center_axis',(0.,0.,1.));
#5686=DIRECTION('ref_axis',(-1.,0.,0.));
#5687=DIRECTION('center_axis',(0.,0.,1.));
#5688=DIRECTION('ref_axis',(-1.,0.,0.));
#5689=DIRECTION('',(0.,0.,1.));
#5690=DIRECTION('center_axis',(0.,0.,1.));
#5691=DIRECTION('ref_axis',(-1.,0.,0.));
#5692=DIRECTION('',(0.,0.,1.));
#5693=DIRECTION('center_axis',(0.,0.,1.));
#5694=DIRECTION('ref_axis',(-1.,0.,0.));
#5695=DIRECTION('center_axis',(0.,0.,1.));
#5696=DIRECTION('ref_axis',(-1.,0.,0.));
#5697=DIRECTION('center_axis',(0.,0.,1.));
#5698=DIRECTION('ref_axis',(-1.,0.,0.));
#5699=DIRECTION('center_axis',(0.,0.,1.));
#5700=DIRECTION('ref_axis',(-1.,0.,0.));
#5701=DIRECTION('center_axis',(0.,0.,1.));
#5702=DIRECTION('ref_axis',(-1.,0.,0.));
#5703=DIRECTION('',(0.,0.,1.));
#5704=DIRECTION('center_axis',(0.,0.,1.));
#5705=DIRECTION('ref_axis',(-1.,0.,0.));
#5706=DIRECTION('',(0.,0.,1.));
#5707=DIRECTION('center_axis',(0.,0.,1.));
#5708=DIRECTION('ref_axis',(-1.,0.,0.));
#5709=DIRECTION('center_axis',(0.,0.,1.));
#5710=DIRECTION('ref_axis',(-1.,0.,0.));
#5711=DIRECTION('center_axis',(0.,0.,1.));
#5712=DIRECTION('ref_axis',(-1.,0.,0.));
#5713=DIRECTION('center_axis',(0.,0.,1.));
#5714=DIRECTION('ref_axis',(-1.,0.,0.));
#5715=DIRECTION('center_axis',(0.,0.,1.));
#5716=DIRECTION('ref_axis',(-1.,0.,0.));
#5717=DIRECTION('',(0.,0.,1.));
#5718=DIRECTION('center_axis',(0.,0.,1.));
#5719=DIRECTION('ref_axis',(-1.,0.,0.));
#5720=DIRECTION('',(0.,0.,1.));
#5721=DIRECTION('center_axis',(0.,0.,1.));
#5722=DIRECTION('ref_axis',(1.,0.,0.));
#5723=DIRECTION('center_axis',(0.,0.,1.));
#5724=DIRECTION('ref_axis',(1.,0.,0.));
#5725=DIRECTION('center_axis',(0.,0.,1.));
#5726=DIRECTION('ref_axis',(1.,0.,0.));
#5727=DIRECTION('center_axis',(0.,0.,1.));
#5728=DIRECTION('ref_axis',(1.,0.,0.));
#5729=DIRECTION('center_axis',(0.,0.,1.));
#5730=DIRECTION('ref_axis',(1.,0.,0.));
#5731=DIRECTION('center_axis',(0.,0.,1.));
#5732=DIRECTION('ref_axis',(1.,0.,0.));
#5733=DIRECTION('center_axis',(-2.0067672964301E-84,-0.0436193873653357,
0.999048221581858));
#5734=DIRECTION('ref_axis',(1.,-9.19688431535636E-83,-2.00676729642998E-84));
#5735=DIRECTION('center_axis',(2.0067672964301E-84,0.0436193873653357,-0.999048221581858));
#5736=DIRECTION('ref_axis',(-9.18813091935085E-83,-0.999048221581858,-0.0436193873653357));
#5737=DIRECTION('center_axis',(-2.0067672964301E-84,-0.0436193873653357,
0.999048221581858));
#5738=DIRECTION('ref_axis',(1.,-9.19688431535636E-83,-2.00676729642998E-84));
#5739=DIRECTION('center_axis',(2.0067672964301E-84,0.0436193873653357,-0.999048221581858));
#5740=DIRECTION('ref_axis',(-9.18813091935085E-83,-0.999048221581858,-0.0436193873653357));
#5741=DIRECTION('center_axis',(-2.0067672964301E-84,-0.0436193873653357,
0.999048221581858));
#5742=DIRECTION('ref_axis',(1.,-9.19688431535636E-83,-2.00676729642998E-84));
#5743=DIRECTION('center_axis',(2.0067672964301E-84,0.0436193873653357,-0.999048221581858));
#5744=DIRECTION('ref_axis',(-9.18813091935085E-83,-0.999048221581858,-0.0436193873653357));
#5745=DIRECTION('center_axis',(-9.78244568705432E-17,0.0436193873653357,
-0.999048221581858));
#5746=DIRECTION('ref_axis',(4.38193304214201E-16,0.999048221581858,0.0436193873653357));
#5747=DIRECTION('',(4.38193304214201E-16,0.999048221581858,0.0436193873653357));
#5748=DIRECTION('',(1.,-4.33509198406236E-16,-1.16845073141143E-16));
#5749=DIRECTION('',(-4.38193304214201E-16,-0.999048221581858,-0.0436193873653357));
#5750=DIRECTION('',(1.,-4.33509198406236E-16,-1.16845073141143E-16));
#5751=DIRECTION('',(-4.38193304214201E-16,-0.999048221581858,-0.0436193873653357));
#5752=DIRECTION('',(1.,-4.33509198406236E-16,-1.16845073141143E-16));
#5753=DIRECTION('',(4.38193304214201E-16,0.999048221581858,0.0436193873653357));
#5754=DIRECTION('',(1.,-4.33509198406236E-16,-1.16845073141143E-16));
#5755=DIRECTION('',(4.38193304214201E-16,0.999048221581858,0.0436193873653357));
#5756=DIRECTION('',(1.,-4.33509198406236E-16,-1.16845073141143E-16));
#5757=DIRECTION('',(1.,-4.33509198406236E-16,-1.16845073141143E-16));
#5758=DIRECTION('',(4.38193304214201E-16,0.999048221581858,0.0436193873653357));
#5759=DIRECTION('',(1.,-4.33509198406236E-16,-1.16845073141143E-16));
#5760=DIRECTION('center_axis',(-9.78244568705433E-17,0.0436193873653357,
-0.999048221581858));
#5761=DIRECTION('ref_axis',(4.38193304214201E-16,0.999048221581858,0.0436193873653357));
#5762=DIRECTION('',(4.38193304214201E-16,0.999048221581858,0.0436193873653357));
#5763=DIRECTION('',(1.,-4.33509198406236E-16,-1.16845073141143E-16));
#5764=DIRECTION('',(-4.38193304214201E-16,-0.999048221581858,-0.0436193873653357));
#5765=DIRECTION('',(1.,-4.33509198406236E-16,-1.16845073141143E-16));
#5766=DIRECTION('',(-4.38193304214201E-16,-0.999048221581858,-0.0436193873653357));
#5767=DIRECTION('',(1.,-4.33509198406236E-16,-1.16845073141143E-16));
#5768=DIRECTION('',(4.38193304214201E-16,0.999048221581858,0.0436193873653357));
#5769=DIRECTION('',(1.,-4.33509198406236E-16,-1.16845073141143E-16));
#5770=DIRECTION('',(4.38193304214201E-16,0.999048221581858,0.0436193873653357));
#5771=DIRECTION('',(1.,-4.33509198406236E-16,-1.16845073141143E-16));
#5772=DIRECTION('',(1.,-4.33509198406236E-16,-1.16845073141143E-16));
#5773=DIRECTION('',(4.38193304214201E-16,0.999048221581858,0.0436193873653357));
#5774=DIRECTION('',(1.,-4.33509198406236E-16,-1.16845073141143E-16));
#5775=DIRECTION('center_axis',(-9.78244568705433E-17,0.0436193873653357,
-0.999048221581858));
#5776=DIRECTION('ref_axis',(4.38193304214201E-16,0.999048221581858,0.0436193873653357));
#5777=DIRECTION('',(4.38193304214201E-16,0.999048221581858,0.0436193873653357));
#5778=DIRECTION('',(1.,-4.33509198406236E-16,-1.16845073141143E-16));
#5779=DIRECTION('',(-4.38193304214201E-16,-0.999048221581858,-0.0436193873653357));
#5780=DIRECTION('',(1.,-4.33509198406236E-16,-1.16845073141143E-16));
#5781=DIRECTION('',(-4.38193304214201E-16,-0.999048221581858,-0.0436193873653357));
#5782=DIRECTION('',(1.,-4.33509198406236E-16,-1.16845073141143E-16));
#5783=DIRECTION('',(4.38193304214201E-16,0.999048221581858,0.0436193873653357));
#5784=DIRECTION('',(1.,-4.33509198406236E-16,-1.16845073141143E-16));
#5785=DIRECTION('',(4.38193304214201E-16,0.999048221581858,0.0436193873653357));
#5786=DIRECTION('',(1.,-4.33509198406236E-16,-1.16845073141143E-16));
#5787=DIRECTION('',(1.,-4.33509198406236E-16,-1.16845073141143E-16));
#5788=DIRECTION('',(4.38193304214201E-16,0.999048221581858,0.0436193873653357));
#5789=DIRECTION('',(1.,-4.33509198406236E-16,-1.16845073141143E-16));
#5790=DIRECTION('center_axis',(-9.78244568705433E-17,0.0436193873653357,
-0.999048221581858));
#5791=DIRECTION('ref_axis',(4.38193304214201E-16,0.999048221581858,0.0436193873653357));
#5792=DIRECTION('',(4.38193304214201E-16,0.999048221581858,0.0436193873653357));
#5793=DIRECTION('',(1.,-4.33509198406236E-16,-1.16845073141143E-16));
#5794=DIRECTION('',(-4.38193304214201E-16,-0.999048221581858,-0.0436193873653357));
#5795=DIRECTION('',(1.,-4.33509198406236E-16,-1.16845073141143E-16));
#5796=DIRECTION('',(-4.38193304214201E-16,-0.999048221581858,-0.0436193873653357));
#5797=DIRECTION('',(1.,-4.33509198406236E-16,-1.16845073141143E-16));
#5798=DIRECTION('',(4.38193304214201E-16,0.999048221581858,0.0436193873653357));
#5799=DIRECTION('',(1.,-4.33509198406236E-16,-1.16845073141143E-16));
#5800=DIRECTION('',(4.38193304214201E-16,0.999048221581858,0.0436193873653357));
#5801=DIRECTION('',(1.,-4.33509198406236E-16,-1.16845073141143E-16));
#5802=DIRECTION('',(1.,-4.33509198406236E-16,-1.16845073141143E-16));
#5803=DIRECTION('',(4.38193304214201E-16,0.999048221581858,0.0436193873653357));
#5804=DIRECTION('',(1.,-4.33509198406236E-16,-1.16845073141143E-16));
#5805=DIRECTION('center_axis',(-9.78244568705433E-17,0.0436193873653357,
-0.999048221581858));
#5806=DIRECTION('ref_axis',(4.38193304214201E-16,0.999048221581858,0.0436193873653357));
#5807=DIRECTION('',(4.38193304214201E-16,0.999048221581858,0.0436193873653357));
#5808=DIRECTION('',(1.,-4.33509198406236E-16,-1.16845073141143E-16));
#5809=DIRECTION('',(-4.38193304214201E-16,-0.999048221581858,-0.0436193873653357));
#5810=DIRECTION('',(1.,-4.33509198406236E-16,-1.16845073141143E-16));
#5811=DIRECTION('',(-4.38193304214201E-16,-0.999048221581858,-0.0436193873653357));
#5812=DIRECTION('',(1.,-4.33509198406236E-16,-1.16845073141143E-16));
#5813=DIRECTION('',(4.38193304214201E-16,0.999048221581858,0.0436193873653357));
#5814=DIRECTION('',(1.,-4.33509198406236E-16,-1.16845073141143E-16));
#5815=DIRECTION('',(4.38193304214201E-16,0.999048221581858,0.0436193873653357));
#5816=DIRECTION('',(1.,-4.33509198406236E-16,-1.16845073141143E-16));
#5817=DIRECTION('',(1.,-4.33509198406236E-16,-1.16845073141143E-16));
#5818=DIRECTION('',(4.38193304214201E-16,0.999048221581858,0.0436193873653357));
#5819=DIRECTION('',(1.,-4.33509198406236E-16,-1.16845073141143E-16));
#5820=DIRECTION('center_axis',(-9.78244568705433E-17,0.0436193873653357,
-0.999048221581858));
#5821=DIRECTION('ref_axis',(4.38193304214201E-16,0.999048221581858,0.0436193873653357));
#5822=DIRECTION('',(4.38193304214201E-16,0.999048221581858,0.0436193873653357));
#5823=DIRECTION('',(1.,-4.33509198406236E-16,-1.16845073141143E-16));
#5824=DIRECTION('',(-4.38193304214201E-16,-0.999048221581858,-0.0436193873653357));
#5825=DIRECTION('',(1.,-4.33509198406236E-16,-1.16845073141143E-16));
#5826=DIRECTION('',(-4.38193304214201E-16,-0.999048221581858,-0.0436193873653357));
#5827=DIRECTION('',(1.,-4.33509198406236E-16,-1.16845073141143E-16));
#5828=DIRECTION('',(4.38193304214201E-16,0.999048221581858,0.0436193873653357));
#5829=DIRECTION('',(1.,-4.33509198406236E-16,-1.16845073141143E-16));
#5830=DIRECTION('',(4.38193304214201E-16,0.999048221581858,0.0436193873653357));
#5831=DIRECTION('',(1.,-4.33509198406236E-16,-1.16845073141143E-16));
#5832=DIRECTION('',(1.,-4.33509198406236E-16,-1.16845073141143E-16));
#5833=DIRECTION('',(4.38193304214201E-16,0.999048221581858,0.0436193873653357));
#5834=DIRECTION('',(1.,-4.33509198406236E-16,-1.16845073141143E-16));
#5835=DIRECTION('center_axis',(-9.78244568705433E-17,0.0436193873653357,
-0.999048221581858));
#5836=DIRECTION('ref_axis',(4.38193304214201E-16,0.999048221581858,0.0436193873653357));
#5837=DIRECTION('',(4.38193304214201E-16,0.999048221581858,0.0436193873653357));
#5838=DIRECTION('',(1.,-4.33509198406236E-16,-1.16845073141143E-16));
#5839=DIRECTION('',(-4.38193304214201E-16,-0.999048221581858,-0.0436193873653357));
#5840=DIRECTION('',(1.,-4.33509198406236E-16,-1.16845073141143E-16));
#5841=DIRECTION('',(-4.38193304214201E-16,-0.999048221581858,-0.0436193873653357));
#5842=DIRECTION('',(1.,-4.33509198406236E-16,-1.16845073141143E-16));
#5843=DIRECTION('',(4.38193304214201E-16,0.999048221581858,0.0436193873653357));
#5844=DIRECTION('',(1.,-4.33509198406236E-16,-1.16845073141143E-16));
#5845=DIRECTION('',(4.38193304214201E-16,0.999048221581858,0.0436193873653357));
#5846=DIRECTION('',(1.,-4.33509198406236E-16,-1.16845073141143E-16));
#5847=DIRECTION('',(1.,-4.33509198406236E-16,-1.16845073141143E-16));
#5848=DIRECTION('',(4.38193304214201E-16,0.999048221581858,0.0436193873653357));
#5849=DIRECTION('',(1.,-4.33509198406236E-16,-1.16845073141143E-16));
#5850=DIRECTION('center_axis',(-9.78244568705433E-17,0.0436193873653357,
-0.999048221581858));
#5851=DIRECTION('ref_axis',(4.38193304214201E-16,0.999048221581858,0.0436193873653357));
#5852=DIRECTION('',(4.38193304214201E-16,0.999048221581858,0.0436193873653357));
#5853=DIRECTION('',(1.,-4.33509198406236E-16,-1.16845073141143E-16));
#5854=DIRECTION('',(-4.38193304214201E-16,-0.999048221581858,-0.0436193873653357));
#5855=DIRECTION('',(1.,-4.33509198406236E-16,-1.16845073141143E-16));
#5856=DIRECTION('',(-4.38193304214201E-16,-0.999048221581858,-0.0436193873653357));
#5857=DIRECTION('',(1.,-4.33509198406236E-16,-1.16845073141143E-16));
#5858=DIRECTION('',(4.38193304214201E-16,0.999048221581858,0.0436193873653357));
#5859=DIRECTION('',(1.,-4.33509198406236E-16,-1.16845073141143E-16));
#5860=DIRECTION('',(4.38193304214201E-16,0.999048221581858,0.0436193873653357));
#5861=DIRECTION('',(1.,-4.33509198406236E-16,-1.16845073141143E-16));
#5862=DIRECTION('',(1.,-4.33509198406236E-16,-1.16845073141143E-16));
#5863=DIRECTION('',(4.38193304214201E-16,0.999048221581858,0.0436193873653357));
#5864=DIRECTION('',(1.,-4.33509198406236E-16,-1.16845073141143E-16));
#5865=DIRECTION('center_axis',(-9.78244568705433E-17,0.0436193873653357,
-0.999048221581858));
#5866=DIRECTION('ref_axis',(4.38193304214201E-16,0.999048221581858,0.0436193873653357));
#5867=DIRECTION('',(4.38193304214201E-16,0.999048221581858,0.0436193873653357));
#5868=DIRECTION('',(1.,-4.33509198406236E-16,-1.16845073141143E-16));
#5869=DIRECTION('',(-4.38193304214201E-16,-0.999048221581858,-0.0436193873653357));
#5870=DIRECTION('',(1.,-4.33509198406236E-16,-1.16845073141143E-16));
#5871=DIRECTION('',(-4.38193304214201E-16,-0.999048221581858,-0.0436193873653357));
#5872=DIRECTION('',(1.,-4.33509198406236E-16,-1.16845073141143E-16));
#5873=DIRECTION('',(4.38193304214201E-16,0.999048221581858,0.0436193873653357));
#5874=DIRECTION('',(1.,-4.33509198406236E-16,-1.16845073141143E-16));
#5875=DIRECTION('',(4.38193304214201E-16,0.999048221581858,0.0436193873653357));
#5876=DIRECTION('',(1.,-4.33509198406236E-16,-1.16845073141143E-16));
#5877=DIRECTION('',(1.,-4.33509198406236E-16,-1.16845073141143E-16));
#5878=DIRECTION('',(4.38193304214201E-16,0.999048221581858,0.0436193873653357));
#5879=DIRECTION('',(1.,-4.33509198406236E-16,-1.16845073141143E-16));
#5880=DIRECTION('center_axis',(-9.78244568705433E-17,0.0436193873653357,
-0.999048221581858));
#5881=DIRECTION('ref_axis',(4.38193304214201E-16,0.999048221581858,0.0436193873653357));
#5882=DIRECTION('',(4.38193304214201E-16,0.999048221581858,0.0436193873653357));
#5883=DIRECTION('',(1.,-4.33509198406236E-16,-1.16845073141143E-16));
#5884=DIRECTION('',(-4.38193304214201E-16,-0.999048221581858,-0.0436193873653357));
#5885=DIRECTION('',(1.,-4.33509198406236E-16,-1.16845073141143E-16));
#5886=DIRECTION('',(-4.38193304214201E-16,-0.999048221581858,-0.0436193873653357));
#5887=DIRECTION('',(1.,-4.33509198406236E-16,-1.16845073141143E-16));
#5888=DIRECTION('',(4.38193304214201E-16,0.999048221581858,0.0436193873653357));
#5889=DIRECTION('',(1.,-4.33509198406236E-16,-1.16845073141143E-16));
#5890=DIRECTION('',(4.38193304214201E-16,0.999048221581858,0.0436193873653357));
#5891=DIRECTION('',(1.,-4.33509198406236E-16,-1.16845073141143E-16));
#5892=DIRECTION('',(1.,-4.33509198406236E-16,-1.16845073141143E-16));
#5893=DIRECTION('',(4.38193304214201E-16,0.999048221581858,0.0436193873653357));
#5894=DIRECTION('',(1.,-4.33509198406236E-16,-1.16845073141143E-16));
#5895=DIRECTION('center_axis',(-2.0067672964301E-84,-0.0436193873653357,
0.999048221581858));
#5896=DIRECTION('ref_axis',(1.,-9.19688431535636E-83,-2.00676729642998E-84));
#5897=DIRECTION('center_axis',(2.0067672964301E-84,0.0436193873653357,-0.999048221581858));
#5898=DIRECTION('ref_axis',(-9.18813091935085E-83,-0.999048221581858,-0.0436193873653357));
#5899=DIRECTION('center_axis',(-2.0067672964301E-84,-0.0436193873653357,
0.999048221581858));
#5900=DIRECTION('ref_axis',(1.,-9.19688431535636E-83,-2.00676729642998E-84));
#5901=DIRECTION('center_axis',(2.0067672964301E-84,0.0436193873653357,-0.999048221581858));
#5902=DIRECTION('ref_axis',(-9.18813091935085E-83,-0.999048221581858,-0.0436193873653357));
#5903=DIRECTION('center_axis',(-2.0067672964301E-84,-0.0436193873653357,
0.999048221581858));
#5904=DIRECTION('ref_axis',(1.,-9.19688431535636E-83,-2.00676729642998E-84));
#5905=DIRECTION('center_axis',(-6.88569152806163E-17,0.992332729598943,
0.123595120319176));
#5906=DIRECTION('ref_axis',(0.,-0.123595120319176,0.992332729598943));
#5907=DIRECTION('center_axis',(1.,0.,9.58115896280394E-16));
#5908=DIRECTION('ref_axis',(6.77490245233643E-16,-0.707106781186549,-0.707106781186546));
#5909=DIRECTION('center_axis',(-0.591843378633995,-0.390519302803075,-0.705135511306372));
#5910=DIRECTION('ref_axis',(0.550746593327326,-0.834672504601862,1.11022302462515E-14));
#5911=DIRECTION('center_axis',(-0.615185533657089,-0.305217498233825,0.726903733620159));
#5912=DIRECTION('ref_axis',(1.51840318096674E-9,-0.922019267424397,-0.387143991943797));
#5913=DIRECTION('center_axis',(0.,-1.,0.));
#5914=DIRECTION('ref_axis',(1.,0.,0.));
#5915=DIRECTION('',(-1.,0.,-1.31033535387374E-37));
#5916=DIRECTION('',(0.,0.,1.));
#5917=DIRECTION('',(1.,0.,0.));
#5918=DIRECTION('',(0.,0.,-1.));
#5919=DIRECTION('center_axis',(0.,0.,1.));
#5920=DIRECTION('ref_axis',(0.707106781186548,-0.707106781186548,0.));
#5921=DIRECTION('center_axis',(1.30908820490553E-37,0.0436193883768894,
-0.999048221537692));
#5922=DIRECTION('ref_axis',(0.,-0.999048221537692,-0.0436193883768894));
#5923=DIRECTION('center_axis',(0.,0.,1.));
#5924=DIRECTION('ref_axis',(0.707106781186548,-0.707106781186548,0.));
#5925=DIRECTION('',(0.,0.,1.));
#5926=DIRECTION('center_axis',(1.,0.,0.));
#5927=DIRECTION('ref_axis',(0.,1.,0.));
#5928=DIRECTION('',(0.,-0.999048221537692,-0.0436193883768894));
#5929=DIRECTION('',(0.,1.,0.));
#5930=DIRECTION('',(0.,0.,-1.));
#5931=DIRECTION('center_axis',(2.35304464135267E-17,0.999656280618076,-0.0262168003546395));
#5932=DIRECTION('ref_axis',(1.,3.4694469519536E-17,2.2204460492503E-15));
#5933=DIRECTION('center_axis',(-1.,0.,-9.58115896280394E-16));
#5934=DIRECTION('ref_axis',(0.,0.,1.));
#5935=DIRECTION('center_axis',(1.,0.,9.58115896280394E-16));
#5936=DIRECTION('ref_axis',(-1.04083408944062E-15,0.029511172547958,0.999564450495737));
#5937=DIRECTION('center_axis',(0.,0.,1.));
#5938=DIRECTION('ref_axis',(1.,0.,0.));
#5939=DIRECTION('',(0.999999999999995,-1.00390729211825E-7,0.));
#5940=DIRECTION('',(0.,1.,0.));
#5941=DIRECTION('',(1.,1.64682203676294E-9,0.));
#5942=DIRECTION('',(1.,0.,0.));
#5943=DIRECTION('center_axis',(0.,0.,-1.));
#5944=DIRECTION('ref_axis',(-1.,9.19688431535636E-83,0.));
#5945=DIRECTION('center_axis',(0.,0.,-1.));
#5946=DIRECTION('ref_axis',(-1.,9.19688431535636E-83,0.));
#5947=DIRECTION('center_axis',(0.,0.,-1.));
#5948=DIRECTION('ref_axis',(-1.,9.19688431535636E-83,0.));
#5949=DIRECTION('center_axis',(4.38193304214201E-16,0.999048221581858,0.0436193873653357));
#5950=DIRECTION('ref_axis',(1.,-4.33509198406236E-16,-1.16845073141143E-16));
#5951=DIRECTION('',(-1.,4.38610764473792E-16,0.));
#5952=DIRECTION('',(-9.78244568705432E-17,0.0436193873653357,-0.999048221581858));
#5953=DIRECTION('',(-9.78244568705432E-17,0.0436193873653357,-0.999048221581858));
#5954=DIRECTION('center_axis',(1.,-4.33509198406236E-16,-1.16845073141143E-16));
#5955=DIRECTION('ref_axis',(-9.78244568705432E-17,0.0436193873653357,-0.999048221581858));
#5956=DIRECTION('',(4.33509198406236E-16,1.,0.));
#5957=DIRECTION('',(-9.78244568705432E-17,0.0436193873653357,-0.999048221581858));
#5958=DIRECTION('center_axis',(4.38193304214201E-16,0.999048221581858,0.0436193873653357));
#5959=DIRECTION('ref_axis',(1.,-4.33509198406236E-16,-1.16845073141143E-16));
#5960=DIRECTION('',(-1.,4.38610764473792E-16,0.));
#5961=DIRECTION('',(9.78244568705432E-17,-0.0436193873653357,0.999048221581858));
#5962=DIRECTION('center_axis',(-1.,4.33509198406236E-16,1.16845073141143E-16));
#5963=DIRECTION('ref_axis',(9.78244568705432E-17,-0.0436193873653357,0.999048221581858));
#5964=DIRECTION('',(-4.33509198406236E-16,-1.,0.));
#5965=DIRECTION('',(9.78244568705432E-17,-0.0436193873653357,0.999048221581858));
#5966=DIRECTION('center_axis',(4.38193304214201E-16,0.999048221581858,0.0436193873653357));
#5967=DIRECTION('ref_axis',(1.,-4.33509198406236E-16,-1.16845073141143E-16));
#5968=DIRECTION('',(-1.,4.38610764473792E-16,0.));
#5969=DIRECTION('',(9.78244568705432E-17,-0.0436193873653357,0.999048221581858));
#5970=DIRECTION('center_axis',(1.,-4.33509198406236E-16,-1.16845073141143E-16));
#5971=DIRECTION('ref_axis',(9.78244568705432E-17,-0.0436193873653357,0.999048221581858));
#5972=DIRECTION('',(-4.33509198406236E-16,-1.,0.));
#5973=DIRECTION('',(9.78244568705432E-17,-0.0436193873653357,0.999048221581858));
#5974=DIRECTION('center_axis',(4.38193304214201E-16,0.999048221581858,0.0436193873653357));
#5975=DIRECTION('ref_axis',(1.,-4.33509198406236E-16,-1.16845073141143E-16));
#5976=DIRECTION('',(1.,-4.38610764473792E-16,0.));
#5977=DIRECTION('',(9.78244568705432E-17,-0.0436193873653357,0.999048221581858));
#5978=DIRECTION('center_axis',(1.,-4.33509198406236E-16,-1.16845073141143E-16));
#5979=DIRECTION('ref_axis',(9.78244568705432E-17,-0.0436193873653357,0.999048221581858));
#5980=DIRECTION('',(-4.33509198406236E-16,-1.,0.));
#5981=DIRECTION('',(9.78244568705432E-17,-0.0436193873653357,0.999048221581858));
#5982=DIRECTION('center_axis',(4.38193304214201E-16,0.999048221581858,0.0436193873653357));
#5983=DIRECTION('ref_axis',(1.,-4.33509198406236E-16,-1.16845073141143E-16));
#5984=DIRECTION('',(1.,-4.38610764473792E-16,0.));
#5985=DIRECTION('center_axis',(4.38193304214201E-16,0.999048221581858,0.0436193873653357));
#5986=DIRECTION('ref_axis',(1.,-4.33509198406236E-16,-1.16845073141143E-16));
#5987=DIRECTION('center_axis',(4.38193304214201E-16,0.999048221581858,0.0436193873653357));
#5988=DIRECTION('ref_axis',(1.,-4.33509198406236E-16,-1.16845073141143E-16));
#5989=DIRECTION('',(1.,-4.38610764473792E-16,0.));
#5990=DIRECTION('center_axis',(4.38193304214201E-16,0.999048221581858,0.0436193873653357));
#5991=DIRECTION('ref_axis',(1.,-4.33509198406236E-16,-1.16845073141143E-16));
#5992=DIRECTION('center_axis',(-4.38193304214201E-16,-0.999048221581858,
-0.0436193873653357));
#5993=DIRECTION('ref_axis',(1.,-4.33509198406236E-16,-1.16845073141143E-16));
#5994=DIRECTION('center_axis',(0.,0.,-1.));
#5995=DIRECTION('ref_axis',(-4.33509198406236E-16,-1.,0.));
#5996=DIRECTION('center_axis',(0.,0.,-1.));
#5997=DIRECTION('ref_axis',(-4.33509198406236E-16,-1.,0.));
#5998=DIRECTION('center_axis',(4.38193304214201E-16,0.999048221581858,0.0436193873653357));
#5999=DIRECTION('ref_axis',(1.,-4.33509198406236E-16,-1.16845073141143E-16));
#6000=DIRECTION('center_axis',(4.38193304214201E-16,0.999048221581858,0.0436193873653357));
#6001=DIRECTION('ref_axis',(1.,-4.33509198406236E-16,-1.16845073141143E-16));
#6002=DIRECTION('',(1.,-4.38610764473792E-16,0.));
#6003=DIRECTION('',(-9.78244568705432E-17,0.0436193873653357,-0.999048221581858));
#6004=DIRECTION('center_axis',(-1.,4.33509198406236E-16,1.16845073141143E-16));
#6005=DIRECTION('ref_axis',(-9.78244568705432E-17,0.0436193873653357,-0.999048221581858));
#6006=DIRECTION('',(4.33509198406236E-16,1.,0.));
#6007=DIRECTION('',(-9.78244568705432E-17,0.0436193873653357,-0.999048221581858));
#6008=DIRECTION('center_axis',(4.38193304214201E-16,0.999048221581858,0.0436193873653357));
#6009=DIRECTION('ref_axis',(1.,-4.33509198406236E-16,-1.16845073141143E-16));
#6010=DIRECTION('',(1.,-4.38610764473792E-16,0.));
#6011=DIRECTION('',(-9.78244568705432E-17,0.0436193873653357,-0.999048221581858));
#6012=DIRECTION('center_axis',(-1.,4.33509198406236E-16,1.16845073141143E-16));
#6013=DIRECTION('ref_axis',(-9.78244568705432E-17,0.0436193873653357,-0.999048221581858));
#6014=DIRECTION('',(4.33509198406236E-16,1.,0.));
#6015=DIRECTION('center_axis',(4.38193304214201E-16,0.999048221581858,0.0436193873653357));
#6016=DIRECTION('ref_axis',(1.,-4.33509198406236E-16,-1.16845073141143E-16));
#6017=DIRECTION('',(-1.,4.38610764473792E-16,0.));
#6018=DIRECTION('',(-9.78244568705433E-17,0.0436193873653357,-0.999048221581858));
#6019=DIRECTION('',(-9.78244568705433E-17,0.0436193873653357,-0.999048221581858));
#6020=DIRECTION('center_axis',(1.,-4.33509198406236E-16,-1.16845073141143E-16));
#6021=DIRECTION('ref_axis',(-9.78244568705433E-17,0.0436193873653357,-0.999048221581858));
#6022=DIRECTION('',(4.33509198406236E-16,1.,0.));
#6023=DIRECTION('',(-9.78244568705433E-17,0.0436193873653357,-0.999048221581858));
#6024=DIRECTION('center_axis',(4.38193304214201E-16,0.999048221581858,0.0436193873653357));
#6025=DIRECTION('ref_axis',(1.,-4.33509198406236E-16,-1.16845073141143E-16));
#6026=DIRECTION('',(-1.,4.38610764473792E-16,0.));
#6027=DIRECTION('',(9.78244568705433E-17,-0.0436193873653357,0.999048221581858));
#6028=DIRECTION('center_axis',(-1.,4.33509198406236E-16,1.16845073141143E-16));
#6029=DIRECTION('ref_axis',(9.78244568705433E-17,-0.0436193873653357,0.999048221581858));
#6030=DIRECTION('',(-4.33509198406236E-16,-1.,0.));
#6031=DIRECTION('',(9.78244568705433E-17,-0.0436193873653357,0.999048221581858));
#6032=DIRECTION('center_axis',(4.38193304214201E-16,0.999048221581858,0.0436193873653357));
#6033=DIRECTION('ref_axis',(1.,-4.33509198406236E-16,-1.16845073141143E-16));
#6034=DIRECTION('',(-1.,4.38610764473792E-16,0.));
#6035=DIRECTION('',(9.78244568705433E-17,-0.0436193873653357,0.999048221581858));
#6036=DIRECTION('center_axis',(1.,-4.33509198406236E-16,-1.16845073141143E-16));
#6037=DIRECTION('ref_axis',(9.78244568705433E-17,-0.0436193873653357,0.999048221581858));
#6038=DIRECTION('',(-4.33509198406236E-16,-1.,0.));
#6039=DIRECTION('',(9.78244568705433E-17,-0.0436193873653357,0.999048221581858));
#6040=DIRECTION('center_axis',(4.38193304214201E-16,0.999048221581858,0.0436193873653357));
#6041=DIRECTION('ref_axis',(1.,-4.33509198406236E-16,-1.16845073141143E-16));
#6042=DIRECTION('',(1.,-4.38610764473792E-16,0.));
#6043=DIRECTION('',(9.78244568705433E-17,-0.0436193873653357,0.999048221581858));
#6044=DIRECTION('center_axis',(1.,-4.33509198406236E-16,-1.16845073141143E-16));
#6045=DIRECTION('ref_axis',(9.78244568705433E-17,-0.0436193873653357,0.999048221581858));
#6046=DIRECTION('',(-4.33509198406236E-16,-1.,0.));
#6047=DIRECTION('',(9.78244568705433E-17,-0.0436193873653357,0.999048221581858));
#6048=DIRECTION('center_axis',(4.38193304214201E-16,0.999048221581858,0.0436193873653357));
#6049=DIRECTION('ref_axis',(1.,-4.33509198406236E-16,-1.16845073141143E-16));
#6050=DIRECTION('',(1.,-4.38610764473792E-16,0.));
#6051=DIRECTION('center_axis',(4.38193304214201E-16,0.999048221581858,0.0436193873653357));
#6052=DIRECTION('ref_axis',(1.,-4.33509198406236E-16,-1.16845073141143E-16));
#6053=DIRECTION('center_axis',(4.38193304214201E-16,0.999048221581858,0.0436193873653357));
#6054=DIRECTION('ref_axis',(1.,-4.33509198406236E-16,-1.16845073141143E-16));
#6055=DIRECTION('',(1.,-4.38610764473792E-16,0.));
#6056=DIRECTION('center_axis',(4.38193304214201E-16,0.999048221581858,0.0436193873653357));
#6057=DIRECTION('ref_axis',(1.,-4.33509198406236E-16,-1.16845073141143E-16));
#6058=DIRECTION('center_axis',(-4.38193304214201E-16,-0.999048221581858,
-0.0436193873653357));
#6059=DIRECTION('ref_axis',(1.,-4.33509198406236E-16,-1.16845073141143E-16));
#6060=DIRECTION('center_axis',(0.,0.,-1.));
#6061=DIRECTION('ref_axis',(-4.33509198406236E-16,-1.,0.));
#6062=DIRECTION('center_axis',(0.,0.,-1.));
#6063=DIRECTION('ref_axis',(-4.33509198406236E-16,-1.,0.));
#6064=DIRECTION('center_axis',(4.38193304214201E-16,0.999048221581858,0.0436193873653357));
#6065=DIRECTION('ref_axis',(1.,-4.33509198406236E-16,-1.16845073141143E-16));
#6066=DIRECTION('center_axis',(4.38193304214201E-16,0.999048221581858,0.0436193873653357));
#6067=DIRECTION('ref_axis',(1.,-4.33509198406236E-16,-1.16845073141143E-16));
#6068=DIRECTION('',(1.,-4.38610764473792E-16,0.));
#6069=DIRECTION('',(-9.78244568705433E-17,0.0436193873653357,-0.999048221581858));
#6070=DIRECTION('center_axis',(-1.,4.33509198406236E-16,1.16845073141143E-16));
#6071=DIRECTION('ref_axis',(-9.78244568705433E-17,0.0436193873653357,-0.999048221581858));
#6072=DIRECTION('',(4.33509198406236E-16,1.,0.));
#6073=DIRECTION('',(-9.78244568705433E-17,0.0436193873653357,-0.999048221581858));
#6074=DIRECTION('center_axis',(4.38193304214201E-16,0.999048221581858,0.0436193873653357));
#6075=DIRECTION('ref_axis',(1.,-4.33509198406236E-16,-1.16845073141143E-16));
#6076=DIRECTION('',(1.,-4.38610764473792E-16,0.));
#6077=DIRECTION('',(-9.78244568705433E-17,0.0436193873653357,-0.999048221581858));
#6078=DIRECTION('center_axis',(-1.,4.33509198406236E-16,1.16845073141143E-16));
#6079=DIRECTION('ref_axis',(-9.78244568705433E-17,0.0436193873653357,-0.999048221581858));
#6080=DIRECTION('',(4.33509198406236E-16,1.,0.));
#6081=DIRECTION('center_axis',(4.38193304214201E-16,0.999048221581858,0.0436193873653357));
#6082=DIRECTION('ref_axis',(1.,-4.33509198406236E-16,-1.16845073141143E-16));
#6083=DIRECTION('',(-1.,4.38610764473792E-16,0.));
#6084=DIRECTION('',(-9.78244568705433E-17,0.0436193873653357,-0.999048221581858));
#6085=DIRECTION('',(-9.78244568705433E-17,0.0436193873653357,-0.999048221581858));
#6086=DIRECTION('center_axis',(1.,-4.33509198406236E-16,-1.16845073141143E-16));
#6087=DIRECTION('ref_axis',(-9.78244568705433E-17,0.0436193873653357,-0.999048221581858));
#6088=DIRECTION('',(4.33509198406236E-16,1.,0.));
#6089=DIRECTION('',(-9.78244568705433E-17,0.0436193873653357,-0.999048221581858));
#6090=DIRECTION('center_axis',(4.38193304214201E-16,0.999048221581858,0.0436193873653357));
#6091=DIRECTION('ref_axis',(1.,-4.33509198406236E-16,-1.16845073141143E-16));
#6092=DIRECTION('',(-1.,4.38610764473792E-16,0.));
#6093=DIRECTION('',(9.78244568705433E-17,-0.0436193873653357,0.999048221581858));
#6094=DIRECTION('center_axis',(-1.,4.33509198406236E-16,1.16845073141143E-16));
#6095=DIRECTION('ref_axis',(9.78244568705433E-17,-0.0436193873653357,0.999048221581858));
#6096=DIRECTION('',(-4.33509198406236E-16,-1.,0.));
#6097=DIRECTION('',(9.78244568705433E-17,-0.0436193873653357,0.999048221581858));
#6098=DIRECTION('center_axis',(4.38193304214201E-16,0.999048221581858,0.0436193873653357));
#6099=DIRECTION('ref_axis',(1.,-4.33509198406236E-16,-1.16845073141143E-16));
#6100=DIRECTION('',(-1.,4.38610764473792E-16,0.));
#6101=DIRECTION('',(9.78244568705433E-17,-0.0436193873653357,0.999048221581858));
#6102=DIRECTION('center_axis',(1.,-4.33509198406236E-16,-1.16845073141143E-16));
#6103=DIRECTION('ref_axis',(9.78244568705433E-17,-0.0436193873653357,0.999048221581858));
#6104=DIRECTION('',(-4.33509198406236E-16,-1.,0.));
#6105=DIRECTION('',(9.78244568705433E-17,-0.0436193873653357,0.999048221581858));
#6106=DIRECTION('center_axis',(4.38193304214201E-16,0.999048221581858,0.0436193873653357));
#6107=DIRECTION('ref_axis',(1.,-4.33509198406236E-16,-1.16845073141143E-16));
#6108=DIRECTION('',(1.,-4.38610764473792E-16,0.));
#6109=DIRECTION('',(9.78244568705433E-17,-0.0436193873653357,0.999048221581858));
#6110=DIRECTION('center_axis',(1.,-4.33509198406236E-16,-1.16845073141143E-16));
#6111=DIRECTION('ref_axis',(9.78244568705433E-17,-0.0436193873653357,0.999048221581858));
#6112=DIRECTION('',(-4.33509198406236E-16,-1.,0.));
#6113=DIRECTION('',(9.78244568705433E-17,-0.0436193873653357,0.999048221581858));
#6114=DIRECTION('center_axis',(4.38193304214201E-16,0.999048221581858,0.0436193873653357));
#6115=DIRECTION('ref_axis',(1.,-4.33509198406236E-16,-1.16845073141143E-16));
#6116=DIRECTION('',(1.,-4.38610764473792E-16,0.));
#6117=DIRECTION('center_axis',(4.38193304214201E-16,0.999048221581858,0.0436193873653357));
#6118=DIRECTION('ref_axis',(1.,-4.33509198406236E-16,-1.16845073141143E-16));
#6119=DIRECTION('center_axis',(4.38193304214201E-16,0.999048221581858,0.0436193873653357));
#6120=DIRECTION('ref_axis',(1.,-4.33509198406236E-16,-1.16845073141143E-16));
#6121=DIRECTION('',(1.,-4.38610764473792E-16,0.));
#6122=DIRECTION('center_axis',(4.38193304214201E-16,0.999048221581858,0.0436193873653357));
#6123=DIRECTION('ref_axis',(1.,-4.33509198406236E-16,-1.16845073141143E-16));
#6124=DIRECTION('center_axis',(-4.38193304214201E-16,-0.999048221581858,
-0.0436193873653357));
#6125=DIRECTION('ref_axis',(1.,-4.33509198406236E-16,-1.16845073141143E-16));
#6126=DIRECTION('center_axis',(0.,0.,-1.));
#6127=DIRECTION('ref_axis',(-4.33509198406236E-16,-1.,0.));
#6128=DIRECTION('center_axis',(0.,0.,-1.));
#6129=DIRECTION('ref_axis',(-4.33509198406236E-16,-1.,0.));
#6130=DIRECTION('center_axis',(4.38193304214201E-16,0.999048221581858,0.0436193873653357));
#6131=DIRECTION('ref_axis',(1.,-4.33509198406236E-16,-1.16845073141143E-16));
#6132=DIRECTION('center_axis',(4.38193304214201E-16,0.999048221581858,0.0436193873653357));
#6133=DIRECTION('ref_axis',(1.,-4.33509198406236E-16,-1.16845073141143E-16));
#6134=DIRECTION('',(1.,-4.38610764473792E-16,0.));
#6135=DIRECTION('',(-9.78244568705433E-17,0.0436193873653357,-0.999048221581858));
#6136=DIRECTION('center_axis',(-1.,4.33509198406236E-16,1.16845073141143E-16));
#6137=DIRECTION('ref_axis',(-9.78244568705433E-17,0.0436193873653357,-0.999048221581858));
#6138=DIRECTION('',(4.33509198406236E-16,1.,0.));
#6139=DIRECTION('',(-9.78244568705433E-17,0.0436193873653357,-0.999048221581858));
#6140=DIRECTION('center_axis',(4.38193304214201E-16,0.999048221581858,0.0436193873653357));
#6141=DIRECTION('ref_axis',(1.,-4.33509198406236E-16,-1.16845073141143E-16));
#6142=DIRECTION('',(1.,-4.38610764473792E-16,0.));
#6143=DIRECTION('',(-9.78244568705433E-17,0.0436193873653357,-0.999048221581858));
#6144=DIRECTION('center_axis',(-1.,4.33509198406236E-16,1.16845073141143E-16));
#6145=DIRECTION('ref_axis',(-9.78244568705433E-17,0.0436193873653357,-0.999048221581858));
#6146=DIRECTION('',(4.33509198406236E-16,1.,0.));
#6147=DIRECTION('center_axis',(4.38193304214201E-16,0.999048221581858,0.0436193873653357));
#6148=DIRECTION('ref_axis',(1.,-4.33509198406236E-16,-1.16845073141143E-16));
#6149=DIRECTION('',(-1.,4.38610764473792E-16,0.));
#6150=DIRECTION('',(-9.78244568705433E-17,0.0436193873653357,-0.999048221581858));
#6151=DIRECTION('',(-9.78244568705433E-17,0.0436193873653357,-0.999048221581858));
#6152=DIRECTION('center_axis',(1.,-4.33509198406236E-16,-1.16845073141143E-16));
#6153=DIRECTION('ref_axis',(-9.78244568705433E-17,0.0436193873653357,-0.999048221581858));
#6154=DIRECTION('',(4.33509198406236E-16,1.,0.));
#6155=DIRECTION('',(-9.78244568705433E-17,0.0436193873653357,-0.999048221581858));
#6156=DIRECTION('center_axis',(4.38193304214201E-16,0.999048221581858,0.0436193873653357));
#6157=DIRECTION('ref_axis',(1.,-4.33509198406236E-16,-1.16845073141143E-16));
#6158=DIRECTION('',(-1.,4.38610764473792E-16,0.));
#6159=DIRECTION('',(9.78244568705433E-17,-0.0436193873653357,0.999048221581858));
#6160=DIRECTION('center_axis',(-1.,4.33509198406236E-16,1.16845073141143E-16));
#6161=DIRECTION('ref_axis',(9.78244568705433E-17,-0.0436193873653357,0.999048221581858));
#6162=DIRECTION('',(-4.33509198406236E-16,-1.,0.));
#6163=DIRECTION('',(9.78244568705433E-17,-0.0436193873653357,0.999048221581858));
#6164=DIRECTION('center_axis',(4.38193304214201E-16,0.999048221581858,0.0436193873653357));
#6165=DIRECTION('ref_axis',(1.,-4.33509198406236E-16,-1.16845073141143E-16));
#6166=DIRECTION('',(-1.,4.38610764473792E-16,0.));
#6167=DIRECTION('',(9.78244568705433E-17,-0.0436193873653357,0.999048221581858));
#6168=DIRECTION('center_axis',(1.,-4.33509198406236E-16,-1.16845073141143E-16));
#6169=DIRECTION('ref_axis',(9.78244568705433E-17,-0.0436193873653357,0.999048221581858));
#6170=DIRECTION('',(-4.33509198406236E-16,-1.,0.));
#6171=DIRECTION('',(9.78244568705433E-17,-0.0436193873653357,0.999048221581858));
#6172=DIRECTION('center_axis',(4.38193304214201E-16,0.999048221581858,0.0436193873653357));
#6173=DIRECTION('ref_axis',(1.,-4.33509198406236E-16,-1.16845073141143E-16));
#6174=DIRECTION('',(1.,-4.38610764473792E-16,0.));
#6175=DIRECTION('',(9.78244568705433E-17,-0.0436193873653357,0.999048221581858));
#6176=DIRECTION('center_axis',(1.,-4.33509198406236E-16,-1.16845073141143E-16));
#6177=DIRECTION('ref_axis',(9.78244568705433E-17,-0.0436193873653357,0.999048221581858));
#6178=DIRECTION('',(-4.33509198406236E-16,-1.,0.));
#6179=DIRECTION('',(9.78244568705433E-17,-0.0436193873653357,0.999048221581858));
#6180=DIRECTION('center_axis',(4.38193304214201E-16,0.999048221581858,0.0436193873653357));
#6181=DIRECTION('ref_axis',(1.,-4.33509198406236E-16,-1.16845073141143E-16));
#6182=DIRECTION('',(1.,-4.38610764473792E-16,0.));
#6183=DIRECTION('center_axis',(4.38193304214201E-16,0.999048221581858,0.0436193873653357));
#6184=DIRECTION('ref_axis',(1.,-4.33509198406236E-16,-1.16845073141143E-16));
#6185=DIRECTION('center_axis',(4.38193304214201E-16,0.999048221581858,0.0436193873653357));
#6186=DIRECTION('ref_axis',(1.,-4.33509198406236E-16,-1.16845073141143E-16));
#6187=DIRECTION('',(1.,-4.38610764473792E-16,0.));
#6188=DIRECTION('center_axis',(4.38193304214201E-16,0.999048221581858,0.0436193873653357));
#6189=DIRECTION('ref_axis',(1.,-4.33509198406236E-16,-1.16845073141143E-16));
#6190=DIRECTION('center_axis',(-4.38193304214201E-16,-0.999048221581858,
-0.0436193873653357));
#6191=DIRECTION('ref_axis',(1.,-4.33509198406236E-16,-1.16845073141143E-16));
#6192=DIRECTION('center_axis',(0.,0.,-1.));
#6193=DIRECTION('ref_axis',(-4.33509198406236E-16,-1.,0.));
#6194=DIRECTION('center_axis',(0.,0.,-1.));
#6195=DIRECTION('ref_axis',(-4.33509198406236E-16,-1.,0.));
#6196=DIRECTION('center_axis',(4.38193304214201E-16,0.999048221581858,0.0436193873653357));
#6197=DIRECTION('ref_axis',(1.,-4.33509198406236E-16,-1.16845073141143E-16));
#6198=DIRECTION('center_axis',(4.38193304214201E-16,0.999048221581858,0.0436193873653357));
#6199=DIRECTION('ref_axis',(1.,-4.33509198406236E-16,-1.16845073141143E-16));
#6200=DIRECTION('',(1.,-4.38610764473792E-16,0.));
#6201=DIRECTION('',(-9.78244568705433E-17,0.0436193873653357,-0.999048221581858));
#6202=DIRECTION('center_axis',(-1.,4.33509198406236E-16,1.16845073141143E-16));
#6203=DIRECTION('ref_axis',(-9.78244568705433E-17,0.0436193873653357,-0.999048221581858));
#6204=DIRECTION('',(4.33509198406236E-16,1.,0.));
#6205=DIRECTION('',(-9.78244568705433E-17,0.0436193873653357,-0.999048221581858));
#6206=DIRECTION('center_axis',(4.38193304214201E-16,0.999048221581858,0.0436193873653357));
#6207=DIRECTION('ref_axis',(1.,-4.33509198406236E-16,-1.16845073141143E-16));
#6208=DIRECTION('',(1.,-4.38610764473792E-16,0.));
#6209=DIRECTION('',(-9.78244568705433E-17,0.0436193873653357,-0.999048221581858));
#6210=DIRECTION('center_axis',(-1.,4.33509198406236E-16,1.16845073141143E-16));
#6211=DIRECTION('ref_axis',(-9.78244568705433E-17,0.0436193873653357,-0.999048221581858));
#6212=DIRECTION('',(4.33509198406236E-16,1.,0.));
#6213=DIRECTION('center_axis',(4.38193304214201E-16,0.999048221581858,0.0436193873653357));
#6214=DIRECTION('ref_axis',(1.,-4.33509198406236E-16,-1.16845073141143E-16));
#6215=DIRECTION('',(-1.,4.38610764473792E-16,0.));
#6216=DIRECTION('',(-9.78244568705433E-17,0.0436193873653357,-0.999048221581858));
#6217=DIRECTION('',(-9.78244568705433E-17,0.0436193873653357,-0.999048221581858));
#6218=DIRECTION('center_axis',(1.,-4.33509198406236E-16,-1.16845073141143E-16));
#6219=DIRECTION('ref_axis',(-9.78244568705433E-17,0.0436193873653357,-0.999048221581858));
#6220=DIRECTION('',(4.33509198406236E-16,1.,0.));
#6221=DIRECTION('',(-9.78244568705433E-17,0.0436193873653357,-0.999048221581858));
#6222=DIRECTION('center_axis',(4.38193304214201E-16,0.999048221581858,0.0436193873653357));
#6223=DIRECTION('ref_axis',(1.,-4.33509198406236E-16,-1.16845073141143E-16));
#6224=DIRECTION('',(-1.,4.38610764473792E-16,0.));
#6225=DIRECTION('',(9.78244568705433E-17,-0.0436193873653357,0.999048221581858));
#6226=DIRECTION('center_axis',(-1.,4.33509198406236E-16,1.16845073141143E-16));
#6227=DIRECTION('ref_axis',(9.78244568705433E-17,-0.0436193873653357,0.999048221581858));
#6228=DIRECTION('',(-4.33509198406236E-16,-1.,0.));
#6229=DIRECTION('',(9.78244568705433E-17,-0.0436193873653357,0.999048221581858));
#6230=DIRECTION('center_axis',(4.38193304214201E-16,0.999048221581858,0.0436193873653357));
#6231=DIRECTION('ref_axis',(1.,-4.33509198406236E-16,-1.16845073141143E-16));
#6232=DIRECTION('',(-1.,4.38610764473792E-16,0.));
#6233=DIRECTION('',(9.78244568705433E-17,-0.0436193873653357,0.999048221581858));
#6234=DIRECTION('center_axis',(1.,-4.33509198406236E-16,-1.16845073141143E-16));
#6235=DIRECTION('ref_axis',(9.78244568705433E-17,-0.0436193873653357,0.999048221581858));
#6236=DIRECTION('',(-4.33509198406236E-16,-1.,0.));
#6237=DIRECTION('',(9.78244568705433E-17,-0.0436193873653357,0.999048221581858));
#6238=DIRECTION('center_axis',(4.38193304214201E-16,0.999048221581858,0.0436193873653357));
#6239=DIRECTION('ref_axis',(1.,-4.33509198406236E-16,-1.16845073141143E-16));
#6240=DIRECTION('',(1.,-4.38610764473792E-16,0.));
#6241=DIRECTION('',(9.78244568705433E-17,-0.0436193873653357,0.999048221581858));
#6242=DIRECTION('center_axis',(1.,-4.33509198406236E-16,-1.16845073141143E-16));
#6243=DIRECTION('ref_axis',(9.78244568705433E-17,-0.0436193873653357,0.999048221581858));
#6244=DIRECTION('',(-4.33509198406236E-16,-1.,0.));
#6245=DIRECTION('',(9.78244568705433E-17,-0.0436193873653357,0.999048221581858));
#6246=DIRECTION('center_axis',(4.38193304214201E-16,0.999048221581858,0.0436193873653357));
#6247=DIRECTION('ref_axis',(1.,-4.33509198406236E-16,-1.16845073141143E-16));
#6248=DIRECTION('',(1.,-4.38610764473792E-16,0.));
#6249=DIRECTION('center_axis',(4.38193304214201E-16,0.999048221581858,0.0436193873653357));
#6250=DIRECTION('ref_axis',(1.,-4.33509198406236E-16,-1.16845073141143E-16));
#6251=DIRECTION('center_axis',(4.38193304214201E-16,0.999048221581858,0.0436193873653357));
#6252=DIRECTION('ref_axis',(1.,-4.33509198406236E-16,-1.16845073141143E-16));
#6253=DIRECTION('',(1.,-4.38610764473792E-16,0.));
#6254=DIRECTION('center_axis',(4.38193304214201E-16,0.999048221581858,0.0436193873653357));
#6255=DIRECTION('ref_axis',(1.,-4.33509198406236E-16,-1.16845073141143E-16));
#6256=DIRECTION('center_axis',(-4.38193304214201E-16,-0.999048221581858,
-0.0436193873653357));
#6257=DIRECTION('ref_axis',(1.,-4.33509198406236E-16,-1.16845073141143E-16));
#6258=DIRECTION('center_axis',(0.,0.,-1.));
#6259=DIRECTION('ref_axis',(-4.33509198406236E-16,-1.,0.));
#6260=DIRECTION('center_axis',(0.,0.,-1.));
#6261=DIRECTION('ref_axis',(-4.33509198406236E-16,-1.,0.));
#6262=DIRECTION('center_axis',(4.38193304214201E-16,0.999048221581858,0.0436193873653357));
#6263=DIRECTION('ref_axis',(1.,-4.33509198406236E-16,-1.16845073141143E-16));
#6264=DIRECTION('center_axis',(4.38193304214201E-16,0.999048221581858,0.0436193873653357));
#6265=DIRECTION('ref_axis',(1.,-4.33509198406236E-16,-1.16845073141143E-16));
#6266=DIRECTION('',(1.,-4.38610764473792E-16,0.));
#6267=DIRECTION('',(-9.78244568705433E-17,0.0436193873653357,-0.999048221581858));
#6268=DIRECTION('center_axis',(-1.,4.33509198406236E-16,1.16845073141143E-16));
#6269=DIRECTION('ref_axis',(-9.78244568705433E-17,0.0436193873653357,-0.999048221581858));
#6270=DIRECTION('',(4.33509198406236E-16,1.,0.));
#6271=DIRECTION('',(-9.78244568705433E-17,0.0436193873653357,-0.999048221581858));
#6272=DIRECTION('center_axis',(4.38193304214201E-16,0.999048221581858,0.0436193873653357));
#6273=DIRECTION('ref_axis',(1.,-4.33509198406236E-16,-1.16845073141143E-16));
#6274=DIRECTION('',(1.,-4.38610764473792E-16,0.));
#6275=DIRECTION('',(-9.78244568705433E-17,0.0436193873653357,-0.999048221581858));
#6276=DIRECTION('center_axis',(-1.,4.33509198406236E-16,1.16845073141143E-16));
#6277=DIRECTION('ref_axis',(-9.78244568705433E-17,0.0436193873653357,-0.999048221581858));
#6278=DIRECTION('',(4.33509198406236E-16,1.,0.));
#6279=DIRECTION('center_axis',(4.38193304214201E-16,0.999048221581858,0.0436193873653357));
#6280=DIRECTION('ref_axis',(1.,-4.33509198406236E-16,-1.16845073141143E-16));
#6281=DIRECTION('',(-1.,4.38610764473792E-16,0.));
#6282=DIRECTION('',(-9.78244568705433E-17,0.0436193873653357,-0.999048221581858));
#6283=DIRECTION('',(-9.78244568705433E-17,0.0436193873653357,-0.999048221581858));
#6284=DIRECTION('center_axis',(1.,-4.33509198406236E-16,-1.16845073141143E-16));
#6285=DIRECTION('ref_axis',(-9.78244568705433E-17,0.0436193873653357,-0.999048221581858));
#6286=DIRECTION('',(4.33509198406236E-16,1.,0.));
#6287=DIRECTION('',(-9.78244568705433E-17,0.0436193873653357,-0.999048221581858));
#6288=DIRECTION('center_axis',(4.38193304214201E-16,0.999048221581858,0.0436193873653357));
#6289=DIRECTION('ref_axis',(1.,-4.33509198406236E-16,-1.16845073141143E-16));
#6290=DIRECTION('',(-1.,4.38610764473792E-16,0.));
#6291=DIRECTION('',(9.78244568705433E-17,-0.0436193873653357,0.999048221581858));
#6292=DIRECTION('center_axis',(-1.,4.33509198406236E-16,1.16845073141143E-16));
#6293=DIRECTION('ref_axis',(9.78244568705433E-17,-0.0436193873653357,0.999048221581858));
#6294=DIRECTION('',(-4.33509198406236E-16,-1.,0.));
#6295=DIRECTION('',(9.78244568705433E-17,-0.0436193873653357,0.999048221581858));
#6296=DIRECTION('center_axis',(4.38193304214201E-16,0.999048221581858,0.0436193873653357));
#6297=DIRECTION('ref_axis',(1.,-4.33509198406236E-16,-1.16845073141143E-16));
#6298=DIRECTION('',(-1.,4.38610764473792E-16,0.));
#6299=DIRECTION('',(9.78244568705433E-17,-0.0436193873653357,0.999048221581858));
#6300=DIRECTION('center_axis',(1.,-4.33509198406236E-16,-1.16845073141143E-16));
#6301=DIRECTION('ref_axis',(9.78244568705433E-17,-0.0436193873653357,0.999048221581858));
#6302=DIRECTION('',(-4.33509198406236E-16,-1.,0.));
#6303=DIRECTION('',(9.78244568705433E-17,-0.0436193873653357,0.999048221581858));
#6304=DIRECTION('center_axis',(4.38193304214201E-16,0.999048221581858,0.0436193873653357));
#6305=DIRECTION('ref_axis',(1.,-4.33509198406236E-16,-1.16845073141143E-16));
#6306=DIRECTION('',(1.,-4.38610764473792E-16,0.));
#6307=DIRECTION('',(9.78244568705433E-17,-0.0436193873653357,0.999048221581858));
#6308=DIRECTION('center_axis',(1.,-4.33509198406236E-16,-1.16845073141143E-16));
#6309=DIRECTION('ref_axis',(9.78244568705433E-17,-0.0436193873653357,0.999048221581858));
#6310=DIRECTION('',(-4.33509198406236E-16,-1.,0.));
#6311=DIRECTION('',(9.78244568705433E-17,-0.0436193873653357,0.999048221581858));
#6312=DIRECTION('center_axis',(4.38193304214201E-16,0.999048221581858,0.0436193873653357));
#6313=DIRECTION('ref_axis',(1.,-4.33509198406236E-16,-1.16845073141143E-16));
#6314=DIRECTION('',(1.,-4.38610764473792E-16,0.));
#6315=DIRECTION('center_axis',(4.38193304214201E-16,0.999048221581858,0.0436193873653357));
#6316=DIRECTION('ref_axis',(1.,-4.33509198406236E-16,-1.16845073141143E-16));
#6317=DIRECTION('center_axis',(4.38193304214201E-16,0.999048221581858,0.0436193873653357));
#6318=DIRECTION('ref_axis',(1.,-4.33509198406236E-16,-1.16845073141143E-16));
#6319=DIRECTION('',(1.,-4.38610764473792E-16,0.));
#6320=DIRECTION('center_axis',(4.38193304214201E-16,0.999048221581858,0.0436193873653357));
#6321=DIRECTION('ref_axis',(1.,-4.33509198406236E-16,-1.16845073141143E-16));
#6322=DIRECTION('center_axis',(-4.38193304214201E-16,-0.999048221581858,
-0.0436193873653357));
#6323=DIRECTION('ref_axis',(1.,-4.33509198406236E-16,-1.16845073141143E-16));
#6324=DIRECTION('center_axis',(0.,0.,-1.));
#6325=DIRECTION('ref_axis',(-4.33509198406236E-16,-1.,0.));
#6326=DIRECTION('center_axis',(0.,0.,-1.));
#6327=DIRECTION('ref_axis',(-4.33509198406236E-16,-1.,0.));
#6328=DIRECTION('center_axis',(4.38193304214201E-16,0.999048221581858,0.0436193873653357));
#6329=DIRECTION('ref_axis',(1.,-4.33509198406236E-16,-1.16845073141143E-16));
#6330=DIRECTION('center_axis',(4.38193304214201E-16,0.999048221581858,0.0436193873653357));
#6331=DIRECTION('ref_axis',(1.,-4.33509198406236E-16,-1.16845073141143E-16));
#6332=DIRECTION('',(1.,-4.38610764473792E-16,0.));
#6333=DIRECTION('',(-9.78244568705433E-17,0.0436193873653357,-0.999048221581858));
#6334=DIRECTION('center_axis',(-1.,4.33509198406236E-16,1.16845073141143E-16));
#6335=DIRECTION('ref_axis',(-9.78244568705433E-17,0.0436193873653357,-0.999048221581858));
#6336=DIRECTION('',(4.33509198406236E-16,1.,0.));
#6337=DIRECTION('',(-9.78244568705433E-17,0.0436193873653357,-0.999048221581858));
#6338=DIRECTION('center_axis',(4.38193304214201E-16,0.999048221581858,0.0436193873653357));
#6339=DIRECTION('ref_axis',(1.,-4.33509198406236E-16,-1.16845073141143E-16));
#6340=DIRECTION('',(1.,-4.38610764473792E-16,0.));
#6341=DIRECTION('',(-9.78244568705433E-17,0.0436193873653357,-0.999048221581858));
#6342=DIRECTION('center_axis',(-1.,4.33509198406236E-16,1.16845073141143E-16));
#6343=DIRECTION('ref_axis',(-9.78244568705433E-17,0.0436193873653357,-0.999048221581858));
#6344=DIRECTION('',(4.33509198406236E-16,1.,0.));
#6345=DIRECTION('center_axis',(4.38193304214201E-16,0.999048221581858,0.0436193873653357));
#6346=DIRECTION('ref_axis',(1.,-4.33509198406236E-16,-1.16845073141143E-16));
#6347=DIRECTION('',(-1.,4.38610764473792E-16,0.));
#6348=DIRECTION('',(-9.78244568705433E-17,0.0436193873653357,-0.999048221581858));
#6349=DIRECTION('',(-9.78244568705433E-17,0.0436193873653357,-0.999048221581858));
#6350=DIRECTION('center_axis',(1.,-4.33509198406236E-16,-1.16845073141143E-16));
#6351=DIRECTION('ref_axis',(-9.78244568705433E-17,0.0436193873653357,-0.999048221581858));
#6352=DIRECTION('',(4.33509198406236E-16,1.,0.));
#6353=DIRECTION('',(-9.78244568705433E-17,0.0436193873653357,-0.999048221581858));
#6354=DIRECTION('center_axis',(4.38193304214201E-16,0.999048221581858,0.0436193873653357));
#6355=DIRECTION('ref_axis',(1.,-4.33509198406236E-16,-1.16845073141143E-16));
#6356=DIRECTION('',(-1.,4.38610764473792E-16,0.));
#6357=DIRECTION('',(9.78244568705433E-17,-0.0436193873653357,0.999048221581858));
#6358=DIRECTION('center_axis',(-1.,4.33509198406236E-16,1.16845073141143E-16));
#6359=DIRECTION('ref_axis',(9.78244568705433E-17,-0.0436193873653357,0.999048221581858));
#6360=DIRECTION('',(-4.33509198406236E-16,-1.,0.));
#6361=DIRECTION('',(9.78244568705433E-17,-0.0436193873653357,0.999048221581858));
#6362=DIRECTION('center_axis',(4.38193304214201E-16,0.999048221581858,0.0436193873653357));
#6363=DIRECTION('ref_axis',(1.,-4.33509198406236E-16,-1.16845073141143E-16));
#6364=DIRECTION('',(-1.,4.38610764473792E-16,0.));
#6365=DIRECTION('',(9.78244568705433E-17,-0.0436193873653357,0.999048221581858));
#6366=DIRECTION('center_axis',(1.,-4.33509198406236E-16,-1.16845073141143E-16));
#6367=DIRECTION('ref_axis',(9.78244568705433E-17,-0.0436193873653357,0.999048221581858));
#6368=DIRECTION('',(-4.33509198406236E-16,-1.,0.));
#6369=DIRECTION('',(9.78244568705433E-17,-0.0436193873653357,0.999048221581858));
#6370=DIRECTION('center_axis',(4.38193304214201E-16,0.999048221581858,0.0436193873653357));
#6371=DIRECTION('ref_axis',(1.,-4.33509198406236E-16,-1.16845073141143E-16));
#6372=DIRECTION('',(1.,-4.38610764473792E-16,0.));
#6373=DIRECTION('',(9.78244568705433E-17,-0.0436193873653357,0.999048221581858));
#6374=DIRECTION('center_axis',(1.,-4.33509198406236E-16,-1.16845073141143E-16));
#6375=DIRECTION('ref_axis',(9.78244568705433E-17,-0.0436193873653357,0.999048221581858));
#6376=DIRECTION('',(-4.33509198406236E-16,-1.,0.));
#6377=DIRECTION('',(9.78244568705433E-17,-0.0436193873653357,0.999048221581858));
#6378=DIRECTION('center_axis',(4.38193304214201E-16,0.999048221581858,0.0436193873653357));
#6379=DIRECTION('ref_axis',(1.,-4.33509198406236E-16,-1.16845073141143E-16));
#6380=DIRECTION('',(1.,-4.38610764473792E-16,0.));
#6381=DIRECTION('center_axis',(4.38193304214201E-16,0.999048221581858,0.0436193873653357));
#6382=DIRECTION('ref_axis',(1.,-4.33509198406236E-16,-1.16845073141143E-16));
#6383=DIRECTION('center_axis',(4.38193304214201E-16,0.999048221581858,0.0436193873653357));
#6384=DIRECTION('ref_axis',(1.,-4.33509198406236E-16,-1.16845073141143E-16));
#6385=DIRECTION('',(1.,-4.38610764473792E-16,0.));
#6386=DIRECTION('center_axis',(4.38193304214201E-16,0.999048221581858,0.0436193873653357));
#6387=DIRECTION('ref_axis',(1.,-4.33509198406236E-16,-1.16845073141143E-16));
#6388=DIRECTION('center_axis',(-4.38193304214201E-16,-0.999048221581858,
-0.0436193873653357));
#6389=DIRECTION('ref_axis',(1.,-4.33509198406236E-16,-1.16845073141143E-16));
#6390=DIRECTION('center_axis',(0.,0.,-1.));
#6391=DIRECTION('ref_axis',(-4.33509198406236E-16,-1.,0.));
#6392=DIRECTION('center_axis',(0.,0.,-1.));
#6393=DIRECTION('ref_axis',(-4.33509198406236E-16,-1.,0.));
#6394=DIRECTION('center_axis',(4.38193304214201E-16,0.999048221581858,0.0436193873653357));
#6395=DIRECTION('ref_axis',(1.,-4.33509198406236E-16,-1.16845073141143E-16));
#6396=DIRECTION('center_axis',(4.38193304214201E-16,0.999048221581858,0.0436193873653357));
#6397=DIRECTION('ref_axis',(1.,-4.33509198406236E-16,-1.16845073141143E-16));
#6398=DIRECTION('',(1.,-4.38610764473792E-16,0.));
#6399=DIRECTION('',(-9.78244568705433E-17,0.0436193873653357,-0.999048221581858));
#6400=DIRECTION('center_axis',(-1.,4.33509198406236E-16,1.16845073141143E-16));
#6401=DIRECTION('ref_axis',(-9.78244568705433E-17,0.0436193873653357,-0.999048221581858));
#6402=DIRECTION('',(4.33509198406236E-16,1.,0.));
#6403=DIRECTION('',(-9.78244568705433E-17,0.0436193873653357,-0.999048221581858));
#6404=DIRECTION('center_axis',(4.38193304214201E-16,0.999048221581858,0.0436193873653357));
#6405=DIRECTION('ref_axis',(1.,-4.33509198406236E-16,-1.16845073141143E-16));
#6406=DIRECTION('',(1.,-4.38610764473792E-16,0.));
#6407=DIRECTION('',(-9.78244568705433E-17,0.0436193873653357,-0.999048221581858));
#6408=DIRECTION('center_axis',(-1.,4.33509198406236E-16,1.16845073141143E-16));
#6409=DIRECTION('ref_axis',(-9.78244568705433E-17,0.0436193873653357,-0.999048221581858));
#6410=DIRECTION('',(4.33509198406236E-16,1.,0.));
#6411=DIRECTION('center_axis',(4.38193304214201E-16,0.999048221581858,0.0436193873653357));
#6412=DIRECTION('ref_axis',(1.,-4.33509198406236E-16,-1.16845073141143E-16));
#6413=DIRECTION('',(-1.,4.38610764473792E-16,0.));
#6414=DIRECTION('',(-9.78244568705433E-17,0.0436193873653357,-0.999048221581858));
#6415=DIRECTION('',(-9.78244568705433E-17,0.0436193873653357,-0.999048221581858));
#6416=DIRECTION('center_axis',(1.,-4.33509198406236E-16,-1.16845073141143E-16));
#6417=DIRECTION('ref_axis',(-9.78244568705433E-17,0.0436193873653357,-0.999048221581858));
#6418=DIRECTION('',(4.33509198406236E-16,1.,0.));
#6419=DIRECTION('',(-9.78244568705433E-17,0.0436193873653357,-0.999048221581858));
#6420=DIRECTION('center_axis',(4.38193304214201E-16,0.999048221581858,0.0436193873653357));
#6421=DIRECTION('ref_axis',(1.,-4.33509198406236E-16,-1.16845073141143E-16));
#6422=DIRECTION('',(-1.,4.38610764473792E-16,0.));
#6423=DIRECTION('',(9.78244568705433E-17,-0.0436193873653357,0.999048221581858));
#6424=DIRECTION('center_axis',(-1.,4.33509198406236E-16,1.16845073141143E-16));
#6425=DIRECTION('ref_axis',(9.78244568705433E-17,-0.0436193873653357,0.999048221581858));
#6426=DIRECTION('',(-4.33509198406236E-16,-1.,0.));
#6427=DIRECTION('',(9.78244568705433E-17,-0.0436193873653357,0.999048221581858));
#6428=DIRECTION('center_axis',(4.38193304214201E-16,0.999048221581858,0.0436193873653357));
#6429=DIRECTION('ref_axis',(1.,-4.33509198406236E-16,-1.16845073141143E-16));
#6430=DIRECTION('',(-1.,4.38610764473792E-16,0.));
#6431=DIRECTION('',(9.78244568705433E-17,-0.0436193873653357,0.999048221581858));
#6432=DIRECTION('center_axis',(1.,-4.33509198406236E-16,-1.16845073141143E-16));
#6433=DIRECTION('ref_axis',(9.78244568705433E-17,-0.0436193873653357,0.999048221581858));
#6434=DIRECTION('',(-4.33509198406236E-16,-1.,0.));
#6435=DIRECTION('',(9.78244568705433E-17,-0.0436193873653357,0.999048221581858));
#6436=DIRECTION('center_axis',(4.38193304214201E-16,0.999048221581858,0.0436193873653357));
#6437=DIRECTION('ref_axis',(1.,-4.33509198406236E-16,-1.16845073141143E-16));
#6438=DIRECTION('',(1.,-4.38610764473792E-16,0.));
#6439=DIRECTION('',(9.78244568705433E-17,-0.0436193873653357,0.999048221581858));
#6440=DIRECTION('center_axis',(1.,-4.33509198406236E-16,-1.16845073141143E-16));
#6441=DIRECTION('ref_axis',(9.78244568705433E-17,-0.0436193873653357,0.999048221581858));
#6442=DIRECTION('',(-4.33509198406236E-16,-1.,0.));
#6443=DIRECTION('',(9.78244568705433E-17,-0.0436193873653357,0.999048221581858));
#6444=DIRECTION('center_axis',(4.38193304214201E-16,0.999048221581858,0.0436193873653357));
#6445=DIRECTION('ref_axis',(1.,-4.33509198406236E-16,-1.16845073141143E-16));
#6446=DIRECTION('',(1.,-4.38610764473792E-16,0.));
#6447=DIRECTION('center_axis',(4.38193304214201E-16,0.999048221581858,0.0436193873653357));
#6448=DIRECTION('ref_axis',(1.,-4.33509198406236E-16,-1.16845073141143E-16));
#6449=DIRECTION('center_axis',(4.38193304214201E-16,0.999048221581858,0.0436193873653357));
#6450=DIRECTION('ref_axis',(1.,-4.33509198406236E-16,-1.16845073141143E-16));
#6451=DIRECTION('',(1.,-4.38610764473792E-16,0.));
#6452=DIRECTION('center_axis',(4.38193304214201E-16,0.999048221581858,0.0436193873653357));
#6453=DIRECTION('ref_axis',(1.,-4.33509198406236E-16,-1.16845073141143E-16));
#6454=DIRECTION('center_axis',(-4.38193304214201E-16,-0.999048221581858,
-0.0436193873653357));
#6455=DIRECTION('ref_axis',(1.,-4.33509198406236E-16,-1.16845073141143E-16));
#6456=DIRECTION('center_axis',(0.,0.,-1.));
#6457=DIRECTION('ref_axis',(-4.33509198406236E-16,-1.,0.));
#6458=DIRECTION('center_axis',(0.,0.,-1.));
#6459=DIRECTION('ref_axis',(-4.33509198406236E-16,-1.,0.));
#6460=DIRECTION('center_axis',(4.38193304214201E-16,0.999048221581858,0.0436193873653357));
#6461=DIRECTION('ref_axis',(1.,-4.33509198406236E-16,-1.16845073141143E-16));
#6462=DIRECTION('center_axis',(4.38193304214201E-16,0.999048221581858,0.0436193873653357));
#6463=DIRECTION('ref_axis',(1.,-4.33509198406236E-16,-1.16845073141143E-16));
#6464=DIRECTION('',(1.,-4.38610764473792E-16,0.));
#6465=DIRECTION('',(-9.78244568705433E-17,0.0436193873653357,-0.999048221581858));
#6466=DIRECTION('center_axis',(-1.,4.33509198406236E-16,1.16845073141143E-16));
#6467=DIRECTION('ref_axis',(-9.78244568705433E-17,0.0436193873653357,-0.999048221581858));
#6468=DIRECTION('',(4.33509198406236E-16,1.,0.));
#6469=DIRECTION('',(-9.78244568705433E-17,0.0436193873653357,-0.999048221581858));
#6470=DIRECTION('center_axis',(4.38193304214201E-16,0.999048221581858,0.0436193873653357));
#6471=DIRECTION('ref_axis',(1.,-4.33509198406236E-16,-1.16845073141143E-16));
#6472=DIRECTION('',(1.,-4.38610764473792E-16,0.));
#6473=DIRECTION('',(-9.78244568705433E-17,0.0436193873653357,-0.999048221581858));
#6474=DIRECTION('center_axis',(-1.,4.33509198406236E-16,1.16845073141143E-16));
#6475=DIRECTION('ref_axis',(-9.78244568705433E-17,0.0436193873653357,-0.999048221581858));
#6476=DIRECTION('',(4.33509198406236E-16,1.,0.));
#6477=DIRECTION('center_axis',(4.38193304214201E-16,0.999048221581858,0.0436193873653357));
#6478=DIRECTION('ref_axis',(1.,-4.33509198406236E-16,-1.16845073141143E-16));
#6479=DIRECTION('',(-1.,4.38610764473792E-16,0.));
#6480=DIRECTION('',(-9.78244568705433E-17,0.0436193873653357,-0.999048221581858));
#6481=DIRECTION('',(-9.78244568705433E-17,0.0436193873653357,-0.999048221581858));
#6482=DIRECTION('center_axis',(1.,-4.33509198406236E-16,-1.16845073141143E-16));
#6483=DIRECTION('ref_axis',(-9.78244568705433E-17,0.0436193873653357,-0.999048221581858));
#6484=DIRECTION('',(4.33509198406236E-16,1.,0.));
#6485=DIRECTION('',(-9.78244568705433E-17,0.0436193873653357,-0.999048221581858));
#6486=DIRECTION('center_axis',(4.38193304214201E-16,0.999048221581858,0.0436193873653357));
#6487=DIRECTION('ref_axis',(1.,-4.33509198406236E-16,-1.16845073141143E-16));
#6488=DIRECTION('',(-1.,4.38610764473792E-16,0.));
#6489=DIRECTION('',(9.78244568705433E-17,-0.0436193873653357,0.999048221581858));
#6490=DIRECTION('center_axis',(-1.,4.33509198406236E-16,1.16845073141143E-16));
#6491=DIRECTION('ref_axis',(9.78244568705433E-17,-0.0436193873653357,0.999048221581858));
#6492=DIRECTION('',(-4.33509198406236E-16,-1.,0.));
#6493=DIRECTION('',(9.78244568705433E-17,-0.0436193873653357,0.999048221581858));
#6494=DIRECTION('center_axis',(4.38193304214201E-16,0.999048221581858,0.0436193873653357));
#6495=DIRECTION('ref_axis',(1.,-4.33509198406236E-16,-1.16845073141143E-16));
#6496=DIRECTION('',(-1.,4.38610764473792E-16,0.));
#6497=DIRECTION('',(9.78244568705433E-17,-0.0436193873653357,0.999048221581858));
#6498=DIRECTION('center_axis',(1.,-4.33509198406236E-16,-1.16845073141143E-16));
#6499=DIRECTION('ref_axis',(9.78244568705433E-17,-0.0436193873653357,0.999048221581858));
#6500=DIRECTION('',(-4.33509198406236E-16,-1.,0.));
#6501=DIRECTION('',(9.78244568705433E-17,-0.0436193873653357,0.999048221581858));
#6502=DIRECTION('center_axis',(4.38193304214201E-16,0.999048221581858,0.0436193873653357));
#6503=DIRECTION('ref_axis',(1.,-4.33509198406236E-16,-1.16845073141143E-16));
#6504=DIRECTION('',(1.,-4.38610764473792E-16,0.));
#6505=DIRECTION('',(9.78244568705433E-17,-0.0436193873653357,0.999048221581858));
#6506=DIRECTION('center_axis',(1.,-4.33509198406236E-16,-1.16845073141143E-16));
#6507=DIRECTION('ref_axis',(9.78244568705433E-17,-0.0436193873653357,0.999048221581858));
#6508=DIRECTION('',(-4.33509198406236E-16,-1.,0.));
#6509=DIRECTION('',(9.78244568705433E-17,-0.0436193873653357,0.999048221581858));
#6510=DIRECTION('center_axis',(4.38193304214201E-16,0.999048221581858,0.0436193873653357));
#6511=DIRECTION('ref_axis',(1.,-4.33509198406236E-16,-1.16845073141143E-16));
#6512=DIRECTION('',(1.,-4.38610764473792E-16,0.));
#6513=DIRECTION('center_axis',(4.38193304214201E-16,0.999048221581858,0.0436193873653357));
#6514=DIRECTION('ref_axis',(1.,-4.33509198406236E-16,-1.16845073141143E-16));
#6515=DIRECTION('center_axis',(4.38193304214201E-16,0.999048221581858,0.0436193873653357));
#6516=DIRECTION('ref_axis',(1.,-4.33509198406236E-16,-1.16845073141143E-16));
#6517=DIRECTION('',(1.,-4.38610764473792E-16,0.));
#6518=DIRECTION('center_axis',(4.38193304214201E-16,0.999048221581858,0.0436193873653357));
#6519=DIRECTION('ref_axis',(1.,-4.33509198406236E-16,-1.16845073141143E-16));
#6520=DIRECTION('center_axis',(-4.38193304214201E-16,-0.999048221581858,
-0.0436193873653357));
#6521=DIRECTION('ref_axis',(1.,-4.33509198406236E-16,-1.16845073141143E-16));
#6522=DIRECTION('center_axis',(0.,0.,-1.));
#6523=DIRECTION('ref_axis',(-4.33509198406236E-16,-1.,0.));
#6524=DIRECTION('center_axis',(0.,0.,-1.));
#6525=DIRECTION('ref_axis',(-4.33509198406236E-16,-1.,0.));
#6526=DIRECTION('center_axis',(4.38193304214201E-16,0.999048221581858,0.0436193873653357));
#6527=DIRECTION('ref_axis',(1.,-4.33509198406236E-16,-1.16845073141143E-16));
#6528=DIRECTION('center_axis',(4.38193304214201E-16,0.999048221581858,0.0436193873653357));
#6529=DIRECTION('ref_axis',(1.,-4.33509198406236E-16,-1.16845073141143E-16));
#6530=DIRECTION('',(1.,-4.38610764473792E-16,0.));
#6531=DIRECTION('',(-9.78244568705433E-17,0.0436193873653357,-0.999048221581858));
#6532=DIRECTION('center_axis',(-1.,4.33509198406236E-16,1.16845073141143E-16));
#6533=DIRECTION('ref_axis',(-9.78244568705433E-17,0.0436193873653357,-0.999048221581858));
#6534=DIRECTION('',(4.33509198406236E-16,1.,0.));
#6535=DIRECTION('',(-9.78244568705433E-17,0.0436193873653357,-0.999048221581858));
#6536=DIRECTION('center_axis',(4.38193304214201E-16,0.999048221581858,0.0436193873653357));
#6537=DIRECTION('ref_axis',(1.,-4.33509198406236E-16,-1.16845073141143E-16));
#6538=DIRECTION('',(1.,-4.38610764473792E-16,0.));
#6539=DIRECTION('',(-9.78244568705433E-17,0.0436193873653357,-0.999048221581858));
#6540=DIRECTION('center_axis',(-1.,4.33509198406236E-16,1.16845073141143E-16));
#6541=DIRECTION('ref_axis',(-9.78244568705433E-17,0.0436193873653357,-0.999048221581858));
#6542=DIRECTION('',(4.33509198406236E-16,1.,0.));
#6543=DIRECTION('center_axis',(4.38193304214201E-16,0.999048221581858,0.0436193873653357));
#6544=DIRECTION('ref_axis',(1.,-4.33509198406236E-16,-1.16845073141143E-16));
#6545=DIRECTION('',(-1.,4.38610764473792E-16,0.));
#6546=DIRECTION('',(-9.78244568705433E-17,0.0436193873653357,-0.999048221581858));
#6547=DIRECTION('',(-9.78244568705433E-17,0.0436193873653357,-0.999048221581858));
#6548=DIRECTION('center_axis',(1.,-4.33509198406236E-16,-1.16845073141143E-16));
#6549=DIRECTION('ref_axis',(-9.78244568705433E-17,0.0436193873653357,-0.999048221581858));
#6550=DIRECTION('',(4.33509198406236E-16,1.,0.));
#6551=DIRECTION('',(-9.78244568705433E-17,0.0436193873653357,-0.999048221581858));
#6552=DIRECTION('center_axis',(4.38193304214201E-16,0.999048221581858,0.0436193873653357));
#6553=DIRECTION('ref_axis',(1.,-4.33509198406236E-16,-1.16845073141143E-16));
#6554=DIRECTION('',(-1.,4.38610764473792E-16,0.));
#6555=DIRECTION('',(9.78244568705433E-17,-0.0436193873653357,0.999048221581858));
#6556=DIRECTION('center_axis',(-1.,4.33509198406236E-16,1.16845073141143E-16));
#6557=DIRECTION('ref_axis',(9.78244568705433E-17,-0.0436193873653357,0.999048221581858));
#6558=DIRECTION('',(-4.33509198406236E-16,-1.,0.));
#6559=DIRECTION('',(9.78244568705433E-17,-0.0436193873653357,0.999048221581858));
#6560=DIRECTION('center_axis',(4.38193304214201E-16,0.999048221581858,0.0436193873653357));
#6561=DIRECTION('ref_axis',(1.,-4.33509198406236E-16,-1.16845073141143E-16));
#6562=DIRECTION('',(-1.,4.38610764473792E-16,0.));
#6563=DIRECTION('',(9.78244568705433E-17,-0.0436193873653357,0.999048221581858));
#6564=DIRECTION('center_axis',(1.,-4.33509198406236E-16,-1.16845073141143E-16));
#6565=DIRECTION('ref_axis',(9.78244568705433E-17,-0.0436193873653357,0.999048221581858));
#6566=DIRECTION('',(-4.33509198406236E-16,-1.,0.));
#6567=DIRECTION('',(9.78244568705433E-17,-0.0436193873653357,0.999048221581858));
#6568=DIRECTION('center_axis',(4.38193304214201E-16,0.999048221581858,0.0436193873653357));
#6569=DIRECTION('ref_axis',(1.,-4.33509198406236E-16,-1.16845073141143E-16));
#6570=DIRECTION('',(1.,-4.38610764473792E-16,0.));
#6571=DIRECTION('',(9.78244568705433E-17,-0.0436193873653357,0.999048221581858));
#6572=DIRECTION('center_axis',(1.,-4.33509198406236E-16,-1.16845073141143E-16));
#6573=DIRECTION('ref_axis',(9.78244568705433E-17,-0.0436193873653357,0.999048221581858));
#6574=DIRECTION('',(-4.33509198406236E-16,-1.,0.));
#6575=DIRECTION('',(9.78244568705433E-17,-0.0436193873653357,0.999048221581858));
#6576=DIRECTION('center_axis',(4.38193304214201E-16,0.999048221581858,0.0436193873653357));
#6577=DIRECTION('ref_axis',(1.,-4.33509198406236E-16,-1.16845073141143E-16));
#6578=DIRECTION('',(1.,-4.38610764473792E-16,0.));
#6579=DIRECTION('center_axis',(4.38193304214201E-16,0.999048221581858,0.0436193873653357));
#6580=DIRECTION('ref_axis',(1.,-4.33509198406236E-16,-1.16845073141143E-16));
#6581=DIRECTION('center_axis',(4.38193304214201E-16,0.999048221581858,0.0436193873653357));
#6582=DIRECTION('ref_axis',(1.,-4.33509198406236E-16,-1.16845073141143E-16));
#6583=DIRECTION('',(1.,-4.38610764473792E-16,0.));
#6584=DIRECTION('center_axis',(4.38193304214201E-16,0.999048221581858,0.0436193873653357));
#6585=DIRECTION('ref_axis',(1.,-4.33509198406236E-16,-1.16845073141143E-16));
#6586=DIRECTION('center_axis',(-4.38193304214201E-16,-0.999048221581858,
-0.0436193873653357));
#6587=DIRECTION('ref_axis',(1.,-4.33509198406236E-16,-1.16845073141143E-16));
#6588=DIRECTION('center_axis',(0.,0.,-1.));
#6589=DIRECTION('ref_axis',(-4.33509198406236E-16,-1.,0.));
#6590=DIRECTION('center_axis',(0.,0.,-1.));
#6591=DIRECTION('ref_axis',(-4.33509198406236E-16,-1.,0.));
#6592=DIRECTION('center_axis',(4.38193304214201E-16,0.999048221581858,0.0436193873653357));
#6593=DIRECTION('ref_axis',(1.,-4.33509198406236E-16,-1.16845073141143E-16));
#6594=DIRECTION('center_axis',(4.38193304214201E-16,0.999048221581858,0.0436193873653357));
#6595=DIRECTION('ref_axis',(1.,-4.33509198406236E-16,-1.16845073141143E-16));
#6596=DIRECTION('',(1.,-4.38610764473792E-16,0.));
#6597=DIRECTION('',(-9.78244568705433E-17,0.0436193873653357,-0.999048221581858));
#6598=DIRECTION('center_axis',(-1.,4.33509198406236E-16,1.16845073141143E-16));
#6599=DIRECTION('ref_axis',(-9.78244568705433E-17,0.0436193873653357,-0.999048221581858));
#6600=DIRECTION('',(4.33509198406236E-16,1.,0.));
#6601=DIRECTION('',(-9.78244568705433E-17,0.0436193873653357,-0.999048221581858));
#6602=DIRECTION('center_axis',(4.38193304214201E-16,0.999048221581858,0.0436193873653357));
#6603=DIRECTION('ref_axis',(1.,-4.33509198406236E-16,-1.16845073141143E-16));
#6604=DIRECTION('',(1.,-4.38610764473792E-16,0.));
#6605=DIRECTION('',(-9.78244568705433E-17,0.0436193873653357,-0.999048221581858));
#6606=DIRECTION('center_axis',(-1.,4.33509198406236E-16,1.16845073141143E-16));
#6607=DIRECTION('ref_axis',(-9.78244568705433E-17,0.0436193873653357,-0.999048221581858));
#6608=DIRECTION('',(4.33509198406236E-16,1.,0.));
#6609=DIRECTION('center_axis',(0.,0.,-1.));
#6610=DIRECTION('ref_axis',(-1.,9.19688431535636E-83,0.));
#6611=DIRECTION('center_axis',(0.,0.,-1.));
#6612=DIRECTION('ref_axis',(-1.,9.19688431535636E-83,0.));
#6613=DIRECTION('',(0.,0.,1.));
#6614=DIRECTION('center_axis',(0.,-1.,0.));
#6615=DIRECTION('ref_axis',(1.,0.,0.));
#6616=DIRECTION('',(0.,0.,1.));
#6617=DIRECTION('',(-1.,0.,0.));
#6618=DIRECTION('',(0.,0.,1.));
#6619=DIRECTION('center_axis',(-1.64682196532155E-9,1.,-1.82833966335844E-24));
#6620=DIRECTION('ref_axis',(-0.707106781161125,-1.16447791305046E-9,-0.70710678121197));
#6621=DIRECTION('center_axis',(0.,1.,0.));
#6622=DIRECTION('ref_axis',(0.,0.,-1.));
#6623=DIRECTION('center_axis',(-1.64682203676294E-9,1.,0.));
#6624=DIRECTION('ref_axis',(-0.707106781161125,-1.16447791305046E-9,-0.70710678121197));
#6625=DIRECTION('',(-1.64682196532155E-9,1.,-1.82833966335844E-24));
#6626=DIRECTION('center_axis',(0.,1.,0.));
#6627=DIRECTION('ref_axis',(-0.707106781186549,0.,-0.707106781186546));
#6628=DIRECTION('',(0.,1.,0.));
#6629=DIRECTION('center_axis',(0.,1.,0.));
#6630=DIRECTION('ref_axis',(0.,0.,-1.));
#6631=DIRECTION('center_axis',(1.11022302462516E-15,0.,-1.));
#6632=DIRECTION('ref_axis',(-0.707106745693064,0.70710681668003,-7.63278329429796E-16));
#6633=DIRECTION('center_axis',(0.999999999999995,-1.00390731283539E-7,0.));
#6634=DIRECTION('ref_axis',(0.,0.,-1.));
#6635=DIRECTION('center_axis',(-0.999999999999995,1.00390729211825E-7,-1.11022302462515E-15));
#6636=DIRECTION('ref_axis',(7.09869699990522E-8,0.707106781186544,-0.707106781186547));
#6637=DIRECTION('',(0.999999999999995,-1.00390729211825E-7,1.11022302462515E-15));
#6638=DIRECTION('center_axis',(-1.,1.11022302462515E-14,4.81482486096805E-31));
#6639=DIRECTION('ref_axis',(0.,-4.336808689942E-17,1.));
#6640=DIRECTION('center_axis',(-6.93889390390707E-16,-8.21358777331543E-17,
-1.));
#6641=DIRECTION('ref_axis',(-1.,-5.2041704279303E-16,6.93889390390707E-16));
#6642=DIRECTION('center_axis',(0.,0.,1.));
#6643=DIRECTION('ref_axis',(-0.747512412888102,0.664247839724156,0.));
#6644=DIRECTION('',(0.,0.,1.));
#6645=DIRECTION('center_axis',(0.,0.,1.));
#6646=DIRECTION('ref_axis',(0.707106781186543,0.707106781186552,0.));
#6647=DIRECTION('center_axis',(1.30908820490553E-37,0.0436193883768894,
-0.999048221537692));
#6648=DIRECTION('ref_axis',(-5.91555380406379E-15,0.999048221537692,0.0436193883768894));
#6649=DIRECTION('center_axis',(0.,0.,1.));
#6650=DIRECTION('ref_axis',(0.707106781186543,0.707106781186552,0.));
#6651=DIRECTION('',(0.,0.,1.));
#6652=DIRECTION('',(0.,0.,1.));
#6653=DIRECTION('center_axis',(1.30908820490553E-37,0.0436193883768894,
-0.999048221537692));
#6654=DIRECTION('ref_axis',(-1.,5.71016255051661E-39,-1.30784224300465E-37));
#6655=DIRECTION('',(1.,-5.7101626829379E-39,1.30784224294684E-37));
#6656=DIRECTION('center_axis',(1.30908820490553E-37,0.0436193883768894,
-0.999048221537692));
#6657=DIRECTION('ref_axis',(0.707106781186545,0.706433772181665,0.0308435653125083));
#6658=DIRECTION('',(0.,-0.999048221537692,-0.0436193883768894));
#6659=DIRECTION('center_axis',(1.30908820490553E-37,0.0436193883768894,
-0.999048221537692));
#6660=DIRECTION('ref_axis',(0.,-0.999048221537692,-0.0436193883768894));
#6661=DIRECTION('',(-1.,5.71016255051661E-39,-1.30784224300465E-37));
#6662=DIRECTION('center_axis',(1.30908820490553E-37,0.0436193883768894,
-0.999048221537692));
#6663=DIRECTION('ref_axis',(0.,-0.999048221537692,-0.0436193883768894));
#6664=DIRECTION('',(-2.38486412845445E-17,0.999048221537692,0.0436193883768894));
#6665=DIRECTION('center_axis',(1.30908820490553E-37,0.0436193883768894,
-0.999048221537692));
#6666=DIRECTION('ref_axis',(6.65499802957176E-15,-0.999048221537692,-0.0436193883768894));
#6667=DIRECTION('',(1.,-1.06195245833711E-16,-4.63658467323051E-18));
#6668=DIRECTION('center_axis',(0.,0.,1.));
#6669=DIRECTION('ref_axis',(-0.707106781186543,-0.707106781186552,0.));
#6670=DIRECTION('',(0.,0.,-1.));
#6671=DIRECTION('center_axis',(0.,0.,1.));
#6672=DIRECTION('ref_axis',(-0.707106781186543,-0.707106781186552,0.));
#6673=DIRECTION('center_axis',(0.,1.,0.));
#6674=DIRECTION('ref_axis',(-1.,0.,0.));
#6675=DIRECTION('',(0.,0.,1.));
#6676=DIRECTION('',(-0.999999999999995,1.00390729211825E-7,0.));
#6677=DIRECTION('',(0.,0.,1.));
#6678=DIRECTION('',(-1.,0.,0.));
#6679=DIRECTION('center_axis',(0.,0.,1.));
#6680=DIRECTION('ref_axis',(1.,0.,0.));
#6681=DIRECTION('',(0.,-1.,0.));
#6682=DIRECTION('',(1.,-1.06195245833711E-16,6.27517361744654E-17));
#6683=DIRECTION('',(2.38713615323169E-17,-1.,1.5516384996006E-16));
#6684=DIRECTION('center_axis',(0.,0.,1.));
#6685=DIRECTION('ref_axis',(-1.,-1.23579616193483E-13,0.));
#6686=DIRECTION('',(-0.999999999999995,1.00390729211825E-7,0.));
#6687=DIRECTION('',(-1.,0.,0.));
#6688=DIRECTION('center_axis',(0.,0.,-1.));
#6689=DIRECTION('ref_axis',(1.,8.67147846314927E-17,0.));
#6690=DIRECTION('',(-2.22256147022726E-15,-1.,0.));
#6691=DIRECTION('center_axis',(0.,0.,1.));
#6692=DIRECTION('ref_axis',(-1.,7.41936788806194E-18,0.));
#6693=DIRECTION('center_axis',(0.,1.,0.));
#6694=DIRECTION('ref_axis',(-1.,0.,0.));
#6695=DIRECTION('',(-0.999999999999995,1.00390729211825E-7,0.));
#6696=DIRECTION('',(0.,0.,1.));
#6697=DIRECTION('',(0.,0.,1.));
#6698=DIRECTION('center_axis',(-0.999999999999995,1.00390729211825E-7,0.));
#6699=DIRECTION('ref_axis',(7.09869652887745E-8,0.707106781186542,0.70710678118655));
#6700=DIRECTION('',(-0.999999999999995,1.00390729211825E-7,0.));
#6701=DIRECTION('center_axis',(0.707106781186545,-7.09869652887748E-8,-0.707106781186547));
#6702=DIRECTION('ref_axis',(0.707106781186543,-7.0986965227443E-8,0.707106781186548));
#6703=DIRECTION('center_axis',(9.71445153784843E-16,-9.75240873777543E-23,
-1.));
#6704=DIRECTION('ref_axis',(0.70710681668003,0.707106745693064,0.));
#6705=DIRECTION('center_axis',(0.,0.,-1.));
#6706=DIRECTION('ref_axis',(1.00390729063093E-7,0.999999999999995,0.));
#6707=DIRECTION('',(9.71445153784843E-16,-9.75240873777543E-23,-1.));
#6708=DIRECTION('',(-9.71445153784843E-16,9.75240873777543E-23,1.));
#6709=DIRECTION('center_axis',(-1.,0.,-9.71445153784843E-16));
#6710=DIRECTION('ref_axis',(0.,1.,0.));
#6711=DIRECTION('center_axis',(1.11022302462516E-15,0.,-1.));
#6712=DIRECTION('ref_axis',(0.707106780603755,0.70710678176934,7.63278329429794E-16));
#6713=DIRECTION('center_axis',(0.,1.,0.));
#6714=DIRECTION('ref_axis',(1.,0.,2.22044604925031E-15));
#6715=DIRECTION('center_axis',(-1.11022302462516E-15,0.,1.));
#6716=DIRECTION('ref_axis',(0.707106780603755,0.70710678176934,7.85046228694858E-16));
#6717=DIRECTION('center_axis',(-1.,0.,-9.71445153784843E-16));
#6718=DIRECTION('ref_axis',(0.,1.,0.));
#6719=DIRECTION('center_axis',(0.,-1.,0.));
#6720=DIRECTION('ref_axis',(0.707106781186548,0.,-0.707106781186547));
#6721=DIRECTION('center_axis',(0.,1.,0.));
#6722=DIRECTION('ref_axis',(1.,0.,0.));
#6723=DIRECTION('',(0.,1.,0.));
#6724=DIRECTION('',(0.,-1.,0.));
#6725=DIRECTION('center_axis',(-1.11022302462516E-15,0.,1.));
#6726=DIRECTION('ref_axis',(1.,0.,1.11022302462516E-15));
#6727=DIRECTION('',(-1.64682196532155E-9,1.,-1.82833966335844E-24));
#6728=DIRECTION('',(-1.,-1.64682203676294E-9,-1.11022302462516E-15));
#6729=DIRECTION('',(0.,-1.,0.));
#6730=DIRECTION('center_axis',(1.64682196532155E-9,-1.,1.82833966335844E-24));
#6731=DIRECTION('ref_axis',(0.707106781211969,1.16447948322665E-9,-0.707106781161126));
#6732=DIRECTION('',(1.64682196532155E-9,-1.,1.82833966335844E-24));
#6733=DIRECTION('center_axis',(-1.64682203676294E-9,1.,0.));
#6734=DIRECTION('ref_axis',(0.707106781211969,1.16447948322665E-9,-0.707106781161126));
#6735=DIRECTION('center_axis',(-1.,0.,-9.71445153784843E-16));
#6736=DIRECTION('ref_axis',(9.71445153784843E-16,0.,-1.));
#6737=DIRECTION('',(0.,0.,1.));
#6738=DIRECTION('center_axis',(1.64682203676294E-9,-1.,0.));
#6739=DIRECTION('ref_axis',(1.,1.64682203676294E-9,0.));
#6740=DIRECTION('',(0.,0.,1.));
#6741=DIRECTION('',(-1.,-1.64682203676294E-9,0.));
#6742=DIRECTION('center_axis',(0.,0.,1.));
#6743=DIRECTION('ref_axis',(1.,0.,0.));
#6744=DIRECTION('',(-0.999999999999995,1.00390729211825E-7,0.));
#6745=DIRECTION('',(2.61176246587943E-17,-1.,0.));
#6746=DIRECTION('',(1.,0.,0.));
#6747=DIRECTION('',(0.,1.,0.));
#6748=DIRECTION('',(-1.,4.50090415388577E-17,0.));
#6749=DIRECTION('center_axis',(1.64682203676294E-9,-1.,0.));
#6750=DIRECTION('ref_axis',(1.,1.64682203676294E-9,0.));
#6751=DIRECTION('',(7.1901801479002E-11,1.18409471158575E-19,-1.));
#6752=DIRECTION('center_axis',(1.,1.64682196532155E-9,7.1901801479002E-11));
#6753=DIRECTION('ref_axis',(0.,-0.0436193883768894,0.999048221537692));
#6754=DIRECTION('',(0.,0.0436193883768894,-0.999048221537692));
#6755=DIRECTION('center_axis',(1.,0.,0.));
#6756=DIRECTION('ref_axis',(0.,-0.999048221537692,-0.0436193883768894));
#6757=DIRECTION('',(0.,0.,1.));
#6758=DIRECTION('center_axis',(0.,0.,1.));
#6759=DIRECTION('ref_axis',(-0.707106745693064,0.70710681668003,0.));
#6760=DIRECTION('',(0.,0.,-1.));
#6761=DIRECTION('center_axis',(1.00390729211825E-7,0.999999999999995,0.));
#6762=DIRECTION('ref_axis',(-0.999999999999995,1.00390729211825E-7,0.));
#6763=DIRECTION('',(0.,0.,1.));
#6764=DIRECTION('',(0.,0.,1.));
#6765=DIRECTION('',(0.,0.,1.));
#6766=DIRECTION('center_axis',(-1.,2.22256147022726E-15,0.));
#6767=DIRECTION('ref_axis',(-2.22256147022726E-15,-1.,0.));
#6768=DIRECTION('',(0.,0.,1.));
#6769=DIRECTION('',(0.,0.,1.));
#6770=DIRECTION('center_axis',(-1.,0.,0.));
#6771=DIRECTION('ref_axis',(0.,-1.,0.));
#6772=DIRECTION('',(0.,0.,1.));
#6773=DIRECTION('center_axis',(0.,0.999048221537692,0.0436193883768893));
#6774=DIRECTION('ref_axis',(0.,-0.0436193883768893,0.999048221537692));
#6775=DIRECTION('',(0.,0.,1.));
#6776=DIRECTION('',(1.,-1.06195245833711E-16,-6.08993913605248E-18));
#6777=DIRECTION('',(0.,-0.0436193883768893,0.999048221537692));
#6778=DIRECTION('center_axis',(1.06195245833711E-16,1.,0.));
#6779=DIRECTION('ref_axis',(-1.,1.06195245833711E-16,-6.27517361744654E-17));
#6780=DIRECTION('',(1.,-1.06195245833711E-16,-6.08993913605248E-18));
#6781=DIRECTION('center_axis',(1.06195245833711E-16,1.,0.));
#6782=DIRECTION('ref_axis',(-1.,1.06195245833711E-16,-6.27517361744654E-17));
#6783=DIRECTION('center_axis',(0.,0.0436193883768893,-0.999048221537692));
#6784=DIRECTION('ref_axis',(0.707106781186545,0.706433772181665,0.0308435653125083));
#6785=DIRECTION('',(0.,0.0436193883768893,-0.999048221537692));
#6786=DIRECTION('center_axis',(1.,0.,0.));
#6787=DIRECTION('ref_axis',(0.,0.999048221581858,0.0436193873653357));
#6788=DIRECTION('',(0.,-0.0436193873653357,0.999048221581858));
#6789=DIRECTION('center_axis',(0.,-0.0436193873653357,0.999048221581858));
#6790=DIRECTION('ref_axis',(0.,-0.999048221581858,-0.0436193873653357));
#6791=DIRECTION('',(0.,-0.0436193873653357,0.999048221581858));
#6792=DIRECTION('center_axis',(0.,-0.999048221581858,-0.0436193873653357));
#6793=DIRECTION('ref_axis',(1.,0.,0.));
#6794=DIRECTION('',(0.,-0.0436193873653357,0.999048221581858));
#6795=DIRECTION('center_axis',(0.,-0.0436193873653357,0.999048221581858));
#6796=DIRECTION('ref_axis',(-1.,0.,0.));
#6797=DIRECTION('',(0.,0.0436193873653357,-0.999048221581858));
#6798=DIRECTION('center_axis',(-1.,-2.38713615323169E-17,0.));
#6799=DIRECTION('ref_axis',(2.38713615323169E-17,-1.,1.5516384996006E-16));
#6800=DIRECTION('',(0.,0.,1.));
#6801=DIRECTION('',(0.,0.,1.));
#6802=DIRECTION('center_axis',(1.00390729211825E-7,0.999999999999995,0.));
#6803=DIRECTION('ref_axis',(-0.999999999999995,1.00390729211825E-7,0.));
#6804=DIRECTION('',(0.,0.,1.));
#6805=DIRECTION('',(1.11022302462516E-15,-1.11456099029878E-22,-1.));
#6806=DIRECTION('center_axis',(0.,0.,1.));
#6807=DIRECTION('ref_axis',(0.70710681668003,0.707106745693064,0.));
#6808=DIRECTION('',(0.,0.,-1.));
#6809=DIRECTION('center_axis',(-1.,0.,0.));
#6810=DIRECTION('ref_axis',(0.,0.999048221537692,0.0436193883768894));
#6811=DIRECTION('',(0.,0.0436193883768894,-0.999048221537692));
#6812=DIRECTION('',(1.11022302462516E-15,0.,-1.));
#6813=DIRECTION('center_axis',(-1.,-1.64682196532155E-9,-7.1901801479002E-11));
#6814=DIRECTION('ref_axis',(0.,0.0436193883768894,-0.999048221537692));
#6815=DIRECTION('',(1.11022302462516E-15,0.,-1.));
#6816=DIRECTION('center_axis',(1.64682203676294E-9,-1.,0.));
#6817=DIRECTION('ref_axis',(1.,1.64682203676294E-9,0.));
#6818=DIRECTION('',(0.,0.,1.));
#6819=DIRECTION('center_axis',(-1.00390729211825E-7,-0.999999999999995,
0.));
#6820=DIRECTION('ref_axis',(0.999999999999995,-1.00390729211825E-7,0.));
#6821=DIRECTION('',(0.,0.,1.));
#6822=DIRECTION('center_axis',(1.,2.61176246587943E-17,0.));
#6823=DIRECTION('ref_axis',(-2.61176246587943E-17,1.,0.));
#6824=DIRECTION('',(0.,0.,1.));
#6825=DIRECTION('center_axis',(0.,1.,0.));
#6826=DIRECTION('ref_axis',(-1.,0.,0.));
#6827=DIRECTION('',(0.,0.,1.));
#6828=DIRECTION('center_axis',(-1.,0.,0.));
#6829=DIRECTION('ref_axis',(0.,-1.,0.));
#6830=DIRECTION('',(0.,0.,1.));
#6831=DIRECTION('center_axis',(-4.50090415388577E-17,-1.,0.));
#6832=DIRECTION('ref_axis',(1.,-4.50090415388577E-17,0.));
#6833=CARTESIAN_POINT('',(0.,0.,0.));
#6834=CARTESIAN_POINT('Ctrl Pts',(39.8685322161887,-9.15287918932437,-8.));
#6835=CARTESIAN_POINT('Ctrl Pts',(39.8685322161887,-9.15287918932437,-6.33333334823448));
#6836=CARTESIAN_POINT('Ctrl Pts',(39.8685322161887,-9.15287918932437,-4.66666669646896));
#6837=CARTESIAN_POINT('Ctrl Pts',(39.8685322161887,-9.15287918932437,-3.00000004470344));
#6838=CARTESIAN_POINT('Ctrl Pts',(39.4770783436646,-9.24141545659066,-8.));
#6839=CARTESIAN_POINT('Ctrl Pts',(39.4770783436646,-9.24141545659066,-6.33333334823447));
#6840=CARTESIAN_POINT('Ctrl Pts',(39.4770783436646,-9.24141545659066,-4.66666669646897));
#6841=CARTESIAN_POINT('Ctrl Pts',(39.4770783436646,-9.24141545659066,-3.00000004470344));
#6842=CARTESIAN_POINT('Ctrl Pts',(38.6495152612891,-9.21300979504509,-8.));
#6843=CARTESIAN_POINT('Ctrl Pts',(38.6495152612891,-9.21300979504509,-6.33333334823449));
#6844=CARTESIAN_POINT('Ctrl Pts',(38.6495152612891,-9.21300979504509,-4.66666669646895));
#6845=CARTESIAN_POINT('Ctrl Pts',(38.6495152612891,-9.21300979504509,-3.00000004470344));
#6846=CARTESIAN_POINT('Ctrl Pts',(37.4064711291147,-8.45984840446049,-8.));
#6847=CARTESIAN_POINT('Ctrl Pts',(37.4064711291147,-8.45984840446049,-6.33333334823448));
#6848=CARTESIAN_POINT('Ctrl Pts',(37.4064711291147,-8.45984840446049,-4.66666669646897));
#6849=CARTESIAN_POINT('Ctrl Pts',(37.4064711291147,-8.45984840446049,-3.00000004470344));
#6850=CARTESIAN_POINT('Ctrl Pts',(37.0001199567685,-7.46278533421068,-8.));
#6851=CARTESIAN_POINT('Ctrl Pts',(37.0001199567685,-7.46278533421068,-6.33333334823449));
#6852=CARTESIAN_POINT('Ctrl Pts',(37.0001199567685,-7.46278533421068,-4.66666669646896));
#6853=CARTESIAN_POINT('Ctrl Pts',(37.0001199567685,-7.46278533421068,-3.00000004470344));
#6854=CARTESIAN_POINT('Ctrl Pts',(37.0001199567685,-6.86077344802821,-8.));
#6855=CARTESIAN_POINT('Ctrl Pts',(37.0001199567685,-6.86077344802821,-6.33333334823448));
#6856=CARTESIAN_POINT('Ctrl Pts',(37.0001199567685,-6.86077344802821,-4.66666669646896));
#6857=CARTESIAN_POINT('Ctrl Pts',(37.0001199567685,-6.86077344802821,-3.00000004470344));
#6858=CARTESIAN_POINT('',(37.0001199567685,-6.86077344802821,-8.));
#6859=CARTESIAN_POINT('',(39.8685322161887,-9.15287918932437,-8.));
#6860=CARTESIAN_POINT('Origin',(39.3501199567685,-6.86077344802821,-8.));
#6861=CARTESIAN_POINT('',(39.8685322161887,-9.15287918932437,-3.00000004470344));
#6862=CARTESIAN_POINT('Ctrl Pts',(39.8685322161887,-9.15287918932437,-8.));
#6863=CARTESIAN_POINT('Ctrl Pts',(39.8685322161887,-9.15287918932437,-6.33333334823448));
#6864=CARTESIAN_POINT('Ctrl Pts',(39.8685322161887,-9.15287918932437,-4.66666669646896));
#6865=CARTESIAN_POINT('Ctrl Pts',(39.8685322161887,-9.15287918932437,-3.00000004470344));
#6866=CARTESIAN_POINT('',(37.0001199567685,-6.86077344802821,-3.00000004470344));
#6867=CARTESIAN_POINT('Origin',(39.3501199567685,-6.86077344802821,-3.00000004470344));
#6868=CARTESIAN_POINT('Ctrl Pts',(37.0001199567685,-6.86077344802821,-3.00000004470344));
#6869=CARTESIAN_POINT('Ctrl Pts',(37.0001199567685,-6.86077344802821,-4.66666669646896));
#6870=CARTESIAN_POINT('Ctrl Pts',(37.0001199567685,-6.86077344802821,-6.33333334823448));
#6871=CARTESIAN_POINT('Ctrl Pts',(37.0001199567685,-6.86077344802821,-8.));
#6872=CARTESIAN_POINT('Ctrl Pts',(37.000119973237,-9.47321054382375,-10.8057975670746));
#6873=CARTESIAN_POINT('Ctrl Pts',(37.6803852580394,-9.47321054270347,-10.7064815468412));
#6874=CARTESIAN_POINT('Ctrl Pts',(38.7528622075137,-9.37484617696558,-10.2511535851324));
#6875=CARTESIAN_POINT('Ctrl Pts',(39.6795498227568,-9.1967440358767,-9.1372728890389));
#6876=CARTESIAN_POINT('Ctrl Pts',(39.8685322161887,-9.15287918932437,-8.37740086737743));
#6877=CARTESIAN_POINT('Ctrl Pts',(39.8685322161887,-9.15287918932437,-7.99999999999999));
#6878=CARTESIAN_POINT('Ctrl Pts',(36.9384429229169,-9.47321054392532,-10.4596909403304));
#6879=CARTESIAN_POINT('Ctrl Pts',(37.5495961904395,-9.4764454007686,-10.370604876448));
#6880=CARTESIAN_POINT('Ctrl Pts',(38.5082970336401,-9.40295087528823,-9.95502624759888));
#6881=CARTESIAN_POINT('Ctrl Pts',(39.31584662829,-9.27240684168599,-8.97346475464789));
#6882=CARTESIAN_POINT('Ctrl Pts',(39.4770783436646,-9.24141545659066,-8.32288759264743));
#6883=CARTESIAN_POINT('Ctrl Pts',(39.4770783436646,-9.24141545659066,-7.99999999999999));
#6884=CARTESIAN_POINT('Ctrl Pts',(36.8152627105592,-9.31255834486318,-9.76845347894197));
#6885=CARTESIAN_POINT('Ctrl Pts',(37.2799024608185,-9.32032748453403,-9.69981955588668));
#6886=CARTESIAN_POINT('Ctrl Pts',(37.997101127834,-9.28309025313304,-9.36369633572439));
#6887=CARTESIAN_POINT('Ctrl Pts',(38.5480497960574,-9.22404027491489,-8.64650672188038));
#6888=CARTESIAN_POINT('Ctrl Pts',(38.6495177897135,-9.21300789737651,-8.21405737149306));
#6889=CARTESIAN_POINT('Ctrl Pts',(38.6495177897135,-9.21300789737651,-7.99999999999999));
#6890=CARTESIAN_POINT('Ctrl Pts',(36.6419163037614,-8.52617047523971,-8.79570365781073));
#6891=CARTESIAN_POINT('Ctrl Pts',(36.8718011252807,-8.53429796743756,-8.75854292933056));
#6892=CARTESIAN_POINT('Ctrl Pts',(37.2082829335391,-8.50568826167132,-8.55685219735779));
#6893=CARTESIAN_POINT('Ctrl Pts',(37.3875443322739,-8.46548188971325,-8.2191348950416));
#6894=CARTESIAN_POINT('Ctrl Pts',(37.4064767440169,-8.45984553784956,-8.07215866112031));
#6895=CARTESIAN_POINT('Ctrl Pts',(37.4064767440169,-8.45984553784956,-8.));
#6896=CARTESIAN_POINT('Ctrl Pts',(36.5878392580661,-7.65054931077331,-8.49224518705607));
#6897=CARTESIAN_POINT('Ctrl Pts',(36.7118569728913,-7.65364913277313,-8.47008221978291));
#6898=CARTESIAN_POINT('Ctrl Pts',(36.8946237813214,-7.5926515086955,-8.35048747370298));
#6899=CARTESIAN_POINT('Ctrl Pts',(36.9887381014565,-7.48727096295566,-8.14519190526623));
#6900=CARTESIAN_POINT('Ctrl Pts',(37.0001199567685,-7.46278533421067,-8.04754887470419));
#6901=CARTESIAN_POINT('Ctrl Pts',(37.0001199567685,-7.46278533421067,-7.99999999999999));
#6902=CARTESIAN_POINT('Ctrl Pts',(36.5878392572244,-7.12321054382374,-8.49224518720606));
#6903=CARTESIAN_POINT('Ctrl Pts',(36.6856149207058,-7.12321054290594,-8.47482132400714));
#6904=CARTESIAN_POINT('Ctrl Pts',(36.8397637273123,-7.04262348447696,-8.39493922546174));
#6905=CARTESIAN_POINT('Ctrl Pts',(36.972957404088,-6.89671033182764,-8.19952155948048));
#6906=CARTESIAN_POINT('Ctrl Pts',(37.0001199567685,-6.86077344802821,-8.06621067848712));
#6907=CARTESIAN_POINT('Ctrl Pts',(37.0001199567685,-6.86077344802821,-7.99999999999999));
#6908=CARTESIAN_POINT('',(36.5878392572244,-7.12321054382374,-8.49224518720606));
#6909=CARTESIAN_POINT('',(37.0001199732371,-9.47321054382375,-10.8057975670745));
#6910=CARTESIAN_POINT('Origin',(37.000119969367,-7.12321054382374,-10.8057975670745));
#6911=CARTESIAN_POINT('Ctrl Pts',(37.000119973237,-9.47321054382375,-10.8057975670746));
#6912=CARTESIAN_POINT('Ctrl Pts',(37.6803852580394,-9.47321054270347,-10.7064815468412));
#6913=CARTESIAN_POINT('Ctrl Pts',(38.7528622075137,-9.37484617696558,-10.2511535851324));
#6914=CARTESIAN_POINT('Ctrl Pts',(39.6795498227568,-9.1967440358767,-9.1372728890389));
#6915=CARTESIAN_POINT('Ctrl Pts',(39.8685322161887,-9.15287918932437,-8.37740086737743));
#6916=CARTESIAN_POINT('Ctrl Pts',(39.8685322161887,-9.15287918932437,-7.99999999999999));
#6917=CARTESIAN_POINT('Ctrl Pts',(37.0001199567685,-6.86077344802821,-7.99999999999999));
#6918=CARTESIAN_POINT('Ctrl Pts',(37.0001199567685,-6.86077344802821,-8.06621067848712));
#6919=CARTESIAN_POINT('Ctrl Pts',(36.972957404088,-6.89671033182764,-8.19952155948048));
#6920=CARTESIAN_POINT('Ctrl Pts',(36.8397637273123,-7.04262348447696,-8.39493922546174));
#6921=CARTESIAN_POINT('Ctrl Pts',(36.6856149207058,-7.12321054290594,-8.47482132400714));
#6922=CARTESIAN_POINT('Ctrl Pts',(36.5878392572244,-7.12321054382374,-8.49224518720606));
#6923=CARTESIAN_POINT('Ctrl Pts',(36.5878392572244,-7.12321054382374,-2.50775485749738));
#6924=CARTESIAN_POINT('Ctrl Pts',(36.6530230328784,-7.12321054321188,-2.5193707662966));
#6925=CARTESIAN_POINT('Ctrl Pts',(36.7791408049811,-7.08301726151927,-2.56950530719977));
#6926=CARTESIAN_POINT('Ctrl Pts',(36.9483885616326,-6.93452776828309,-2.73431440329219));
#6927=CARTESIAN_POINT('Ctrl Pts',(37.0001199567685,-6.86077344802821,-2.90068402697254));
#6928=CARTESIAN_POINT('Ctrl Pts',(37.0001199567685,-6.86077344802821,-3.00000004470344));
#6929=CARTESIAN_POINT('Ctrl Pts',(36.5878392577855,-7.47476972179012,-2.50775485759738));
#6930=CARTESIAN_POINT('Ctrl Pts',(36.6648650971865,-7.47614091406632,-2.52148587381997));
#6931=CARTESIAN_POINT('Ctrl Pts',(36.8109326628852,-7.44339227190423,-2.58524975115967));
#6932=CARTESIAN_POINT('Ctrl Pts',(36.9715498655575,-7.32053110938248,-2.77585417646624));
#6933=CARTESIAN_POINT('Ctrl Pts',(37.0001199567685,-7.26211470548319,-2.91883126398638));
#6934=CARTESIAN_POINT('Ctrl Pts',(37.0001199567685,-7.26211470548319,-3.00000004470344));
#6935=CARTESIAN_POINT('Ctrl Pts',(36.6160227985118,-8.17690612474456,-2.34960024806793));
#6936=CARTESIAN_POINT('Ctrl Pts',(36.7379946567137,-8.18100567740596,-2.3700448646761));
#6937=CARTESIAN_POINT('Ctrl Pts',(36.9666999211216,-8.16300337169519,-2.4686979907935));
#6938=CARTESIAN_POINT('Ctrl Pts',(37.1915072195783,-8.09106261649789,-2.74990407936364));
#6939=CARTESIAN_POINT('Ctrl Pts',(37.2103810696885,-8.0630369525564,-2.91297405129538));
#6940=CARTESIAN_POINT('Ctrl Pts',(37.2103810696885,-8.0630369525564,-3.00000004470344));
#6941=CARTESIAN_POINT('Ctrl Pts',(36.7539850969686,-9.16499098378097,-1.57541171399));
#6942=CARTESIAN_POINT('Ctrl Pts',(37.0128602312503,-9.17107938159802,-1.61435823500953));
#6943=CARTESIAN_POINT('Ctrl Pts',(37.5067700260221,-9.16236201509893,-1.79323557788488));
#6944=CARTESIAN_POINT('Ctrl Pts',(38.0902987419283,-9.11984338203654,-2.33790003702916));
#6945=CARTESIAN_POINT('Ctrl Pts',(38.2192032011068,-9.10932457457206,-2.75962288738254));
#6946=CARTESIAN_POINT('Ctrl Pts',(38.2192032011068,-9.10932457457206,-3.00000004470345));
#6947=CARTESIAN_POINT('Ctrl Pts',(36.9076043977568,-9.4732105439761,-0.713362417745086));
#6948=CARTESIAN_POINT('Ctrl Pts',(37.2920150198422,-9.47648226183247,-0.769342017511172));
#6949=CARTESIAN_POINT('Ctrl Pts',(38.0333238824085,-9.44775046529847,-1.01524508552368));
#6950=CARTESIAN_POINT('Ctrl Pts',(39.0019818092538,-9.33719552538792,-1.8065924793091));
#6951=CARTESIAN_POINT('Ctrl Pts',(39.2813514074026,-9.2856835902238,-2.556747458898));
#6952=CARTESIAN_POINT('Ctrl Pts',(39.2813514074026,-9.2856835902238,-3.00000004470346));
#6953=CARTESIAN_POINT('Ctrl Pts',(37.0001199732369,-9.47321054382375,-0.194202477628879));
#6954=CARTESIAN_POINT('Ctrl Pts',(37.453630163105,-9.4732105430769,-0.260413157784415));
#6955=CARTESIAN_POINT('Ctrl Pts',(38.3310831399182,-9.42415075074341,-0.546180040932524));
#6956=CARTESIAN_POINT('Ctrl Pts',(39.5086127457021,-9.24290426717103,-1.4855918886593));
#6957=CARTESIAN_POINT('Ctrl Pts',(39.8685322161887,-9.15287918932437,-2.43389874363728));
#6958=CARTESIAN_POINT('Ctrl Pts',(39.8685322161887,-9.15287918932437,-3.00000004470346));
#6959=CARTESIAN_POINT('',(37.0001199732371,-9.47321054382375,-0.194202477628897));
#6960=CARTESIAN_POINT('',(36.5878392572244,-7.12321054382374,-2.50775485749738));
#6961=CARTESIAN_POINT('Origin',(37.000119969367,-7.12321054382374,-0.194202477628897));
#6962=CARTESIAN_POINT('Ctrl Pts',(36.5878392572244,-7.12321054382374,-2.50775485749738));
#6963=CARTESIAN_POINT('Ctrl Pts',(36.6530230328784,-7.12321054321188,-2.5193707662966));
#6964=CARTESIAN_POINT('Ctrl Pts',(36.7791408049811,-7.08301726151927,-2.56950530719977));
#6965=CARTESIAN_POINT('Ctrl Pts',(36.9483885616326,-6.93452776828309,-2.73431440329219));
#6966=CARTESIAN_POINT('Ctrl Pts',(37.0001199567685,-6.86077344802821,-2.90068402697254));
#6967=CARTESIAN_POINT('Ctrl Pts',(37.0001199567685,-6.86077344802821,-3.00000004470344));
#6968=CARTESIAN_POINT('Ctrl Pts',(39.8685322161887,-9.15287918932437,-3.00000004470346));
#6969=CARTESIAN_POINT('Ctrl Pts',(39.8685322161887,-9.15287918932437,-2.43389874363728));
#6970=CARTESIAN_POINT('Ctrl Pts',(39.5086127457021,-9.24290426717103,-1.4855918886593));
#6971=CARTESIAN_POINT('Ctrl Pts',(38.3310831399182,-9.42415075074341,-0.546180040932524));
#6972=CARTESIAN_POINT('Ctrl Pts',(37.453630163105,-9.4732105430769,-0.260413157784415));
#6973=CARTESIAN_POINT('Ctrl Pts',(37.0001199732369,-9.47321054382375,-0.194202477628879));
#6974=CARTESIAN_POINT('Origin',(36.5001199567685,-7.12320902840485,-8.));
#6975=CARTESIAN_POINT('',(36.5001199567685,-7.12320902840485,-8.5));
#6976=CARTESIAN_POINT('',(33.6943223874489,-9.47320902840485,-8.5));
#6977=CARTESIAN_POINT('Ctrl Pts',(36.5001199567685,-7.12320902840485,-8.5));
#6978=CARTESIAN_POINT('Ctrl Pts',(36.35525801842,-7.43726222701266,-8.5));
#6979=CARTESIAN_POINT('Ctrl Pts',(36.1950567492201,-7.78370744420236,-8.5));
#6980=CARTESIAN_POINT('Ctrl Pts',(35.7911149172299,-8.4139924053501,-8.5));
#6981=CARTESIAN_POINT('Ctrl Pts',(35.5449941009353,-8.69630350018241,-8.5));
#6982=CARTESIAN_POINT('Ctrl Pts',(35.0594681037156,-9.08000272949966,-8.5));
#6983=CARTESIAN_POINT('Ctrl Pts',(34.7738331303852,-9.24038539160779,-8.5));
#6984=CARTESIAN_POINT('Ctrl Pts',(34.2683759654327,-9.41890796658965,-8.5));
#6985=CARTESIAN_POINT('Ctrl Pts',(33.957394564321,-9.47320902840485,-8.5));
#6986=CARTESIAN_POINT('Ctrl Pts',(33.6943223874489,-9.47320902840485,-8.5));
#6987=CARTESIAN_POINT('Origin',(36.5001199567685,-9.47320902840485,-8.));
#6988=CARTESIAN_POINT('Origin',(36.5001199567685,-7.12320902840485,-8.));
#6989=CARTESIAN_POINT('Origin',(36.5001199567685,-7.12320902840485,-3.00000004470344));
#6990=CARTESIAN_POINT('',(33.6943223874489,-9.47320902840485,-2.50000004470345));
#6991=CARTESIAN_POINT('',(36.5001199567685,-7.12320902840485,-2.50000004470344));
#6992=CARTESIAN_POINT('Ctrl Pts',(33.6943223874489,-9.47320902840485,-2.50000004470345));
#6993=CARTESIAN_POINT('Ctrl Pts',(33.957394564321,-9.47320902840485,-2.50000004470345));
#6994=CARTESIAN_POINT('Ctrl Pts',(34.2683759654327,-9.41890796658965,-2.50000004470345));
#6995=CARTESIAN_POINT('Ctrl Pts',(34.7738331303852,-9.24038539160779,-2.50000004470345));
#6996=CARTESIAN_POINT('Ctrl Pts',(35.0594681037156,-9.08000272949966,-2.50000004470345));
#6997=CARTESIAN_POINT('Ctrl Pts',(35.5449941009353,-8.69630350018241,-2.50000004470345));
#6998=CARTESIAN_POINT('Ctrl Pts',(35.7911149172299,-8.4139924053501,-2.50000004470344));
#6999=CARTESIAN_POINT('Ctrl Pts',(36.1950567492201,-7.78370744420236,-2.50000004470344));
#7000=CARTESIAN_POINT('Ctrl Pts',(36.35525801842,-7.43726222701266,-2.50000004470344));
#7001=CARTESIAN_POINT('Ctrl Pts',(36.5001199567685,-7.12320902840485,-2.50000004470344));
#7002=CARTESIAN_POINT('Origin',(36.5001199567685,-7.12320902840485,-3.00000004470344));
#7003=CARTESIAN_POINT('',(36.8068798586895,-9.47320902840485,-0.166557198522596));
#7004=CARTESIAN_POINT('Origin',(36.5001199567685,-9.47320902840485,-3.00000004470344));
#7005=CARTESIAN_POINT('',(36.1933600548475,-9.47320902840485,-0.166557198522596));
#7006=CARTESIAN_POINT('Ctrl Pts',(36.8068798586895,-9.47320902840485,-0.166557198522597));
#7007=CARTESIAN_POINT('Ctrl Pts',(36.7787554094748,-9.47320902840485,-0.166557198522597));
#7008=CARTESIAN_POINT('Ctrl Pts',(36.7450060711491,-9.47320200595983,-0.166556891916018));
#7009=CARTESIAN_POINT('Ctrl Pts',(36.6491436026968,-9.47317625406196,-0.16655576756385));
#7010=CARTESIAN_POINT('Ctrl Pts',(36.5678579794717,-9.47315071809761,-0.166554652639542));
#7011=CARTESIAN_POINT('Ctrl Pts',(36.4323819340653,-9.47315071809761,-0.166554652639542));
#7012=CARTESIAN_POINT('Ctrl Pts',(36.3510963108402,-9.47317625406196,-0.16655576756385));
#7013=CARTESIAN_POINT('Ctrl Pts',(36.2552338423879,-9.47320200595983,-0.166556891916018));
#7014=CARTESIAN_POINT('Ctrl Pts',(36.2214845040622,-9.47320902840485,-0.166557198522597));
#7015=CARTESIAN_POINT('Ctrl Pts',(36.1933600548475,-9.47320902840485,-0.166557198522597));
#7016=CARTESIAN_POINT('Origin',(36.5001199567685,-9.47320902840485,-3.00000004470344));
#7017=CARTESIAN_POINT('Origin',(36.5001199567685,0.526789566333849,-8.));
#7018=CARTESIAN_POINT('',(37.0001199567685,0.126785902060188,-8.));
#7019=CARTESIAN_POINT('',(37.0001199567685,0.526789566333849,-8.));
#7020=CARTESIAN_POINT('',(36.5001199567685,0.126785902060188,-8.5));
#7021=CARTESIAN_POINT('Origin',(36.5001199567685,0.126785902060188,-8.));
#7022=CARTESIAN_POINT('',(36.5001199567685,0.526789566333849,-8.5));
#7023=CARTESIAN_POINT('Origin',(37.0001199567685,0.526789566333849,-9.));
#7024=CARTESIAN_POINT('',(37.0001199567685,0.026785902060188,-3.00000004470344));
#7025=CARTESIAN_POINT('',(37.0001199567685,0.526789566333849,-3.00000004470344));
#7026=CARTESIAN_POINT('',(37.0001199567685,0.150381022379364,-2.99233277430239));
#7027=CARTESIAN_POINT('Origin',(37.0001199567685,0.026785902060188,-2.00000004470344));
#7028=CARTESIAN_POINT('',(37.0001199567685,0.150381022379364,-8.00030934744373));
#7029=CARTESIAN_POINT('',(37.0001199567685,0.150381022379364,-14.));
#7030=CARTESIAN_POINT('Origin',(37.0001199567685,0.126785902060188,-8.9));
#7031=CARTESIAN_POINT('Origin',(36.5001199567685,0.526789566333849,-3.00000004470344));
#7032=CARTESIAN_POINT('',(36.5001199567685,0.026785902060188,-2.50000004470344));
#7033=CARTESIAN_POINT('',(36.5001199567685,0.526789566333849,-2.50000004470344));
#7034=CARTESIAN_POINT('Origin',(36.5001199567685,0.026785902060188,-3.00000004470344));
#7035=CARTESIAN_POINT('Origin',(37.0001199567685,0.52678956633385,-2.50000004470344));
#7036=CARTESIAN_POINT('',(12.9267376548534,-9.47321058346832,-2.50000004470345));
#7037=CARTESIAN_POINT('',(24.9634288058109,-9.47320902840485,-2.50000004470346));
#7038=CARTESIAN_POINT('',(12.4267376401655,-9.47321058429173,-2.50000004470347));
#7039=CARTESIAN_POINT('',(19.338428814045,-9.4732105729094,-2.50000004470347));
#7040=CARTESIAN_POINT('',(12.4267376400335,-9.39309835008647,-2.50000004470347));
#7041=CARTESIAN_POINT('',(12.4267376318474,-4.42223917571786,-2.50000004470347));
#7042=CARTESIAN_POINT('',(12.4267376400335,-0.473211731390774,-2.50000004470347));
#7043=CARTESIAN_POINT('',(12.4267376400335,0.059948784192847,-2.50000004470347));
#7044=CARTESIAN_POINT('',(12.9267376902289,0.0267882686092237,-2.50000004470347));
#7045=CARTESIAN_POINT('Origin',(12.9267376400335,-0.473211731390774,-2.50000004470347));
#7046=CARTESIAN_POINT('',(19.3384287473813,0.026787624934883,-2.50000004470346));
#7047=CARTESIAN_POINT('Origin',(12.9267376548534,-9.47320902840485,-14.));
#7048=CARTESIAN_POINT('',(37.0001199732371,-9.47321054382375,-0.166557264687215));
#7049=CARTESIAN_POINT('',(37.0001199732371,-9.47321054382375,-14.));
#7050=CARTESIAN_POINT('',(223.963368824954,-9.47320902840485,-0.166557198522596));
#7051=CARTESIAN_POINT('Origin',(12.9267376548534,-9.47320902840485,-14.));
#7052=CARTESIAN_POINT('',(12.9267376548534,-9.47321058346832,-0.166557266418135));
#7053=CARTESIAN_POINT('',(223.963368824954,-9.47320902840485,-0.166557198522596));
#7054=CARTESIAN_POINT('',(12.9267376548534,-9.47321058346832,-14.));
#7055=CARTESIAN_POINT('Origin',(434.999999995055,0.592218476041982,0.272908867309667));
#7056=CARTESIAN_POINT('',(50.0000545307923,3.48270069141895,0.399110049225552));
#7057=CARTESIAN_POINT('Ctrl Pts',(49.9998992510585,3.48270486032468,0.399110049211037));
#7058=CARTESIAN_POINT('Ctrl Pts',(49.998922540126,3.18259112604609,0.386006739465685));
#7059=CARTESIAN_POINT('Ctrl Pts',(49.9875791582236,2.88241181441352,0.372900588346886));
#7060=CARTESIAN_POINT('Ctrl Pts',(49.9658460419309,2.58270646062048,0.359815199694888));
#7061=CARTESIAN_POINT('Ctrl Pts',(49.9439236602403,2.2803910875228,0.346615855397592));
#7062=CARTESIAN_POINT('Ctrl Pts',(49.9114843695953,1.97931109683757,0.333470756989919));
#7063=CARTESIAN_POINT('Ctrl Pts',(49.8686101592575,1.68001313590366,0.320403295180597));
#7064=CARTESIAN_POINT('Ctrl Pts',(49.8548421166304,1.58390064655736,0.316206987661453));
#7065=CARTESIAN_POINT('Ctrl Pts',(49.839997601081,1.48797188522595,0.312018686198496));
#7066=CARTESIAN_POINT('Ctrl Pts',(49.8240781924179,1.39224489512594,0.307839165381196));
#7067=CARTESIAN_POINT('Ctrl Pts',(49.7747254861364,1.09547595567632,0.29488198414044));
#7068=CARTESIAN_POINT('Ctrl Pts',(49.7147237923292,0.800830390902855,0.282009193588771));
#7069=CARTESIAN_POINT('Ctrl Pts',(49.6444189369122,0.508744552718128,0.269243873083276));
#7070=CARTESIAN_POINT('Ctrl Pts',(49.5735754411265,0.214420900052282,0.256380751125781));
#7071=CARTESIAN_POINT('Ctrl Pts',(49.4922700717346,-0.077304184862457,0.243626752285451));
#7072=CARTESIAN_POINT('Ctrl Pts',(49.4008045266765,-0.365972555773015,0.231005490461133));
#7073=CARTESIAN_POINT('Ctrl Pts',(49.309066401342,-0.655501199306483,0.218346615489313));
#7074=CARTESIAN_POINT('Ctrl Pts',(49.2071071818513,-0.941955425107764,0.205821269862585));
#7075=CARTESIAN_POINT('Ctrl Pts',(49.0951828728163,-1.22485318219568,0.193453279227867));
#7076=CARTESIAN_POINT('Ctrl Pts',(49.0025573831725,-1.45897161004487,0.18321786925905));
#7077=CARTESIAN_POINT('Ctrl Pts',(48.903106091023,-1.69065408599415,0.173090228007826));
#7078=CARTESIAN_POINT('Ctrl Pts',(48.7969511441758,-1.91961315847764,0.163083859491509));
#7079=CARTESIAN_POINT('Ctrl Pts',(48.6693822048722,-2.19475875355468,0.15105896705061));
#7080=CARTESIAN_POINT('Ctrl Pts',(48.5325314425647,-2.46511373150911,0.139247152110336));
#7081=CARTESIAN_POINT('Ctrl Pts',(48.386745613824,-2.73024079133242,0.127668256466386));
#7082=CARTESIAN_POINT('Ctrl Pts',(48.2353168129241,-3.00563019716119,0.115641173324945));
#7083=CARTESIAN_POINT('Ctrl Pts',(48.0742478431928,-3.27537984483029,0.10386538979439));
#7084=CARTESIAN_POINT('Ctrl Pts',(47.9038722021322,-3.53897940469933,0.0923631420707132));
#7085=CARTESIAN_POINT('Ctrl Pts',(47.7390122598575,-3.79404525773519,0.0812332652646702));
#7086=CARTESIAN_POINT('Ctrl Pts',(47.5654379021992,-4.04335318504006,0.0703595001865407));
#7087=CARTESIAN_POINT('Ctrl Pts',(47.3834060325644,-4.28641433919495,0.0597619925851554));
#7088=CARTESIAN_POINT('Ctrl Pts',(47.2026810603662,-4.52773043628959,0.0492405697679686));
#7089=CARTESIAN_POINT('Ctrl Pts',(47.0136192447748,-4.76288961460746,0.0389914518872898));
#7090=CARTESIAN_POINT('Ctrl Pts',(46.8164330505167,-4.99138027658104,0.0290343538906566));
#7091=CARTESIAN_POINT('Ctrl Pts',(46.6223667489932,-5.21625574450477,0.0192347977433064));
#7092=CARTESIAN_POINT('Ctrl Pts',(46.4204307704168,-5.43467243808167,0.00971809386856939));
#7093=CARTESIAN_POINT('Ctrl Pts',(46.2107949697794,-5.64610403783358,0.000503036148545632));
#7094=CARTESIAN_POINT('Ctrl Pts',(46.1828099548025,-5.67432878030438,-0.000727114081156828));
#7095=CARTESIAN_POINT('Ctrl Pts',(46.1546876811379,-5.70242898259124,-0.0019518888218574));
#7096=CARTESIAN_POINT('Ctrl Pts',(46.1264285130363,-5.73040333361701,-0.00317124336436336));
#7097=CARTESIAN_POINT('Ctrl Pts',(45.9092655809068,-5.94537753495722,-0.0125416044027407));
#7098=CARTESIAN_POINT('Ctrl Pts',(45.6847335462915,-6.15221760524704,-0.0215607353240691));
#7099=CARTESIAN_POINT('Ctrl Pts',(45.4531268222069,-6.35046311640626,-0.0302149467290267));
#7100=CARTESIAN_POINT('Ctrl Pts',(45.4393829748809,-6.36222726552248,-0.0307284990049693));
#7101=CARTESIAN_POINT('Ctrl Pts',(45.4256142023865,-6.37396114097095,-0.0312407662564122));
#7102=CARTESIAN_POINT('Ctrl Pts',(45.4118205616095,-6.38566464308228,-0.0317517456227669));
#7103=CARTESIAN_POINT('Ctrl Pts',(45.1835520873087,-6.57934378944496,-0.0402078510297673));
#7104=CARTESIAN_POINT('Ctrl Pts',(44.9486575791988,-6.76456209199412,-0.0483112518039633));
#7105=CARTESIAN_POINT('Ctrl Pts',(44.7076835508689,-6.94122265983425,-0.0560489834104647));
#7106=CARTESIAN_POINT('Ctrl Pts',(44.4627132927753,-7.12081290530056,-0.0639150348760161));
#7107=CARTESIAN_POINT('Ctrl Pts',(44.2114597380827,-7.29155953436258,-0.0714031883469654));
#7108=CARTESIAN_POINT('Ctrl Pts',(43.9544629558692,-7.45331916087699,-0.0784998235348198));
#7109=CARTESIAN_POINT('Ctrl Pts',(43.6964588159588,-7.61571284126329,-0.0856242756082293));
#7110=CARTESIAN_POINT('Ctrl Pts',(43.4326657826956,-7.76904916970952,-0.0923541340921387));
#7111=CARTESIAN_POINT('Ctrl Pts',(43.1636040349322,-7.91313744864191,-0.0986756179059345));
#7112=CARTESIAN_POINT('Ctrl Pts',(42.8953600406627,-8.056787803215,-0.104977888972035));
#7113=CARTESIAN_POINT('Ctrl Pts',(42.6218787339884,-8.1912464348514,-0.110874263924207));
#7114=CARTESIAN_POINT('Ctrl Pts',(42.3436580143199,-8.3162759164415,-0.116351086953928));
#7115=CARTESIAN_POINT('Ctrl Pts',(42.2067167816396,-8.37781587417983,-0.119046798825264));
#7116=CARTESIAN_POINT('Ctrl Pts',(42.0686271430312,-8.43707072401401,-0.121640868219202));
#7117=CARTESIAN_POINT('Ctrl Pts',(41.9294475501682,-8.49400759388747,-0.124131666770939));
#7118=CARTESIAN_POINT('Ctrl Pts',(41.6471018096294,-8.60951219019855,-0.12918460842105));
#7119=CARTESIAN_POINT('Ctrl Pts',(41.361234867987,-8.71508639752249,-0.13379506478686));
#7120=CARTESIAN_POINT('Ctrl Pts',(41.0724003995383,-8.8106199376016,-0.137958256939912));
#7121=CARTESIAN_POINT('Ctrl Pts',(40.7818555017642,-8.90671921129758,-0.142146102819315));
#7122=CARTESIAN_POINT('Ctrl Pts',(40.4883072681282,-8.99265878580986,-0.145881371553804));
#7123=CARTESIAN_POINT('Ctrl Pts',(40.1922940818872,-9.06828019876969,-0.149159198811134));
#7124=CARTESIAN_POINT('Ctrl Pts',(39.8972537877348,-9.14365307052316,-0.15242625299363));
#7125=CARTESIAN_POINT('Ctrl Pts',(39.5997641345515,-9.2087756677211,-0.155238867658793));
#7126=CARTESIAN_POINT('Ctrl Pts',(39.3003418811601,-9.26344232530494,-0.157592226278995));
#7127=CARTESIAN_POINT('Ctrl Pts',(39.0033084937537,-9.31767283855636,-0.159926809212704));
#7128=CARTESIAN_POINT('Ctrl Pts',(38.704372658467,-9.36161372346274,-0.161809434988943));
#7129=CARTESIAN_POINT('Ctrl Pts',(38.4040312955633,-9.39501388220408,-0.16323540144519));
#7130=CARTESIAN_POINT('Ctrl Pts',(38.1092837865365,-9.42779196343448,-0.164634809295215));
#7131=CARTESIAN_POINT('Ctrl Pts',(37.8131821077677,-9.45041834541197,-0.165594409962123));
#7132=CARTESIAN_POINT('Ctrl Pts',(37.5161965133669,-9.4626058767819,-0.166109759153507));
#7133=CARTESIAN_POINT('Ctrl Pts',(37.3444359175802,-9.46965449357926,-0.166407809583625));
#7134=CARTESIAN_POINT('Ctrl Pts',(37.1723797159567,-9.47321054354006,-0.166557264674833));
#7135=CARTESIAN_POINT('Ctrl Pts',(37.0001199732371,-9.47321054382375,-0.166557264687219));
#7136=CARTESIAN_POINT('',(430.002080908688,3.48270069141894,0.399110049225551));
#7137=CARTESIAN_POINT('',(242.482993153641,3.48270069141894,0.399110049225552));
#7138=CARTESIAN_POINT('',(430.002080908688,-167.451602064567,-7.06404295791366));
#7139=CARTESIAN_POINT('',(430.002080908688,1.27457448662621,0.302701174823281));
#7140=CARTESIAN_POINT('',(-13.9979190913116,-167.451602064567,-7.06404295791366));
#7141=CARTESIAN_POINT('',(432.501040451872,-167.451602064567,-7.06404295791366));
#7142=CARTESIAN_POINT('',(-13.9979200952189,-9.4732090284048,-0.166557198522594));
#7143=CARTESIAN_POINT('',(-13.9979190913116,-83.5808189196775,-3.40216539824999));
#7144=CARTESIAN_POINT('',(1.67673663447785,-9.47321060199501,-0.166557267227028));
#7145=CARTESIAN_POINT('',(210.501039474032,-9.47323156601905,-0.166558182536106));
#7146=CARTESIAN_POINT('',(2.67673764003355,-9.47321060034824,-0.166557267155129));
#7147=CARTESIAN_POINT('',(218.338368832761,-9.47321024519192,-0.166557251648667));
#7148=CARTESIAN_POINT('',(2.67673764003353,-9.47314832635665,-0.166554548213874));
#7149=CARTESIAN_POINT('',(2.67673764003355,-6.65088036157748,-0.0433316648680865));
#7150=CARTESIAN_POINT('',(2.67673764003355,-0.47321060199507,0.226391228079602));
#7151=CARTESIAN_POINT('',(2.67673764003355,-6.65088036157748,-0.0433316648680865));
#7152=CARTESIAN_POINT('',(1.67673774042427,0.526789398004925,0.270052172002561));
#7153=CARTESIAN_POINT('Origin',(1.67673764003353,-0.473210601995069,0.226391228079602));
#7154=CARTESIAN_POINT('',(-19.0000000049654,0.526789363954031,0.270052170515865));
#7155=CARTESIAN_POINT('',(218.338368844701,0.526767647185786,0.270051222341266));
#7156=CARTESIAN_POINT('',(-21.9979190913116,-2.35874269016116,0.144067117313242));
#7157=CARTESIAN_POINT('Origin',(-19.0000000000202,-2.47035530079154,0.139194005379413));
#7158=CARTESIAN_POINT('',(-21.9979190913116,-172.35473575109,-7.27811822740214));
#7159=CARTESIAN_POINT('',(-21.9979190913116,5.20159707388298,0.474158687789693));
#7160=CARTESIAN_POINT('',(-19.,-175.240267805748,-7.40410327770122));
#7161=CARTESIAN_POINT('Origin',(-19.,-172.243123141002,-7.27324511560522));
#7162=CARTESIAN_POINT('',(435.,-175.240267805748,-7.40410327770122));
#7163=CARTESIAN_POINT('',(-19.,-175.240267805748,-7.40410327770122));
#7164=CARTESIAN_POINT('',(438.,-172.243123141002,-7.27324511560522));
#7165=CARTESIAN_POINT('Origin',(435.,-172.243123141002,-7.27324511560522));
#7166=CARTESIAN_POINT('',(438.,7.585556027115,0.578244578867018));
#7167=CARTESIAN_POINT('',(438.,-172.243123141002,-7.27324511560522));
#7168=CARTESIAN_POINT('',(435.002080908688,10.5827006914189,0.709102751078561));
#7169=CARTESIAN_POINT('Origin',(435.,7.58555602680584,0.578244585947893));
#7170=CARTESIAN_POINT('',(435.,10.5827006914189,0.709102751078561));
#7171=CARTESIAN_POINT('',(436.501040451872,10.5827006914189,0.709102751078562));
#7172=CARTESIAN_POINT('',(43.0001199518237,10.5827006914189,0.709102751078561));
#7173=CARTESIAN_POINT('',(436.501040451872,10.5827006914189,0.709102751078562));
#7174=CARTESIAN_POINT('',(43.0001199518237,10.5172716088536,0.706246055573745));
#7175=CARTESIAN_POINT('',(43.0001199518237,5.26696388245673,0.477012664353254));
#7176=CARTESIAN_POINT('',(40.0001199518237,7.5201269442405,0.575387890443078));
#7177=CARTESIAN_POINT('Origin',(43.0001199518237,7.5201269442405,0.575387890443078));
#7178=CARTESIAN_POINT('',(40.0001199518237,3.52393412078933,0.400910339673044));
#7179=CARTESIAN_POINT('',(40.0001199518237,3.73859051343414,0.410282440395015));
#7180=CARTESIAN_POINT('',(37.0001199567689,0.526789456176254,0.270052174542375));
#7181=CARTESIAN_POINT('Origin',(37.0001199518237,3.52393412078933,0.400910339673044));
#7182=CARTESIAN_POINT('',(12.9267377404243,0.526788268609221,0.270052122692079));
#7183=CARTESIAN_POINT('',(218.338368844701,0.526767647185786,0.270051222341266));
#7184=CARTESIAN_POINT('',(11.9267376400335,-0.473211731390774,0.226391178769119));
#7185=CARTESIAN_POINT('Origin',(12.9267376400335,-0.473211731390774,0.226391178769119));
#7186=CARTESIAN_POINT('',(11.9267376400335,-9.47314831112354,-0.166554547548782));
#7187=CARTESIAN_POINT('',(11.9267376400335,0.592219244570788,0.272908900864361));
#7188=CARTESIAN_POINT('',(11.9267376400335,-9.47321058511514,-0.166557266490037));
#7189=CARTESIAN_POINT('',(11.9267376400335,0.592219244570788,0.272908900864361));
#7190=CARTESIAN_POINT('',(218.338368832761,-9.47321024519192,-0.166557251648667));
#7191=CARTESIAN_POINT('',(-17.8979190913116,-172.451602064567,-7.28234767752846));
#7192=CARTESIAN_POINT('Origin',(-18.9979190913116,-172.451602064567,-7.28234767752846));
#7193=CARTESIAN_POINT('',(44.1001199518237,7.5201269442405,0.575387890443077));
#7194=CARTESIAN_POINT('Origin',(43.0001199518237,7.5201269442405,0.575387890443077));
#7195=CARTESIAN_POINT('',(209.102080908688,-172.451602064567,-7.28234767752846));
#7196=CARTESIAN_POINT('Origin',(208.002080908688,-172.451602064567,-7.28234767752846));
#7197=CARTESIAN_POINT('',(436.102080908688,7.58270069141895,0.578119919309684));
#7198=CARTESIAN_POINT('Origin',(435.002080908688,7.58270069141895,0.578119919309684));
#7199=CARTESIAN_POINT('',(436.102080908688,-172.451602064567,-7.28234767752846));
#7200=CARTESIAN_POINT('Origin',(435.002080908688,-172.451602064567,-7.28234767752846));
#7201=CARTESIAN_POINT('',(240.101100430256,7.58270069141893,0.578119919309684));
#7202=CARTESIAN_POINT('Origin',(239.001100430256,7.58270069141893,0.578119919309684));
#7203=CARTESIAN_POINT('',(-17.9000000000202,-2.47035530079154,0.139194005379413));
#7204=CARTESIAN_POINT('Origin',(-19.0000000000202,-2.47035530079154,0.139194005379413));
#7205=CARTESIAN_POINT('Origin',(-19.0000000000202,-2.47035530079154,-14.));
#7206=CARTESIAN_POINT('',(-17.4000000000202,-2.47035530079154,-14.));
#7207=CARTESIAN_POINT('Origin',(-19.0000000000202,-2.47035530079154,-14.));
#7208=CARTESIAN_POINT('',(-17.9000000000202,-2.47035530079154,-14.));
#7209=CARTESIAN_POINT('Origin',(-19.0000000000202,-2.47035530079154,-14.));
#7210=CARTESIAN_POINT('Origin',(-19.0000000000202,-2.47035530079154,-15.5));
#7211=CARTESIAN_POINT('',(-17.4000000000202,-2.47035530079154,-17.));
#7212=CARTESIAN_POINT('Origin',(-19.0000000000202,-2.47035530079154,-17.));
#7213=CARTESIAN_POINT('',(-17.4000000000202,-2.47035530079154,-15.5));
#7214=CARTESIAN_POINT('Origin',(-19.0000000000202,-2.47035530079154,-3.));
#7215=CARTESIAN_POINT('',(-17.9000000000202,-2.47035530079154,-3.));
#7216=CARTESIAN_POINT('Origin',(239.001100430256,7.58270069141893,-14.));
#7217=CARTESIAN_POINT('',(240.601100430256,7.58270069141893,-14.));
#7218=CARTESIAN_POINT('Origin',(239.001100430256,7.58270069141893,-14.));
#7219=CARTESIAN_POINT('',(240.101100430256,7.58270069141893,-14.));
#7220=CARTESIAN_POINT('Origin',(239.001100430256,7.58270069141893,-14.));
#7221=CARTESIAN_POINT('Origin',(239.001100430256,7.58270069141893,-15.5));
#7222=CARTESIAN_POINT('',(240.601100430256,7.58270069141893,-17.));
#7223=CARTESIAN_POINT('Origin',(239.001100430256,7.58270069141893,-17.));
#7224=CARTESIAN_POINT('',(240.601100430256,7.58270069141893,-15.5));
#7225=CARTESIAN_POINT('Origin',(239.001100430256,7.58270069141893,-3.));
#7226=CARTESIAN_POINT('',(240.101100430256,7.58270069141893,-3.));
#7227=CARTESIAN_POINT('Origin',(435.002080908688,-172.451602064567,-14.));
#7228=CARTESIAN_POINT('',(436.602080908688,-172.451602064567,-14.));
#7229=CARTESIAN_POINT('Origin',(435.002080908688,-172.451602064567,-14.));
#7230=CARTESIAN_POINT('',(436.102080908688,-172.451602064567,-14.));
#7231=CARTESIAN_POINT('Origin',(435.002080908688,-172.451602064567,-14.));
#7232=CARTESIAN_POINT('Origin',(435.002080908688,-172.451602064567,-15.5));
#7233=CARTESIAN_POINT('',(436.602080908688,-172.451602064567,-17.));
#7234=CARTESIAN_POINT('Origin',(435.002080908688,-172.451602064567,-17.));
#7235=CARTESIAN_POINT('',(436.602080908688,-172.451602064567,-15.5));
#7236=CARTESIAN_POINT('Origin',(435.002080908688,-172.451602064567,-3.));
#7237=CARTESIAN_POINT('',(436.102080908688,-172.451602064567,-3.));
#7238=CARTESIAN_POINT('Origin',(435.002080908688,7.58270069141895,-14.));
#7239=CARTESIAN_POINT('',(436.602080908688,7.58270069141895,-14.));
#7240=CARTESIAN_POINT('Origin',(435.002080908688,7.58270069141895,-14.));
#7241=CARTESIAN_POINT('',(436.102080908688,7.58270069141895,-14.));
#7242=CARTESIAN_POINT('Origin',(435.002080908688,7.58270069141895,-14.));
#7243=CARTESIAN_POINT('Origin',(435.002080908688,7.58270069141895,-15.5));
#7244=CARTESIAN_POINT('',(436.602080908688,7.58270069141895,-17.));
#7245=CARTESIAN_POINT('Origin',(435.002080908688,7.58270069141895,-17.));
#7246=CARTESIAN_POINT('',(436.602080908688,7.58270069141895,-15.5));
#7247=CARTESIAN_POINT('Origin',(435.002080908688,7.58270069141895,-3.));
#7248=CARTESIAN_POINT('',(436.102080908688,7.58270069141895,-3.));
#7249=CARTESIAN_POINT('Origin',(208.002080908688,-172.451602064567,-14.));
#7250=CARTESIAN_POINT('',(209.602080908688,-172.451602064567,-14.));
#7251=CARTESIAN_POINT('Origin',(208.002080908688,-172.451602064567,-14.));
#7252=CARTESIAN_POINT('',(209.102080908688,-172.451602064567,-14.));
#7253=CARTESIAN_POINT('Origin',(208.002080908688,-172.451602064567,-14.));
#7254=CARTESIAN_POINT('Origin',(208.002080908688,-172.451602064567,-15.5));
#7255=CARTESIAN_POINT('',(209.602080908688,-172.451602064567,-17.));
#7256=CARTESIAN_POINT('Origin',(208.002080908688,-172.451602064567,-17.));
#7257=CARTESIAN_POINT('',(209.602080908688,-172.451602064567,-15.5));
#7258=CARTESIAN_POINT('Origin',(208.002080908688,-172.451602064567,-3.));
#7259=CARTESIAN_POINT('',(209.102080908688,-172.451602064567,-3.));
#7260=CARTESIAN_POINT('Origin',(43.0001199518237,7.5201269442405,-14.));
#7261=CARTESIAN_POINT('',(44.6001199518237,7.5201269442405,-14.));
#7262=CARTESIAN_POINT('Origin',(43.0001199518237,7.5201269442405,-14.));
#7263=CARTESIAN_POINT('',(44.1001199518237,7.5201269442405,-14.));
#7264=CARTESIAN_POINT('Origin',(43.0001199518237,7.5201269442405,-14.));
#7265=CARTESIAN_POINT('Origin',(43.0001199518237,7.5201269442405,-15.5));
#7266=CARTESIAN_POINT('',(44.6001199518237,7.5201269442405,-17.));
#7267=CARTESIAN_POINT('Origin',(43.0001199518237,7.5201269442405,-17.));
#7268=CARTESIAN_POINT('',(44.6001199518237,7.5201269442405,-15.5));
#7269=CARTESIAN_POINT('Origin',(43.0001199518237,7.5201269442405,-3.));
#7270=CARTESIAN_POINT('',(44.1001199518237,7.5201269442405,-3.));
#7271=CARTESIAN_POINT('Origin',(-18.9979190913116,-172.451602064567,-14.));
#7272=CARTESIAN_POINT('',(-17.3979190913116,-172.451602064567,-14.));
#7273=CARTESIAN_POINT('Origin',(-18.9979190913116,-172.451602064567,-14.));
#7274=CARTESIAN_POINT('',(-17.8979190913116,-172.451602064567,-14.));
#7275=CARTESIAN_POINT('Origin',(-18.9979190913116,-172.451602064567,-14.));
#7276=CARTESIAN_POINT('Origin',(-18.9979190913116,-172.451602064567,-15.5));
#7277=CARTESIAN_POINT('',(-17.3979190913116,-172.451602064567,-17.));
#7278=CARTESIAN_POINT('Origin',(-18.9979190913116,-172.451602064567,-17.));
#7279=CARTESIAN_POINT('',(-17.3979190913116,-172.451602064567,-15.5));
#7280=CARTESIAN_POINT('Origin',(-18.9979190913116,-172.451602064567,-3.));
#7281=CARTESIAN_POINT('',(-17.8979190913116,-172.451602064567,-3.));
#7282=CARTESIAN_POINT('Origin',(208.002080908688,-82.4344506865738,-14.));
#7283=CARTESIAN_POINT('',(-7.12500000000004,-32.3017654436837,-14.));
#7284=CARTESIAN_POINT('Ctrl Pts',(-7.12500000000004,-32.3017654436837,-14.));
#7285=CARTESIAN_POINT('Ctrl Pts',(-7.12500000000004,-32.0029078961957,-14.));
#7286=CARTESIAN_POINT('Ctrl Pts',(-7.41124276968557,-31.4071753397601,-14.));
#7287=CARTESIAN_POINT('Ctrl Pts',(-8.37931811006816,-31.1877512988116,-14.));
#7288=CARTESIAN_POINT('Ctrl Pts',(-9.15768526198788,-31.8053389513662,-14.));
#7289=CARTESIAN_POINT('Ctrl Pts',(-9.15524580208938,-32.7971848545213,-14.));
#7290=CARTESIAN_POINT('Ctrl Pts',(-8.38034401678351,-33.4183371872877,-14.));
#7291=CARTESIAN_POINT('Ctrl Pts',(-7.41115560460187,-33.1944562618268,-14.));
#7292=CARTESIAN_POINT('Ctrl Pts',(-7.12500000000004,-32.6006229911717,-14.));
#7293=CARTESIAN_POINT('Ctrl Pts',(-7.12500000000004,-32.3017654436837,-14.));
#7294=CARTESIAN_POINT('Origin',(208.002080908688,-82.4344506865738,-14.));
#7295=CARTESIAN_POINT('',(-7.12500000000004,-160.929223972348,-14.));
#7296=CARTESIAN_POINT('Ctrl Pts',(-7.12500000000004,-160.929223972348,-14.));
#7297=CARTESIAN_POINT('Ctrl Pts',(-7.12500000000004,-160.63036642486,-14.));
#7298=CARTESIAN_POINT('Ctrl Pts',(-7.41158880583351,-160.034363815323,-14.));
#7299=CARTESIAN_POINT('Ctrl Pts',(-8.37935279644697,-159.815655081326,-14.));
#7300=CARTESIAN_POINT('Ctrl Pts',(-9.15800751247369,-160.432726239847,-14.));
#7301=CARTESIAN_POINT('Ctrl Pts',(-9.15492384955607,-161.424560901856,-14.));
#7302=CARTESIAN_POINT('Ctrl Pts',(-8.38041138152174,-162.046157024445,-14.));
#7303=CARTESIAN_POINT('Ctrl Pts',(-7.41147719384013,-161.821803933306,-14.));
#7304=CARTESIAN_POINT('Ctrl Pts',(-7.12500000000004,-161.228081519836,-14.));
#7305=CARTESIAN_POINT('Ctrl Pts',(-7.12500000000004,-160.929223972348,-14.));
#7306=CARTESIAN_POINT('Origin',(208.002080908688,-82.4344506865738,-14.));
#7307=CARTESIAN_POINT('',(424.875,-160.929223972348,-14.));
#7308=CARTESIAN_POINT('Ctrl Pts',(424.875,-160.929223972348,-14.));
#7309=CARTESIAN_POINT('Ctrl Pts',(424.875,-160.63036642486,-14.));
#7310=CARTESIAN_POINT('Ctrl Pts',(424.588126822165,-160.034374988145,-14.));
#7311=CARTESIAN_POINT('Ctrl Pts',(423.620433056775,-159.816022122379,-14.));
#7312=CARTESIAN_POINT('Ctrl Pts',(422.841746844739,-160.432849142705,-14.));
#7313=CARTESIAN_POINT('Ctrl Pts',(422.845175184293,-161.424655038664,-14.));
#7314=CARTESIAN_POINT('Ctrl Pts',(423.619495585634,-162.046407004584,-14.));
#7315=CARTESIAN_POINT('Ctrl Pts',(424.588257988543,-161.821859546274,-14.));
#7316=CARTESIAN_POINT('Ctrl Pts',(424.875,-161.228081519836,-14.));
#7317=CARTESIAN_POINT('Ctrl Pts',(424.875,-160.929223972348,-14.));
#7318=CARTESIAN_POINT('Origin',(208.002080908688,-82.4344506865738,-14.));
#7319=CARTESIAN_POINT('',(424.875,-32.3017654436837,-14.));
#7320=CARTESIAN_POINT('Ctrl Pts',(424.875,-32.3017654436837,-14.));
#7321=CARTESIAN_POINT('Ctrl Pts',(424.875,-32.0029078961957,-14.));
#7322=CARTESIAN_POINT('Ctrl Pts',(424.588179890349,-31.4068986090378,-14.));
#7323=CARTESIAN_POINT('Ctrl Pts',(423.620483121585,-31.1884927606426,-14.));
#7324=CARTESIAN_POINT('Ctrl Pts',(422.841796027054,-31.8053525319676,-14.));
#7325=CARTESIAN_POINT('Ctrl Pts',(422.845175046274,-32.7971623917405,-14.));
#7326=CARTESIAN_POINT('Ctrl Pts',(423.619518531571,-33.4189006659582,-14.));
#7327=CARTESIAN_POINT('Ctrl Pts',(424.588304842252,-33.1943806115496,-14.));
#7328=CARTESIAN_POINT('Ctrl Pts',(424.875,-32.6006229911717,-14.));
#7329=CARTESIAN_POINT('Ctrl Pts',(424.875,-32.3017654436837,-14.));
#7330=CARTESIAN_POINT('Origin',(208.002080908688,-82.4344506865738,-14.));
#7331=CARTESIAN_POINT('',(-7.12500000000004,-96.6154947080158,-14.));
#7332=CARTESIAN_POINT('Ctrl Pts',(-7.12500000000004,-96.6154947080158,-14.));
#7333=CARTESIAN_POINT('Ctrl Pts',(-7.12500000000004,-96.3166371605278,-14.));
#7334=CARTESIAN_POINT('Ctrl Pts',(-7.41147118252593,-95.7206939674185,-14.));
#7335=CARTESIAN_POINT('Ctrl Pts',(-8.37931096392921,-95.5017767010227,-14.));
#7336=CARTESIAN_POINT('Ctrl Pts',(-9.15790724334637,-96.118999445034,-14.));
#7337=CARTESIAN_POINT('Ctrl Pts',(-9.15502003561222,-97.1108443670932,-14.));
#7338=CARTESIAN_POINT('Ctrl Pts',(-8.38038706371144,-97.7323168459609,-14.));
#7339=CARTESIAN_POINT('Ctrl Pts',(-7.41136135625067,-97.5080907470241,-14.));
#7340=CARTESIAN_POINT('Ctrl Pts',(-7.12500000000004,-96.9143522555038,-14.));
#7341=CARTESIAN_POINT('Ctrl Pts',(-7.12500000000004,-96.6154947080158,-14.));
#7342=CARTESIAN_POINT('Origin',(208.002080908688,-82.4344506865738,-14.));
#7343=CARTESIAN_POINT('',(423.875,-96.6154947080158,-14.));
#7344=CARTESIAN_POINT('Ctrl Pts',(423.875,-96.6154947080158,-14.));
#7345=CARTESIAN_POINT('Ctrl Pts',(423.875,-96.3166371605278,-14.));
#7346=CARTESIAN_POINT('Ctrl Pts',(423.588151811467,-95.7206364959534,-14.));
#7347=CARTESIAN_POINT('Ctrl Pts',(422.620457108912,-95.5022593065882,-14.));
#7348=CARTESIAN_POINT('Ctrl Pts',(421.841770297117,-96.1191010679049,-14.));
#7349=CARTESIAN_POINT('Ctrl Pts',(421.845176266954,-97.1109086826859,-14.));
#7350=CARTESIAN_POINT('Ctrl Pts',(422.619506778567,-97.7326550337766,-14.));
#7351=CARTESIAN_POINT('Ctrl Pts',(423.588279924384,-97.5081201106649,-14.));
#7352=CARTESIAN_POINT('Ctrl Pts',(423.875,-96.9143522555038,-14.));
#7353=CARTESIAN_POINT('Ctrl Pts',(423.875,-96.6154947080158,-14.));
#7354=CARTESIAN_POINT('Ctrl Pts',(-7.12500000000004,-32.3017654436837,-14.));
#7355=CARTESIAN_POINT('Ctrl Pts',(-7.12500000000004,-32.0029078961957,-14.));
#7356=CARTESIAN_POINT('Ctrl Pts',(-7.41124276968557,-31.4071753397601,-14.));
#7357=CARTESIAN_POINT('Ctrl Pts',(-8.37931811006816,-31.1877512988116,-14.));
#7358=CARTESIAN_POINT('Ctrl Pts',(-9.15768526198788,-31.8053389513662,-14.));
#7359=CARTESIAN_POINT('Ctrl Pts',(-9.15524580208938,-32.7971848545213,-14.));
#7360=CARTESIAN_POINT('Ctrl Pts',(-8.38034401678351,-33.4183371872877,-14.));
#7361=CARTESIAN_POINT('Ctrl Pts',(-7.41115560460187,-33.1944562618268,-14.));
#7362=CARTESIAN_POINT('Ctrl Pts',(-7.12500000000004,-32.6006229911717,-14.));
#7363=CARTESIAN_POINT('Ctrl Pts',(-7.12500000000004,-32.3017654436837,-14.));
#7364=CARTESIAN_POINT('Ctrl Pts',(-7.12500000000004,-32.3017654436837,-6.13141610867447));
#7365=CARTESIAN_POINT('Ctrl Pts',(-7.12500000000004,-32.0029078961957,-6.13141610867447));
#7366=CARTESIAN_POINT('Ctrl Pts',(-7.41124276968557,-31.4071753397601,-6.13141610867447));
#7367=CARTESIAN_POINT('Ctrl Pts',(-8.37931811006816,-31.1877512988116,-6.13141610867447));
#7368=CARTESIAN_POINT('Ctrl Pts',(-9.15768526198788,-31.8053389513662,-6.13141610867447));
#7369=CARTESIAN_POINT('Ctrl Pts',(-9.15524580208938,-32.7971848545213,-6.13141610867447));
#7370=CARTESIAN_POINT('Ctrl Pts',(-8.38034401678351,-33.4183371872877,-6.13141610867447));
#7371=CARTESIAN_POINT('Ctrl Pts',(-7.41115560460187,-33.1944562618268,-6.13141610867447));
#7372=CARTESIAN_POINT('Ctrl Pts',(-7.12500000000004,-32.6006229911717,-6.13141610867447));
#7373=CARTESIAN_POINT('Ctrl Pts',(-7.12500000000004,-32.3017654436837,-6.13141610867447));
#7374=CARTESIAN_POINT('',(-7.12500000000004,-32.3017654436837,-6.17504683800239));
#7375=CARTESIAN_POINT('Ctrl Pts',(-7.12500000000004,-32.3017654436837,-6.17504683800239));
#7376=CARTESIAN_POINT('Ctrl Pts',(-7.12500000000004,-32.2964690123213,-6.17481559081506));
#7377=CARTESIAN_POINT('Ctrl Pts',(-7.125044950447,-32.2911718963223,-6.17458430014269));
#7378=CARTESIAN_POINT('Ctrl Pts',(-7.12513461061933,-32.2858745459251,-6.17435298780311));
#7379=CARTESIAN_POINT('Ctrl Pts',(-7.12587230945522,-32.2422894275869,-6.17244981453013));
#7380=CARTESIAN_POINT('Ctrl Pts',(-7.12962848838565,-32.1989055875899,-6.1705547259216));
#7381=CARTESIAN_POINT('Ctrl Pts',(-7.13620953611468,-32.1559716511905,-6.16867960135985));
#7382=CARTESIAN_POINT('Ctrl Pts',(-7.14297807196509,-32.1118145656193,-6.16675105618851));
#7383=CARTESIAN_POINT('Ctrl Pts',(-7.15273499955087,-32.0681323037648,-6.16484362878277));
#7384=CARTESIAN_POINT('Ctrl Pts',(-7.16532508700684,-32.0251983124784,-6.16297024302328));
#7385=CARTESIAN_POINT('Ctrl Pts',(-7.17701554512143,-31.98533218537,-6.161230720734));
#7386=CARTESIAN_POINT('Ctrl Pts',(-7.19114961745948,-31.9461105380502,-6.15952054898641));
#7387=CARTESIAN_POINT('Ctrl Pts',(-7.20764041068564,-31.9077671180331,-6.157850074467));
#7388=CARTESIAN_POINT('Ctrl Pts',(-7.22538467532585,-31.866509200196,-6.1560526265492));
#7389=CARTESIAN_POINT('Ctrl Pts',(-7.24574126224503,-31.8265368269214,-6.15431298176796));
#7390=CARTESIAN_POINT('Ctrl Pts',(-7.26854413648893,-31.7881159484421,-6.15264201608295));
#7391=CARTESIAN_POINT('Ctrl Pts',(-7.29106260537848,-31.7501742684814,-6.15099189126136));
#7392=CARTESIAN_POINT('Ctrl Pts',(-7.31596733777434,-31.7137446150584,-6.14940874304067));
#7393=CARTESIAN_POINT('Ctrl Pts',(-7.34314309454004,-31.6791046711192,-6.1479030454888));
#7394=CARTESIAN_POINT('Ctrl Pts',(-7.36835158911597,-31.6469723243945,-6.1465063458901));
#7395=CARTESIAN_POINT('Ctrl Pts',(-7.39551495268578,-31.6163795059751,-6.14517628946964));
#7396=CARTESIAN_POINT('Ctrl Pts',(-7.42456969689069,-31.5875761463469,-6.14392123632176));
#7397=CARTESIAN_POINT('Ctrl Pts',(-7.4488731218646,-31.5634829970565,-6.14287142188174));
#7398=CARTESIAN_POINT('Ctrl Pts',(-7.47437931369574,-31.5407627394121,-6.14187938287245));
#7399=CARTESIAN_POINT('Ctrl Pts',(-7.50102796732795,-31.5195378053776,-6.14094837388924));
#7400=CARTESIAN_POINT('Ctrl Pts',(-7.53510083477905,-31.492399685231,-6.13975798933479));
#7401=CARTESIAN_POINT('Ctrl Pts',(-7.57104058380376,-31.4677042445155,-6.13866737717108));
#7402=CARTESIAN_POINT('Ctrl Pts',(-7.60854046238591,-31.4454765311718,-6.13768334034741));
#7403=CARTESIAN_POINT('Ctrl Pts',(-7.64683124668564,-31.4227800156284,-6.13667854931386));
#7404=CARTESIAN_POINT('Ctrl Pts',(-7.68674974444768,-31.4026559845432,-6.13578487656477));
#7405=CARTESIAN_POINT('Ctrl Pts',(-7.72799475086451,-31.3851779601003,-6.13500956463234));
#7406=CARTESIAN_POINT('Ctrl Pts',(-7.73449058569752,-31.3824252787492,-6.13488745777154));
#7407=CARTESIAN_POINT('Ctrl Pts',(-7.74101935415354,-31.3797383302954,-6.13476828676944));
#7408=CARTESIAN_POINT('Ctrl Pts',(-7.74757990726322,-31.3771175163691,-6.13465207991919));
#7409=CARTESIAN_POINT('Ctrl Pts',(-7.78899575105385,-31.360572688767,-6.133918482511));
#7410=CARTESIAN_POINT('Ctrl Pts',(-7.83140888655709,-31.3467664308484,-6.13330781533138));
#7411=CARTESIAN_POINT('Ctrl Pts',(-7.87450207766402,-31.3357225147949,-6.1328225505712));
#7412=CARTESIAN_POINT('Ctrl Pts',(-7.91767084086967,-31.324659231136,-6.13233643480705));
#7413=CARTESIAN_POINT('Ctrl Pts',(-7.96152323268871,-31.3163677239824,-6.13197616168195));
#7414=CARTESIAN_POINT('Ctrl Pts',(-8.0057582915008,-31.3109201264687,-6.13174421641595));
#7415=CARTESIAN_POINT('Ctrl Pts',(-8.04630083517177,-31.3059272663701,-6.13153163274751));
#7416=CARTESIAN_POINT('Ctrl Pts',(-8.08716571068573,-31.3033237159186,-6.13142684683431));
#7417=CARTESIAN_POINT('Ctrl Pts',(-8.12812164160225,-31.3032035019621,-6.13143177204214));
#7418=CARTESIAN_POINT('Ctrl Pts',(-8.17276664734091,-31.3030724598235,-6.13143714088439));
#7419=CARTESIAN_POINT('Ctrl Pts',(-8.21723049526107,-31.305892723513,-6.13157284009977));
#7420=CARTESIAN_POINT('Ctrl Pts',(-8.26121462258229,-31.3117220267413,-6.13183632095732));
#7421=CARTESIAN_POINT('Ctrl Pts',(-8.29028114285592,-31.315574270057,-6.13201043994419));
#7422=CARTESIAN_POINT('Ctrl Pts',(-8.31913843706424,-31.3207416068243,-6.13224036257919));
#7423=CARTESIAN_POINT('Ctrl Pts',(-8.34770007865768,-31.3272532477288,-6.13252535330725));
#7424=CARTESIAN_POINT('Ctrl Pts',(-8.39093921576026,-31.3371111451788,-6.13295679745668));
#7425=CARTESIAN_POINT('Ctrl Pts',(-8.43350206544375,-31.3500478812055,-6.13351444985595));
#7426=CARTESIAN_POINT('Ctrl Pts',(-8.47515083831009,-31.3658661347501,-6.13419575841058));
#7427=CARTESIAN_POINT('Ctrl Pts',(-8.48581837835321,-31.3699176791651,-6.13437026262254));
#7428=CARTESIAN_POINT('Ctrl Pts',(-8.4964258376742,-31.3741585015169,-6.13455287905756));
#7429=CARTESIAN_POINT('Ctrl Pts',(-8.50696895123316,-31.3785857609876,-6.13474356483283));
#7430=CARTESIAN_POINT('Ctrl Pts',(-8.54778442793395,-31.3957249774785,-6.13548176524909));
#7431=CARTESIAN_POINT('Ctrl Pts',(-8.58737515704643,-31.4155443948889,-6.13633610214557));
#7432=CARTESIAN_POINT('Ctrl Pts',(-8.62552620663893,-31.437806114753,-6.1372995511314));
#7433=CARTESIAN_POINT('Ctrl Pts',(-8.66417262571537,-31.4603568902734,-6.13827550994938));
#7434=CARTESIAN_POINT('Ctrl Pts',(-8.70134273880449,-31.4854144711583,-6.13936343276821));
#7435=CARTESIAN_POINT('Ctrl Pts',(-8.73679137395282,-31.512779963824,-6.14055601800577));
#7436=CARTESIAN_POINT('Ctrl Pts',(-8.769263038358,-31.5378473067671,-6.14164845012471));
#7437=CARTESIAN_POINT('Ctrl Pts',(-8.80029055050498,-31.5648521811325,-6.14282870373942));
#7438=CARTESIAN_POINT('Ctrl Pts',(-8.82965878608682,-31.5936693286369,-6.14409116666372));
#7439=CARTESIAN_POINT('Ctrl Pts',(-8.86174361608305,-31.6251520942964,-6.1454704088109));
#7440=CARTESIAN_POINT('Ctrl Pts',(-8.89163908170496,-31.6585921439689,-6.14693868033709));
#7441=CARTESIAN_POINT('Ctrl Pts',(-8.91911014859468,-31.6937812960241,-6.14848502987881));
#7442=CARTESIAN_POINT('Ctrl Pts',(-8.94596974362274,-31.7281871812188,-6.1499969595985));
#7443=CARTESIAN_POINT('Ctrl Pts',(-8.97051242849704,-31.7642660178351,-6.15158353017817));
#7444=CARTESIAN_POINT('Ctrl Pts',(-8.99248231792811,-31.8018558722193,-6.15323450538874));
#7445=CARTESIAN_POINT('Ctrl Pts',(-9.00502996513222,-31.8233245388117,-6.15417742567744));
#7446=CARTESIAN_POINT('Ctrl Pts',(-9.01673766924223,-31.8452866148605,-6.15514135402627));
#7447=CARTESIAN_POINT('Ctrl Pts',(-9.02755082668484,-31.8677153264663,-6.15612438346778));
#7448=CARTESIAN_POINT('Ctrl Pts',(-9.03460995427326,-31.882357408366,-6.15676613221579));
#7449=CARTESIAN_POINT('Ctrl Pts',(-9.04128771462362,-31.8971984172259,-6.15741602154143));
#7450=CARTESIAN_POINT('Ctrl Pts',(-9.04758389484078,-31.9122236137408,-6.15807352087945));
#7451=CARTESIAN_POINT('Ctrl Pts',(-9.06440004872623,-31.9523536621254,-6.15982960308586));
#7452=CARTESIAN_POINT('Ctrl Pts',(-9.07839125101397,-31.9935415361947,-6.16162869412249));
#7453=CARTESIAN_POINT('Ctrl Pts',(-9.08962626862687,-32.0354776275219,-6.16345884480174));
#7454=CARTESIAN_POINT('Ctrl Pts',(-9.10116826913168,-32.0785595704209,-6.16533900207356));
#7455=CARTESIAN_POINT('Ctrl Pts',(-9.10980160632646,-32.1224322897861,-6.16725193950901));
#7456=CARTESIAN_POINT('Ctrl Pts',(-9.11554928451707,-32.1667800526588,-6.16918470142331));
#7457=CARTESIAN_POINT('Ctrl Pts',(-9.12087321230341,-32.2078582548807,-6.17097496951395));
#7458=CARTESIAN_POINT('Ctrl Pts',(-9.12372076522531,-32.2493450109694,-6.17278224669944));
#7459=CARTESIAN_POINT('Ctrl Pts',(-9.12407037968468,-32.2909910264791,-6.1745962367196));
#7460=CARTESIAN_POINT('Ctrl Pts',(-9.12444758795545,-32.3359240121546,-6.17655339844548));
#7461=CARTESIAN_POINT('Ctrl Pts',(-9.12191516756625,-32.3807491564477,-6.1785054688179));
#7462=CARTESIAN_POINT('Ctrl Pts',(-9.1165092390831,-32.4251527085206,-6.18043946323108));
#7463=CARTESIAN_POINT('Ctrl Pts',(-9.11118050983841,-32.4689221566804,-6.18234583928112));
#7464=CARTESIAN_POINT('Ctrl Pts',(-9.10305960744138,-32.5122831419259,-6.18423465195231));
#7465=CARTESIAN_POINT('Ctrl Pts',(-9.09213179839939,-32.5549336340084,-6.18609346501185));
#7466=CARTESIAN_POINT('Ctrl Pts',(-9.08198049710026,-32.5945534694231,-6.18782019462011));
#7467=CARTESIAN_POINT('Ctrl Pts',(-9.06940654570428,-32.6335609121011,-6.1895210365637));
#7468=CARTESIAN_POINT('Ctrl Pts',(-9.0543604090473,-32.6716995171955,-6.19118602177124));
#7469=CARTESIAN_POINT('Ctrl Pts',(-9.04583875513914,-32.6933000117653,-6.19212901650964));
#7470=CARTESIAN_POINT('Ctrl Pts',(-9.03655212898822,-32.7145485477068,-6.19305728520459));
#7471=CARTESIAN_POINT('Ctrl Pts',(-9.02650208118815,-32.7354025927899,-6.19396928091726));
#7472=CARTESIAN_POINT('Ctrl Pts',(-9.00755044591989,-32.7747276053813,-6.1956890548384));
#7473=CARTESIAN_POINT('Ctrl Pts',(-8.98588712207263,-32.8126513315306,-6.19735096265119));
#7474=CARTESIAN_POINT('Ctrl Pts',(-8.96178173334653,-32.8490170796284,-6.19894463124945));
#7475=CARTESIAN_POINT('Ctrl Pts',(-8.93713181256788,-32.8862043168827,-6.20057430024758));
#7476=CARTESIAN_POINT('Ctrl Pts',(-8.90992748717544,-32.9217632650771,-6.20213261221069));
#7477=CARTESIAN_POINT('Ctrl Pts',(-8.88041204289896,-32.9554969604517,-6.2036084750589));
#7478=CARTESIAN_POINT('Ctrl Pts',(-8.86846044605876,-32.9691566405592,-6.20420609160121));
#7479=CARTESIAN_POINT('Ctrl Pts',(-8.85612946388893,-32.9825166364619,-6.20479018931007));
#7480=CARTESIAN_POINT('Ctrl Pts',(-8.84343366769339,-32.9955620273275,-6.20536003173623));
#7481=CARTESIAN_POINT('Ctrl Pts',(-8.81219138381187,-33.0276646066767,-6.20676232101148));
#7482=CARTESIAN_POINT('Ctrl Pts',(-8.7789452709498,-33.0576563073058,-6.20806907596614));
#7483=CARTESIAN_POINT('Ctrl Pts',(-8.74396584465303,-33.0853692145443,-6.2092728388859));
#7484=CARTESIAN_POINT('Ctrl Pts',(-8.70913362006443,-33.1129654993073,-6.21047153608627));
#7485=CARTESIAN_POINT('Ctrl Pts',(-8.6725816703164,-33.1383028564741,-6.21156810625756));
#7486=CARTESIAN_POINT('Ctrl Pts',(-8.63454195969734,-33.1611790063394,-6.21255518544126));
#7487=CARTESIAN_POINT('Ctrl Pts',(-8.59954081170924,-33.1822278390935,-6.21346341802301));
#7488=CARTESIAN_POINT('Ctrl Pts',(-8.5632791701126,-33.2011930248664,-6.21427895299374));
#7489=CARTESIAN_POINT('Ctrl Pts',(-8.52592166448527,-33.2178814197841,-6.21499605385889));
#7490=CARTESIAN_POINT('Ctrl Pts',(-8.48526984269686,-33.2360414560269,-6.215776391199));
#7491=CARTESIAN_POINT('Ctrl Pts',(-8.44358369963292,-33.2513881663293,-6.21643506190254));
#7492=CARTESIAN_POINT('Ctrl Pts',(-8.40110039092477,-33.2637326097647,-6.21696926388907));
#7493=CARTESIAN_POINT('Ctrl Pts',(-8.38351948168289,-33.2688411228791,-6.21719033322024));
#7494=CARTESIAN_POINT('Ctrl Pts',(-8.36580174315918,-33.2734349560231,-6.21739008652694));
#7495=CARTESIAN_POINT('Ctrl Pts',(-8.34796291230422,-33.2774983109165,-6.21756832522272));
#7496=CARTESIAN_POINT('Ctrl Pts',(-8.30484971294628,-33.2873186983064,-6.21799909562952));
#7497=CARTESIAN_POINT('Ctrl Pts',(-8.26102950117329,-33.2940442649811,-6.21830419904257));
#7498=CARTESIAN_POINT('Ctrl Pts',(-8.21680229297898,-33.2977688144365,-6.21848083208691));
#7499=CARTESIAN_POINT('Ctrl Pts',(-8.19438450716875,-33.2996567055185,-6.21857036343914));
#7500=CARTESIAN_POINT('Ctrl Pts',(-8.17186205406957,-33.3007727087827,-6.21862688754081));
#7501=CARTESIAN_POINT('Ctrl Pts',(-8.14927419472635,-33.3011239639246,-6.21865003930966));
#7502=CARTESIAN_POINT('Ctrl Pts',(-8.10499405189518,-33.3018125474517,-6.2186954249133));
#7503=CARTESIAN_POINT('Ctrl Pts',(-8.06074718598962,-33.2995612117354,-6.21861226627546));
#7504=CARTESIAN_POINT('Ctrl Pts',(-8.01683031902978,-33.2944974109139,-6.2184027283274));
#7505=CARTESIAN_POINT('Ctrl Pts',(-7.97238136640265,-33.2893722583608,-6.21819065167048));
#7506=CARTESIAN_POINT('Ctrl Pts',(-7.92826925903747,-33.2813658746088,-6.21784911479234));
#7507=CARTESIAN_POINT('Ctrl Pts',(-7.88480187267522,-33.2705574831783,-6.21738036227074));
#7508=CARTESIAN_POINT('Ctrl Pts',(-7.84498575120535,-33.2606569977315,-6.21695098500881));
#7509=CARTESIAN_POINT('Ctrl Pts',(-7.80570988440845,-33.2484047161555,-6.21641486672173));
#7510=CARTESIAN_POINT('Ctrl Pts',(-7.76722417095635,-33.2338254967613,-6.21577373253594));
#7511=CARTESIAN_POINT('Ctrl Pts',(-7.72517026469219,-33.2178945688712,-6.21507315576254));
#7512=CARTESIAN_POINT('Ctrl Pts',(-7.68433381217815,-33.1992895844447,-6.21425180298803));
#7513=CARTESIAN_POINT('Ctrl Pts',(-7.64501723741894,-33.1781022484222,-6.21331669980974));
#7514=CARTESIAN_POINT('Ctrl Pts',(-7.60646189862855,-33.1573251353747,-6.21239970182445));
#7515=CARTESIAN_POINT('Ctrl Pts',(-7.56936708194839,-33.1340642592568,-6.21137331559691));
#7516=CARTESIAN_POINT('Ctrl Pts',(-7.53403824934886,-33.1083610892649,-6.210244166492));
#7517=CARTESIAN_POINT('Ctrl Pts',(-7.52289555165291,-33.1002543211672,-6.20988803337908));
#7518=CARTESIAN_POINT('Ctrl Pts',(-7.51192874612278,-33.0919042856823,-6.20952167773651));
#7519=CARTESIAN_POINT('Ctrl Pts',(-7.50114810548168,-33.0833114317399,-6.20914530743486));
#7520=CARTESIAN_POINT('Ctrl Pts',(-7.47984238357448,-33.066329420876,-6.20840148883928));
#7521=CARTESIAN_POINT('Ctrl Pts',(-7.45926340929911,-33.0483992743202,-6.20761855558557));
#7522=CARTESIAN_POINT('Ctrl Pts',(-7.43944201925159,-33.0295813405622,-6.20679811220447));
#7523=CARTESIAN_POINT('Ctrl Pts',(-7.40769612948728,-32.9994425839341,-6.20548409209428));
#7524=CARTESIAN_POINT('Ctrl Pts',(-7.37809395636958,-32.9672209151771,-6.20408233369749));
#7525=CARTESIAN_POINT('Ctrl Pts',(-7.35071232919623,-32.9332159639921,-6.20260292467507));
#7526=CARTESIAN_POINT('Ctrl Pts',(-7.32273355344946,-32.8984694203532,-6.2010912521578));
#7527=CARTESIAN_POINT('Ctrl Pts',(-7.29707259299755,-32.8618600291901,-6.1994985052172));
#7528=CARTESIAN_POINT('Ctrl Pts',(-7.27385010721928,-32.8236691522756,-6.19783544599835));
#7529=CARTESIAN_POINT('Ctrl Pts',(-7.25245621704449,-32.7884855188701,-6.19630334014964));
#7530=CARTESIAN_POINT('Ctrl Pts',(-7.2331319858179,-32.7519585934631,-6.19471155918339));
#7531=CARTESIAN_POINT('Ctrl Pts',(-7.21600695676207,-32.7142912501834,-6.19306851786498));
#7532=CARTESIAN_POINT('Ctrl Pts',(-7.19750835763259,-32.6736026720016,-6.19129369093748));
#7533=CARTESIAN_POINT('Ctrl Pts',(-7.18166962218808,-32.6317910374366,-6.18946816950072));
#7534=CARTESIAN_POINT('Ctrl Pts',(-7.16862014273202,-32.5891302000346,-6.187604410771));
#7535=CARTESIAN_POINT('Ctrl Pts',(-7.16014119499143,-32.5614111624961,-6.1863934266146));
#7536=CARTESIAN_POINT('Ctrl Pts',(-7.15284070926181,-32.5333330498507,-6.18516629944212));
#7537=CARTESIAN_POINT('Ctrl Pts',(-7.14676552651056,-32.504967616287,-6.1839264464293));
#7538=CARTESIAN_POINT('Ctrl Pts',(-7.13752444929387,-32.4618204102557,-6.18204048218791));
#7539=CARTESIAN_POINT('Ctrl Pts',(-7.13114998219943,-32.4181666070701,-6.18013199114397));
#7540=CARTESIAN_POINT('Ctrl Pts',(-7.12778581434551,-32.3742632191492,-6.17821356940297));
#7541=CARTESIAN_POINT('Ctrl Pts',(-7.12593877222552,-32.350158771862,-6.17716029087664));
#7542=CARTESIAN_POINT('Ctrl Pts',(-7.12500000000004,-32.3259788661627,-6.17610401885887));
#7543=CARTESIAN_POINT('Ctrl Pts',(-7.12500000000004,-32.3017654436837,-6.17504683800239));
#7544=CARTESIAN_POINT('Ctrl Pts',(-7.12500000000004,-32.3017654436837,-6.17504683800239));
#7545=CARTESIAN_POINT('Ctrl Pts',(-7.12500000000004,-32.3017654436837,-14.));
#7546=CARTESIAN_POINT('Ctrl Pts',(-7.12500000000004,-160.929223972348,-14.));
#7547=CARTESIAN_POINT('Ctrl Pts',(-7.12500000000004,-160.63036642486,-14.));
#7548=CARTESIAN_POINT('Ctrl Pts',(-7.41158880583351,-160.034363815323,-14.));
#7549=CARTESIAN_POINT('Ctrl Pts',(-8.37935279644697,-159.815655081326,-14.));
#7550=CARTESIAN_POINT('Ctrl Pts',(-9.15800751247369,-160.432726239847,-14.));
#7551=CARTESIAN_POINT('Ctrl Pts',(-9.15492384955607,-161.424560901856,-14.));
#7552=CARTESIAN_POINT('Ctrl Pts',(-8.38041138152174,-162.046157024445,-14.));
#7553=CARTESIAN_POINT('Ctrl Pts',(-7.41147719384013,-161.821803933306,-14.));
#7554=CARTESIAN_POINT('Ctrl Pts',(-7.12500000000004,-161.228081519836,-14.));
#7555=CARTESIAN_POINT('Ctrl Pts',(-7.12500000000004,-160.929223972348,-14.));
#7556=CARTESIAN_POINT('Ctrl Pts',(-7.12500000000004,-160.929223972348,-11.7474089641559));
#7557=CARTESIAN_POINT('Ctrl Pts',(-7.12500000000004,-160.63036642486,-11.7474089641559));
#7558=CARTESIAN_POINT('Ctrl Pts',(-7.41158880583351,-160.034363815323,-11.7474089641559));
#7559=CARTESIAN_POINT('Ctrl Pts',(-8.37935279644697,-159.815655081326,-11.7474089641559));
#7560=CARTESIAN_POINT('Ctrl Pts',(-9.15800751247369,-160.432726239847,-11.7474089641559));
#7561=CARTESIAN_POINT('Ctrl Pts',(-9.15492384955607,-161.424560901856,-11.7474089641559));
#7562=CARTESIAN_POINT('Ctrl Pts',(-8.38041138152174,-162.046157024445,-11.7474089641559));
#7563=CARTESIAN_POINT('Ctrl Pts',(-7.41147719384013,-161.821803933306,-11.7474089641559));
#7564=CARTESIAN_POINT('Ctrl Pts',(-7.12500000000004,-161.228081519836,-11.7474089641559));
#7565=CARTESIAN_POINT('Ctrl Pts',(-7.12500000000004,-160.929223972348,-11.7474089641559));
#7566=CARTESIAN_POINT('',(-7.12500000000004,-160.929223972348,-11.7910429612894));
#7567=CARTESIAN_POINT('Ctrl Pts',(-7.12500000000004,-160.929223972348,-11.7910429612894));
#7568=CARTESIAN_POINT('Ctrl Pts',(-7.12500000000004,-160.923678777713,-11.790800852863));
#7569=CARTESIAN_POINT('Ctrl Pts',(-7.12504933155046,-160.918132794946,-11.7905586971556));
#7570=CARTESIAN_POINT('Ctrl Pts',(-7.12514771630268,-160.91258654282,-11.7903165192091));
#7571=CARTESIAN_POINT('Ctrl Pts',(-7.12592068253856,-160.869012050506,-11.7884138323444));
#7572=CARTESIAN_POINT('Ctrl Pts',(-7.1297131569716,-160.825637958218,-11.7865193186801));
#7573=CARTESIAN_POINT('Ctrl Pts',(-7.13633076105169,-160.782713704005,-11.78464484708));
#7574=CARTESIAN_POINT('Ctrl Pts',(-7.14313811403339,-160.738558667474,-11.782716628093));
#7575=CARTESIAN_POINT('Ctrl Pts',(-7.15293520647847,-160.694878553364,-11.7808096169942));
#7576=CARTESIAN_POINT('Ctrl Pts',(-7.16556588371825,-160.651947826534,-11.7789367331621));
#7577=CARTESIAN_POINT('Ctrl Pts',(-7.1772953932472,-160.612080101322,-11.7771974749783));
#7578=CARTESIAN_POINT('Ctrl Pts',(-7.19146945257475,-160.572857966292,-11.7754876479921));
#7579=CARTESIAN_POINT('Ctrl Pts',(-7.20800039201055,-160.534516089139,-11.7738175988891));
#7580=CARTESIAN_POINT('Ctrl Pts',(-7.22578571992174,-160.493264782126,-11.7720208243599));
#7581=CARTESIAN_POINT('Ctrl Pts',(-7.24618265254707,-160.453301036031,-11.770281928593));
#7582=CARTESIAN_POINT('Ctrl Pts',(-7.26902425648523,-160.414891804292,-11.7686117802557));
#7583=CARTESIAN_POINT('Ctrl Pts',(-7.29157992086177,-160.376963393378,-11.7669625394467));
#7584=CARTESIAN_POINT('Ctrl Pts',(-7.3165200535867,-160.340549810138,-11.7653803356297));
#7585=CARTESIAN_POINT('Ctrl Pts',(-7.34372854386414,-160.30592970276,-11.7638756343862));
#7586=CARTESIAN_POINT('Ctrl Pts',(-7.3689627468283,-160.273821680326,-11.762480116436));
#7587=CARTESIAN_POINT('Ctrl Pts',(-7.3961488059276,-160.243255857781,-11.7611512617259));
#7588=CARTESIAN_POINT('Ctrl Pts',(-7.42522251763973,-160.214482848172,-11.759897418955));
#7589=CARTESIAN_POINT('Ctrl Pts',(-7.44939444039908,-160.190560929543,-11.7588549724002));
#7590=CARTESIAN_POINT('Ctrl Pts',(-7.47475200703089,-160.167997468841,-11.7578696018033));
#7591=CARTESIAN_POINT('Ctrl Pts',(-7.50123560281072,-160.146913012041,-11.756944497041));
#7592=CARTESIAN_POINT('Ctrl Pts',(-7.53530843771476,-160.119786513753,-11.7557542907679));
#7593=CARTESIAN_POINT('Ctrl Pts',(-7.5712442797582,-160.095106221587,-11.7546638392972));
#7594=CARTESIAN_POINT('Ctrl Pts',(-7.60873717023884,-160.07289580848,-11.7536799357269));
#7595=CARTESIAN_POINT('Ctrl Pts',(-7.64702653203433,-160.050213573736,-11.7526751308348));
#7596=CARTESIAN_POINT('Ctrl Pts',(-7.68694087614685,-160.030106838296,-11.7517814487755));
#7597=CARTESIAN_POINT('Ctrl Pts',(-7.72817971037404,-160.012647694263,-11.7510061248316));
#7598=CARTESIAN_POINT('Ctrl Pts',(-7.7348668122813,-160.009816598828,-11.7508804018251));
#7599=CARTESIAN_POINT('Ctrl Pts',(-7.74158877323052,-160.007055226565,-11.7507577909732));
#7600=CARTESIAN_POINT('Ctrl Pts',(-7.74834434238514,-160.004364010208,-11.7506383231256));
#7601=CARTESIAN_POINT('Ctrl Pts',(-7.78976415393084,-159.987863598208,-11.749905840692));
#7602=CARTESIAN_POINT('Ctrl Pts',(-7.83217797492488,-159.974103135189,-11.7492963036355));
#7603=CARTESIAN_POINT('Ctrl Pts',(-7.87526943596836,-159.96310518761,-11.7488121762553));
#7604=CARTESIAN_POINT('Ctrl Pts',(-7.91844480814925,-159.952085823949,-11.7483271061436));
#7605=CARTESIAN_POINT('Ctrl Pts',(-7.96230164540478,-159.9438394847,-11.7479679345991));
#7606=CARTESIAN_POINT('Ctrl Pts',(-8.00653962883757,-159.938437152877,-11.747737140345));
#7607=CARTESIAN_POINT('Ctrl Pts',(-8.04707013118048,-159.933487577747,-11.7475256884131));
#7608=CARTESIAN_POINT('Ctrl Pts',(-8.08792145304937,-159.93092566458,-11.7474219974619));
#7609=CARTESIAN_POINT('Ctrl Pts',(-8.12886305038028,-159.930844446417,-11.747427973777));
#7610=CARTESIAN_POINT('Ctrl Pts',(-8.17351090742365,-159.930755875937,-11.7474344911012));
#7611=CARTESIAN_POINT('Ctrl Pts',(-8.21797668606626,-159.933617632485,-11.7475713870731));
#7612=CARTESIAN_POINT('Ctrl Pts',(-8.26196242140637,-159.939486314458,-11.7478361036922));
#7613=CARTESIAN_POINT('Ctrl Pts',(-8.29082097981899,-159.943336692319,-11.7480097813619));
#7614=CARTESIAN_POINT('Ctrl Pts',(-8.31947316867105,-159.948482421123,-11.748238479789));
#7615=CARTESIAN_POINT('Ctrl Pts',(-8.34783458401584,-159.954951730079,-11.7485214765548));
#7616=CARTESIAN_POINT('Ctrl Pts',(-8.39108303663142,-159.96481680904,-11.7489530196237));
#7617=CARTESIAN_POINT('Ctrl Pts',(-8.43365665344541,-159.977757507737,-11.7495108244672));
#7618=CARTESIAN_POINT('Ctrl Pts',(-8.47531672185108,-159.993577120114,-11.7501923294519));
#7619=CARTESIAN_POINT('Ctrl Pts',(-8.48617021163675,-159.997698524804,-11.7503698785457));
#7620=CARTESIAN_POINT('Ctrl Pts',(-8.49696157801789,-160.0020155803,-11.7505558235739));
#7621=CARTESIAN_POINT('Ctrl Pts',(-8.50768631534938,-160.006525309804,-11.7507501192401));
#7622=CARTESIAN_POINT('Ctrl Pts',(-8.54851057196892,-160.023691823895,-11.7514897155483));
#7623=CARTESIAN_POINT('Ctrl Pts',(-8.58810878765008,-160.043536015561,-11.7523455016827));
#7624=CARTESIAN_POINT('Ctrl Pts',(-8.62626495864185,-160.06582073687,-11.7533104383266));
#7625=CARTESIAN_POINT('Ctrl Pts',(-8.66490046904582,-160.088385411458,-11.7542874970508));
#7626=CARTESIAN_POINT('Ctrl Pts',(-8.70205848013445,-160.113452987777,-11.7553764659314));
#7627=CARTESIAN_POINT('Ctrl Pts',(-8.73749297217861,-160.140825585234,-11.7565700370095));
#7628=CARTESIAN_POINT('Ctrl Pts',(-8.76995797840148,-160.165904300788,-11.7576635842919));
#7629=CARTESIAN_POINT('Ctrl Pts',(-8.80097656088279,-160.192918869746,-11.7588449365985));
#7630=CARTESIAN_POINT('Ctrl Pts',(-8.83033278131056,-160.221744710634,-11.7601084735717));
#7631=CARTESIAN_POINT('Ctrl Pts',(-8.86240023999135,-160.253232805769,-11.7614887064181));
#7632=CARTESIAN_POINT('Ctrl Pts',(-8.8922752495773,-160.286676351004,-11.7629579050888));
#7633=CARTESIAN_POINT('Ctrl Pts',(-8.91972190463584,-160.32186814002,-11.7645051121374));
#7634=CARTESIAN_POINT('Ctrl Pts',(-8.94655007972073,-160.356266921047,-11.7660174545888));
#7635=CARTESIAN_POINT('Ctrl Pts',(-8.97105886905585,-160.392336890294,-11.7676043293641));
#7636=CARTESIAN_POINT('Ctrl Pts',(-8.99299173972764,-160.429917135801,-11.7692555031921));
#7637=CARTESIAN_POINT('Ctrl Pts',(-9.00541156802336,-160.451197532859,-11.7701905059894));
#7638=CARTESIAN_POINT('Ctrl Pts',(-9.01700468851651,-160.47296273554,-11.7711461267045));
#7639=CARTESIAN_POINT('Ctrl Pts',(-9.02771778264963,-160.495186823762,-11.7721205072128));
#7640=CARTESIAN_POINT('Ctrl Pts',(-9.03488081092343,-160.510046375103,-11.7727720010803));
#7641=CARTESIAN_POINT('Ctrl Pts',(-9.04165029290807,-160.525111129223,-11.7734318816561));
#7642=CARTESIAN_POINT('Ctrl Pts',(-9.0480260610665,-160.54036566101,-11.7740995935221));
#7643=CARTESIAN_POINT('Ctrl Pts',(-9.06479582177397,-160.580488645632,-11.7758558318192));
#7644=CARTESIAN_POINT('Ctrl Pts',(-9.07873913977477,-160.621668554796,-11.7776549717214));
#7645=CARTESIAN_POINT('Ctrl Pts',(-9.08992569116431,-160.663595968479,-11.7794850702646));
#7646=CARTESIAN_POINT('Ctrl Pts',(-9.101420408957,-160.706678395876,-11.7813655842456));
#7647=CARTESIAN_POINT('Ctrl Pts',(-9.11000457818409,-160.750551190835,-11.7832787860551));
#7648=CARTESIAN_POINT('Ctrl Pts',(-9.11570219708895,-160.794898598104,-11.7852117182772));
#7649=CARTESIAN_POINT('Ctrl Pts',(-9.12098181317215,-160.835992481105,-11.7870028419409));
#7650=CARTESIAN_POINT('Ctrl Pts',(-9.12378235831476,-160.877494866655,-11.7888109071903));
#7651=CARTESIAN_POINT('Ctrl Pts',(-9.12408302734218,-160.919156146548,-11.7906256043442));
#7652=CARTESIAN_POINT('Ctrl Pts',(-9.12440729660342,-160.964087520322,-11.7925827414345));
#7653=CARTESIAN_POINT('Ctrl Pts',(-9.1218223668463,-161.008910500312,-11.794534687409));
#7654=CARTESIAN_POINT('Ctrl Pts',(-9.11636532467648,-161.053311330908,-11.7964684602487));
#7655=CARTESIAN_POINT('Ctrl Pts',(-9.11098493137057,-161.097088513543,-11.798375071581));
#7656=CARTESIAN_POINT('Ctrl Pts',(-9.10281239121517,-161.140456497581,-11.8002640167079));
#7657=CARTESIAN_POINT('Ctrl Pts',(-9.09183389226389,-161.183113020616,-11.8021228529939));
#7658=CARTESIAN_POINT('Ctrl Pts',(-9.08164247066179,-161.222711385771,-11.8038484244371));
#7659=CARTESIAN_POINT('Ctrl Pts',(-9.06903251863048,-161.261697358964,-11.8055480494485));
#7660=CARTESIAN_POINT('Ctrl Pts',(-9.05395536001209,-161.299814817787,-11.8072117742536));
#7661=CARTESIAN_POINT('Ctrl Pts',(-9.04550189818358,-161.321186515951,-11.8081445915362));
#7662=CARTESIAN_POINT('Ctrl Pts',(-9.03630035581744,-161.342213471671,-11.8090629676571));
#7663=CARTESIAN_POINT('Ctrl Pts',(-9.02635238203662,-161.36285447862,-11.8099654045923));
#7664=CARTESIAN_POINT('Ctrl Pts',(-9.00738924649009,-161.402201004979,-11.8116856578118));
#7665=CARTESIAN_POINT('Ctrl Pts',(-8.98571682615111,-161.440146612987,-11.81334799255));
#7666=CARTESIAN_POINT('Ctrl Pts',(-8.9616045010246,-161.476533883933,-11.8149420324406));
#7667=CARTESIAN_POINT('Ctrl Pts',(-8.93695150879641,-161.513737061277,-11.816571815252));
#7668=CARTESIAN_POINT('Ctrl Pts',(-8.90974720283014,-161.549312107393,-11.8181302061477));
#7669=CARTESIAN_POINT('Ctrl Pts',(-8.88023446125316,-161.583061400281,-11.8196061149898));
#7670=CARTESIAN_POINT('Ctrl Pts',(-8.8681476763954,-161.596883241982,-11.8202105655319));
#7671=CARTESIAN_POINT('Ctrl Pts',(-8.85567325531272,-161.610398444028,-11.8208011816227));
#7672=CARTESIAN_POINT('Ctrl Pts',(-8.84282624019765,-161.623591517369,-11.8213772014628));
#7673=CARTESIAN_POINT('Ctrl Pts',(-8.81156484638853,-161.655694994916,-11.8227788642538));
#7674=CARTESIAN_POINT('Ctrl Pts',(-8.77830274086416,-161.6856853243,-11.8240848945035));
#7675=CARTESIAN_POINT('Ctrl Pts',(-8.74330988202431,-161.713393729305,-11.8252878368714));
#7676=CARTESIAN_POINT('Ctrl Pts',(-8.70847805934915,-161.740974621,-11.8264852433319));
#7677=CARTESIAN_POINT('Ctrl Pts',(-8.6719304070445,-161.76629526895,-11.8275805085426));
#7678=CARTESIAN_POINT('Ctrl Pts',(-8.63389811080822,-161.789152729406,-11.8285662796181));
#7679=CARTESIAN_POINT('Ctrl Pts',(-8.59891281490528,-161.810178938622,-11.8294730745314));
#7680=CARTESIAN_POINT('Ctrl Pts',(-8.56267031557248,-161.829120899583,-11.8302872170035));
#7681=CARTESIAN_POINT('Ctrl Pts',(-8.52533455165849,-161.845785086082,-11.8310029835987));
#7682=CARTESIAN_POINT('Ctrl Pts',(-8.48469304214663,-161.863924736196,-11.8317821248786));
#7683=CARTESIAN_POINT('Ctrl Pts',(-8.44301931486417,-161.879248280029,-11.8324396008334));
#7684=CARTESIAN_POINT('Ctrl Pts',(-8.40054979495136,-161.891566097626,-11.8329726181207));
#7685=CARTESIAN_POINT('Ctrl Pts',(-8.3831643816131,-161.896608545735,-11.8331908152154));
#7686=CARTESIAN_POINT('Ctrl Pts',(-8.36564530815312,-161.901146786878,-11.8333881558555));
#7687=CARTESIAN_POINT('Ctrl Pts',(-8.34800776158053,-161.905165488824,-11.8335644484182));
#7688=CARTESIAN_POINT('Ctrl Pts',(-8.30491742661137,-161.914983589787,-11.8339951492273));
#7689=CARTESIAN_POINT('Ctrl Pts',(-8.26112025359691,-161.921704415492,-11.8343002193233));
#7690=CARTESIAN_POINT('Ctrl Pts',(-8.2169158352523,-161.925422732507,-11.8344768644114));
#7691=CARTESIAN_POINT('Ctrl Pts',(-8.19429862025371,-161.927325211456,-11.8345672449681));
#7692=CARTESIAN_POINT('Ctrl Pts',(-8.17157469037509,-161.928440812188,-11.8346240056188));
#7693=CARTESIAN_POINT('Ctrl Pts',(-8.14878436527784,-161.928776990425,-11.8346467720872));
#7694=CARTESIAN_POINT('Ctrl Pts',(-8.10452371144746,-161.92942987574,-11.8346909864093));
#7695=CARTESIAN_POINT('Ctrl Pts',(-8.06029710686997,-161.927142231917,-11.8346066981679));
#7696=CARTESIAN_POINT('Ctrl Pts',(-8.01640083435145,-161.922042231779,-11.8343960790377));
#7697=CARTESIAN_POINT('Ctrl Pts',(-7.97196334628712,-161.916879351601,-11.834182863096));
#7698=CARTESIAN_POINT('Ctrl Pts',(-7.92786318860741,-161.908834134497,-11.8338401818884));
#7699=CARTESIAN_POINT('Ctrl Pts',(-7.88440798639811,-161.897986601277,-11.8333702884106));
#7700=CARTESIAN_POINT('Ctrl Pts',(-7.84459032905623,-161.88804709257,-11.8329397287414));
#7701=CARTESIAN_POINT('Ctrl Pts',(-7.80531346735782,-161.875754028015,-11.8324023627742));
#7702=CARTESIAN_POINT('Ctrl Pts',(-7.7668273491558,-161.861132898506,-11.8317599237627));
#7703=CARTESIAN_POINT('Ctrl Pts',(-7.72478805602808,-161.845161894466,-11.8310581725032));
#7704=CARTESIAN_POINT('Ctrl Pts',(-7.68396618914341,-161.82651775295,-11.8302356752219));
#7705=CARTESIAN_POINT('Ctrl Pts',(-7.6446638853126,-161.805292956791,-11.8292994653395));
#7706=CARTESIAN_POINT('Ctrl Pts',(-7.60611234662059,-161.784473603455,-11.8283811392367));
#7707=CARTESIAN_POINT('Ctrl Pts',(-7.56902179949895,-161.76117080512,-11.8273534033877));
#7708=CARTESIAN_POINT('Ctrl Pts',(-7.53369767802318,-161.735426808405,-11.8262228957997));
#7709=CARTESIAN_POINT('Ctrl Pts',(-7.52274067050726,-161.727441410503,-11.8258722294668));
#7710=CARTESIAN_POINT('Ctrl Pts',(-7.51195383067861,-161.719220827182,-11.8255116749876));
#7711=CARTESIAN_POINT('Ctrl Pts',(-7.50134692666037,-161.710765511795,-11.8251414304689));
#7712=CARTESIAN_POINT('Ctrl Pts',(-7.47985663266156,-161.693634479667,-11.8243912904143));
#7713=CARTESIAN_POINT('Ctrl Pts',(-7.45910458240026,-161.675540150358,-11.8236013732719));
#7714=CARTESIAN_POINT('Ctrl Pts',(-7.4391226081891,-161.656544317277,-11.8227733266753));
#7715=CARTESIAN_POINT('Ctrl Pts',(-7.40737937078037,-161.62636765741,-11.8214578971074));
#7716=CARTESIAN_POINT('Ctrl Pts',(-7.37778004962909,-161.594110616455,-11.820054735648));
#7717=CARTESIAN_POINT('Ctrl Pts',(-7.35040247847447,-161.560072513828,-11.8185739451968));
#7718=CARTESIAN_POINT('Ctrl Pts',(-7.32243722648974,-161.525303756889,-11.8170613684284));
#7719=CARTESIAN_POINT('Ctrl Pts',(-7.29678949086742,-161.488675716632,-11.8154677941651));
#7720=CARTESIAN_POINT('Ctrl Pts',(-7.27358090828445,-161.450469166243,-11.8138039899718));
#7721=CARTESIAN_POINT('Ctrl Pts',(-7.25219706094613,-161.415266540752,-11.8122709995471));
#7722=CARTESIAN_POINT('Ctrl Pts',(-7.23288398121288,-161.3787228038,-11.8106783884746));
#7723=CARTESIAN_POINT('Ctrl Pts',(-7.21577204784342,-161.341040483396,-11.8090345790247));
#7724=CARTESIAN_POINT('Ctrl Pts',(-7.19729245311835,-161.300346425376,-11.8072593890574));
#7725=CARTESIAN_POINT('Ctrl Pts',(-7.18147354413987,-161.258532167124,-11.805433609837));
#7726=CARTESIAN_POINT('Ctrl Pts',(-7.16844562923533,-161.21587088359,-11.8035696964877));
#7727=CARTESIAN_POINT('Ctrl Pts',(-7.15997734470071,-161.18814059135,-11.8023581328027));
#7728=CARTESIAN_POINT('Ctrl Pts',(-7.15268918816396,-161.1600518614,-11.801130456916));
#7729=CARTESIAN_POINT('Ctrl Pts',(-7.14662831339591,-161.131676355893,-11.7998900894856));
#7730=CARTESIAN_POINT('Ctrl Pts',(-7.13741330563297,-161.088533985604,-11.7980042238413));
#7731=CARTESIAN_POINT('Ctrl Pts',(-7.13106673363495,-161.044886841731,-11.7960959362101));
#7732=CARTESIAN_POINT('Ctrl Pts',(-7.12773314623098,-161.000991247418,-11.7941778156605));
#7733=CARTESIAN_POINT('Ctrl Pts',(-7.12592095691632,-160.97712892814,-11.7931350958686));
#7734=CARTESIAN_POINT('Ctrl Pts',(-7.12500000000004,-160.953192968812,-11.7920894702756));
#7735=CARTESIAN_POINT('Ctrl Pts',(-7.12500000000004,-160.929223972348,-11.7910429612894));
#7736=CARTESIAN_POINT('Ctrl Pts',(-7.12500000000004,-160.929223972348,-11.7910429612894));
#7737=CARTESIAN_POINT('Ctrl Pts',(-7.12500000000004,-160.929223972348,-14.));
#7738=CARTESIAN_POINT('Ctrl Pts',(424.875,-160.929223972348,-14.));
#7739=CARTESIAN_POINT('Ctrl Pts',(424.875,-160.63036642486,-14.));
#7740=CARTESIAN_POINT('Ctrl Pts',(424.588126822165,-160.034374988145,-14.));
#7741=CARTESIAN_POINT('Ctrl Pts',(423.620433056775,-159.816022122379,-14.));
#7742=CARTESIAN_POINT('Ctrl Pts',(422.841746844739,-160.432849142705,-14.));
#7743=CARTESIAN_POINT('Ctrl Pts',(422.845175184293,-161.424655038664,-14.));
#7744=CARTESIAN_POINT('Ctrl Pts',(423.619495585634,-162.046407004584,-14.));
#7745=CARTESIAN_POINT('Ctrl Pts',(424.588257988543,-161.821859546274,-14.));
#7746=CARTESIAN_POINT('Ctrl Pts',(424.875,-161.228081519836,-14.));
#7747=CARTESIAN_POINT('Ctrl Pts',(424.875,-160.929223972348,-14.));
#7748=CARTESIAN_POINT('Ctrl Pts',(424.875,-160.929223972348,-11.7474089641559));
#7749=CARTESIAN_POINT('Ctrl Pts',(424.875,-160.63036642486,-11.7474089641559));
#7750=CARTESIAN_POINT('Ctrl Pts',(424.588126822165,-160.034374988145,-11.7474089641559));
#7751=CARTESIAN_POINT('Ctrl Pts',(423.620433056775,-159.816022122379,-11.7474089641559));
#7752=CARTESIAN_POINT('Ctrl Pts',(422.841746844739,-160.432849142705,-11.7474089641559));
#7753=CARTESIAN_POINT('Ctrl Pts',(422.845175184293,-161.424655038664,-11.7474089641559));
#7754=CARTESIAN_POINT('Ctrl Pts',(423.619495585634,-162.046407004584,-11.7474089641559));
#7755=CARTESIAN_POINT('Ctrl Pts',(424.588257988543,-161.821859546274,-11.7474089641559));
#7756=CARTESIAN_POINT('Ctrl Pts',(424.875,-161.228081519836,-11.7474089641559));
#7757=CARTESIAN_POINT('Ctrl Pts',(424.875,-160.929223972348,-11.7474089641559));
#7758=CARTESIAN_POINT('',(424.875,-160.929223972348,-11.7910429612894));
#7759=CARTESIAN_POINT('Ctrl Pts',(424.875,-160.929223972348,-11.7910429612894));
#7760=CARTESIAN_POINT('Ctrl Pts',(424.875,-160.923678777713,-11.790800852863));
#7761=CARTESIAN_POINT('Ctrl Pts',(424.874950619499,-160.918132796869,-11.7905586971556));
#7762=CARTESIAN_POINT('Ctrl Pts',(424.874852138221,-160.912586548917,-11.7903165192091));
#7763=CARTESIAN_POINT('Ctrl Pts',(424.874078613513,-160.869023346662,-11.7884143238948));
#7764=CARTESIAN_POINT('Ctrl Pts',(424.870284212225,-160.825660579583,-11.7865202975584));
#7765=CARTESIAN_POINT('Ctrl Pts',(424.863663886832,-160.782747647367,-11.7846462998673));
#7766=CARTESIAN_POINT('Ctrl Pts',(424.856852699619,-160.738597549325,-11.7827182754346));
#7767=CARTESIAN_POINT('Ctrl Pts',(424.847050023077,-160.694922515238,-11.7808114511326));
#7768=CARTESIAN_POINT('Ctrl Pts',(424.834412708439,-160.651997090488,-11.7789387422151));
#7769=CARTESIAN_POINT('Ctrl Pts',(424.822671266849,-160.61211469602,-11.7771987916799));
#7770=CARTESIAN_POINT('Ctrl Pts',(424.808481963704,-160.572878716477,-11.775488291024));
#7771=CARTESIAN_POINT('Ctrl Pts',(424.791933147782,-160.534524233074,-11.7738175988891));
#7772=CARTESIAN_POINT('Ctrl Pts',(424.774137443637,-160.493279890124,-11.7720210266698));
#7773=CARTESIAN_POINT('Ctrl Pts',(424.753729857283,-160.453323453165,-11.7702823201797));
#7774=CARTESIAN_POINT('Ctrl Pts',(424.730877998097,-160.414921952167,-11.7686123444151));
#7775=CARTESIAN_POINT('Ctrl Pts',(424.708309586125,-160.376996771208,-11.7669630825002));
#7776=CARTESIAN_POINT('Ctrl Pts',(424.68335653951,-160.340587180528,-11.7653808568569));
#7777=CARTESIAN_POINT('Ctrl Pts',(424.656135665975,-160.305972001256,-11.7638761331776));
#7778=CARTESIAN_POINT('Ctrl Pts',(424.63088705959,-160.273864837786,-11.7624804330782));
#7779=CARTESIAN_POINT('Ctrl Pts',(424.603686601267,-160.243301034843,-11.7611514111095));
#7780=CARTESIAN_POINT('Ctrl Pts',(424.574599085502,-160.214531445878,-11.759897418955));
#7781=CARTESIAN_POINT('Ctrl Pts',(424.550418566917,-160.190615220571,-11.7588549724002));
#7782=CARTESIAN_POINT('Ctrl Pts',(424.525053170215,-160.168058099024,-11.7578696018033));
#7783=CARTESIAN_POINT('Ctrl Pts',(424.498562822392,-160.146980703029,-11.756944497041));
#7784=CARTESIAN_POINT('Ctrl Pts',(424.464480891288,-160.119862963279,-11.7557542764753));
#7785=CARTESIAN_POINT('Ctrl Pts',(424.428537690647,-160.095192681872,-11.7546638131079));
#7786=CARTESIAN_POINT('Ctrl Pts',(424.391038858934,-160.072993063173,-11.7536799002814));
#7787=CARTESIAN_POINT('Ctrl Pts',(424.352742298007,-160.050321182177,-11.7526750562427));
#7788=CARTESIAN_POINT('Ctrl Pts',(424.312822137913,-160.03022577126,-11.7517813443587));
#7789=CARTESIAN_POINT('Ctrl Pts',(424.271578579622,-160.012778442118,-11.7510060008141));
#7790=CARTESIAN_POINT('Ctrl Pts',(424.264893188596,-160.009950310344,-11.7508803211931));
#7791=CARTESIAN_POINT('Ctrl Pts',(424.258172993063,-160.007191863003,-11.7507577516905));
#7792=CARTESIAN_POINT('Ctrl Pts',(424.251419241263,-160.004503530296,-11.7506383231256));
#7793=CARTESIAN_POINT('Ctrl Pts',(424.209996104059,-159.988015039469,-11.7499058256965));
#7794=CARTESIAN_POINT('Ctrl Pts',(424.167580053064,-159.974266712097,-11.7492962786785));
#7795=CARTESIAN_POINT('Ctrl Pts',(424.124487133356,-159.963280630433,-11.7488121465221));
#7796=CARTESIAN_POINT('Ctrl Pts',(424.08130655438,-159.95227220097,-11.748327029548));
#7797=CARTESIAN_POINT('Ctrl Pts',(424.037445167535,-159.94403700696,-11.7479678381901));
#7798=CARTESIAN_POINT('Ctrl Pts',(423.993203060452,-159.938645568675,-11.747737051969));
#7799=CARTESIAN_POINT('Ctrl Pts',(423.95267877242,-159.933707191812,-11.7475256595216));
#7800=CARTESIAN_POINT('Ctrl Pts',(423.911834180974,-159.93115509129,-11.7474219982945));
#7801=CARTESIAN_POINT('Ctrl Pts',(423.870899485578,-159.931081871161,-11.747427973777));
#7802=CARTESIAN_POINT('Ctrl Pts',(423.826247966253,-159.931002002727,-11.7474344918265));
#7803=CARTESIAN_POINT('Ctrl Pts',(423.781778730386,-159.933871721726,-11.7475714175443));
#7804=CARTESIAN_POINT('Ctrl Pts',(423.737789516033,-159.939747168497,-11.7478361920758));
#7805=CARTESIAN_POINT('Ctrl Pts',(423.708936781466,-159.943600901933,-11.7480098589482));
#7806=CARTESIAN_POINT('Ctrl Pts',(423.680290291437,-159.948748744284,-11.7482385277916));
#7807=CARTESIAN_POINT('Ctrl Pts',(423.651934315667,-159.955218770061,-11.7485214765548));
#7808=CARTESIAN_POINT('Ctrl Pts',(423.608682462569,-159.965087610645,-11.7489530631255));
#7809=CARTESIAN_POINT('Ctrl Pts',(423.566105207063,-159.978030485744,-11.7495109369278));
#7810=CARTESIAN_POINT('Ctrl Pts',(423.52444159671,-159.993851062805,-11.7501925355537));
#7811=CARTESIAN_POINT('Ctrl Pts',(423.513592477719,-159.997970708739,-11.7503700224429));
#7812=CARTESIAN_POINT('Ctrl Pts',(423.502805428185,-160.002285732506,-11.750555898753));
#7813=CARTESIAN_POINT('Ctrl Pts',(423.492084953212,-160.006793168161,-11.7507501192401));
#7814=CARTESIAN_POINT('Ctrl Pts',(423.451255207948,-160.02396008008,-11.7514898227545));
#7815=CARTESIAN_POINT('Ctrl Pts',(423.4116518138,-160.043803821202,-11.7523457497815));
#7816=CARTESIAN_POINT('Ctrl Pts',(423.373491126244,-160.066087592097,-11.753310857943));
#7817=CARTESIAN_POINT('Ctrl Pts',(423.334857159519,-160.088647732346,-11.7542879356369));
#7818=CARTESIAN_POINT('Ctrl Pts',(423.297700902074,-160.113709469901,-11.7553769194471));
#7819=CARTESIAN_POINT('Ctrl Pts',(423.262268634764,-160.141075375654,-11.7565705017079));
#7820=CARTESIAN_POINT('Ctrl Pts',(423.22980983091,-160.166144744185,-11.7576639189636));
#7821=CARTESIAN_POINT('Ctrl Pts',(423.198797475364,-160.193148753036,-11.7588451155747));
#7822=CARTESIAN_POINT('Ctrl Pts',(423.169447631107,-160.221963206224,-11.7601084735717));
#7823=CARTESIAN_POINT('Ctrl Pts',(423.13738234607,-160.253443565936,-11.7614887171574));
#7824=CARTESIAN_POINT('Ctrl Pts',(423.107510268544,-160.286879083503,-11.762957927952));
#7825=CARTESIAN_POINT('Ctrl Pts',(423.080067573026,-160.32206298691,-11.7645051482531));
#7826=CARTESIAN_POINT('Ctrl Pts',(423.053246618961,-160.356449764131,-11.7660173147456));
#7827=CARTESIAN_POINT('Ctrl Pts',(423.028745452893,-160.392507447089,-11.7676039960211));
#7828=CARTESIAN_POINT('Ctrl Pts',(423.006820774782,-160.430075585519,-11.7692549624042));
#7829=CARTESIAN_POINT('Ctrl Pts',(422.99440173739,-160.451355720787,-11.7701901375133));
#7830=CARTESIAN_POINT('Ctrl Pts',(422.982810102712,-160.473121019473,-11.7711459388493));
#7831=CARTESIAN_POINT('Ctrl Pts',(422.972099270004,-160.495345621977,-11.7721205072128));
#7832=CARTESIAN_POINT('Ctrl Pts',(422.964939134208,-160.510202652826,-11.7727720010803));
#7833=CARTESIAN_POINT('Ctrl Pts',(422.958172739826,-160.525264994385,-11.7734318816561));
#7834=CARTESIAN_POINT('Ctrl Pts',(422.95180023051,-160.540517220622,-11.7740995935221));
#7835=CARTESIAN_POINT('Ctrl Pts',(422.935041122963,-160.580629158814,-11.7758556137043));
#7836=CARTESIAN_POINT('Ctrl Pts',(422.921108884853,-160.621798537076,-11.777654524836));
#7837=CARTESIAN_POINT('Ctrl Pts',(422.909933401211,-160.663716012608,-11.7794843884023));
#7838=CARTESIAN_POINT('Ctrl Pts',(422.898448521904,-160.706793982457,-11.7813649121346));
#7839=CARTESIAN_POINT('Ctrl Pts',(422.889874956401,-160.750663156172,-11.7832781258753));
#7840=CARTESIAN_POINT('Ctrl Pts',(422.88418821735,-160.79500774273,-11.7852110718434));
#7841=CARTESIAN_POINT('Ctrl Pts',(422.878918098457,-160.836103569594,-11.7870024069084));
#7842=CARTESIAN_POINT('Ctrl Pts',(422.87612783807,-160.877608677518,-11.7888106888762));
#7843=CARTESIAN_POINT('Ctrl Pts',(422.875837860351,-160.919273358403,-11.7906256043442));
#7844=CARTESIAN_POINT('Ctrl Pts',(422.875525158467,-160.964203100584,-11.7925827460366));
#7845=CARTESIAN_POINT('Ctrl Pts',(422.878121366641,-161.00902520413,-11.7945346965887));
#7846=CARTESIAN_POINT('Ctrl Pts',(422.883588919733,-161.053425882362,-11.79646847389));
#7847=CARTESIAN_POINT('Ctrl Pts',(422.888980442207,-161.097209134306,-11.7983753604998));
#7848=CARTESIAN_POINT('Ctrl Pts',(422.897164158938,-161.140583775834,-11.8002645757713));
#7849=CARTESIAN_POINT('Ctrl Pts',(422.908153425667,-161.183247397645,-11.8021236716771));
#7850=CARTESIAN_POINT('Ctrl Pts',(422.918351756856,-161.222840371013,-11.8038489620196));
#7851=CARTESIAN_POINT('Ctrl Pts',(422.930966806202,-161.261821702541,-11.8055483125626));
#7852=CARTESIAN_POINT('Ctrl Pts',(422.946046835738,-161.299935386959,-11.8072117742536));
#7853=CARTESIAN_POINT('Ctrl Pts',(422.954503244594,-161.321308348973,-11.8081445915362));
#7854=CARTESIAN_POINT('Ctrl Pts',(422.963707268434,-161.342336750979,-11.8090629676571));
#7855=CARTESIAN_POINT('Ctrl Pts',(422.973657194591,-161.362979383658,-11.8099654045923));
#7856=CARTESIAN_POINT('Ctrl Pts',(422.992627140714,-161.402335417422,-11.8116859379683));
#7857=CARTESIAN_POINT('Ctrl Pts',(423.014305332203,-161.440290728534,-11.8133485339964));
#7858=CARTESIAN_POINT('Ctrl Pts',(423.03842256583,-161.476687545908,-11.8149428112401));
#7859=CARTESIAN_POINT('Ctrl Pts',(423.063077993646,-161.513896585609,-11.8165726659783));
#7860=CARTESIAN_POINT('Ctrl Pts',(423.090283299649,-161.549477672316,-11.8181311187396));
#7861=CARTESIAN_POINT('Ctrl Pts',(423.119795866292,-161.583232857217,-11.8196070774537));
#7862=CARTESIAN_POINT('Ctrl Pts',(423.131875462535,-161.597048971879,-11.8202111924923));
#7863=CARTESIAN_POINT('Ctrl Pts',(423.144342041673,-161.610558782762,-11.8208014873577));
#7864=CARTESIAN_POINT('Ctrl Pts',(423.157180605038,-161.623746805355,-11.8213772014628));
#7865=CARTESIAN_POINT('Ctrl Pts',(423.188440951412,-161.655858042609,-11.8227789955596));
#7866=CARTESIAN_POINT('Ctrl Pts',(423.221701140236,-161.685855696964,-11.8240851391968));
#7867=CARTESIAN_POINT('Ctrl Pts',(423.256691449909,-161.71357066003,-11.8252881749385));
#7868=CARTESIAN_POINT('Ctrl Pts',(423.291515771497,-161.74115414802,-11.826485503683));
#7869=CARTESIAN_POINT('Ctrl Pts',(423.328054807369,-161.766477276978,-11.8275807004645));
#7870=CARTESIAN_POINT('Ctrl Pts',(423.366077693693,-161.789336848817,-11.8285664134749));
#7871=CARTESIAN_POINT('Ctrl Pts',(423.401054321087,-161.810364992756,-11.8294731546515));
#7872=CARTESIAN_POINT('Ctrl Pts',(423.437287478619,-161.829308577594,-11.8302872522231));
#7873=CARTESIAN_POINT('Ctrl Pts',(423.474613469166,-161.845973875053,-11.8310029835987));
#7874=CARTESIAN_POINT('Ctrl Pts',(423.515244752861,-161.86411491884,-11.831782094458));
#7875=CARTESIAN_POINT('Ctrl Pts',(423.556907846639,-161.879439188606,-11.8324395494925));
#7876=CARTESIAN_POINT('Ctrl Pts',(423.599366640283,-161.891756810476,-11.8329725556871));
#7877=CARTESIAN_POINT('Ctrl Pts',(423.616749999157,-161.896799856288,-11.8331907775716));
#7878=CARTESIAN_POINT('Ctrl Pts',(423.634267038352,-161.90133840507,-11.8333881390412));
#7879=CARTESIAN_POINT('Ctrl Pts',(423.651902585896,-161.905357100545,-11.8335644484182));
#7880=CARTESIAN_POINT('Ctrl Pts',(423.694980877357,-161.915173554191,-11.8339951187283));
#7881=CARTESIAN_POINT('Ctrl Pts',(423.738765981695,-161.921891888872,-11.8343001761171));
#7882=CARTESIAN_POINT('Ctrl Pts',(423.782958650332,-161.925607092389,-11.8344768268834));
#7883=CARTESIAN_POINT('Ctrl Pts',(423.805574584474,-161.927508376034,-11.834567229256));
#7884=CARTESIAN_POINT('Ctrl Pts',(423.82829736179,-161.928622289188,-11.8346240024679));
#7885=CARTESIAN_POINT('Ctrl Pts',(423.851086684762,-161.928956321619,-11.8346467720872));
#7886=CARTESIAN_POINT('Ctrl Pts',(423.89533548262,-161.929604894353,-11.8346909826273));
#7887=CARTESIAN_POINT('Ctrl Pts',(423.939550786772,-161.927312554631,-11.8346067125863));
#7888=CARTESIAN_POINT('Ctrl Pts',(423.983436659999,-161.922207690962,-11.8343961330816));
#7889=CARTESIAN_POINT('Ctrl Pts',(424.027868382927,-161.917039333323,-11.8341829344025));
#7890=CARTESIAN_POINT('Ctrl Pts',(424.071963625606,-161.908987849219,-11.8338402646611));
#7891=CARTESIAN_POINT('Ctrl Pts',(424.115415034872,-161.898133509067,-11.8333703769995));
#7892=CARTESIAN_POINT('Ctrl Pts',(424.155231085424,-161.888187296424,-11.832939802452));
#7893=CARTESIAN_POINT('Ctrl Pts',(424.194507231571,-161.875886853211,-11.8324024068362));
#7894=CARTESIAN_POINT('Ctrl Pts',(424.232993716827,-161.86125785899,-11.8317599237627));
#7895=CARTESIAN_POINT('Ctrl Pts',(424.275030425224,-161.845279399016,-11.8310581742152));
#7896=CARTESIAN_POINT('Ctrl Pts',(424.315851150811,-161.826627664801,-11.8302356792352));
#7897=CARTESIAN_POINT('Ctrl Pts',(424.355154043379,-161.805395379782,-11.8292994721917));
#7898=CARTESIAN_POINT('Ctrl Pts',(424.393710751907,-161.784566199755,-11.8283810394825));
#7899=CARTESIAN_POINT('Ctrl Pts',(424.430807785564,-161.761253083082,-11.8273531714772));
#7900=CARTESIAN_POINT('Ctrl Pts',(424.466139895701,-161.73549851503,-11.8262225085067));
#7901=CARTESIAN_POINT('Ctrl Pts',(424.477094068353,-161.727513710729,-11.8258719639923));
#7902=CARTESIAN_POINT('Ctrl Pts',(424.487878382745,-161.719293924515,-11.8255115386836));
#7903=CARTESIAN_POINT('Ctrl Pts',(424.498483090922,-161.71083961605,-11.8251414304689));
#7904=CARTESIAN_POINT('Ctrl Pts',(424.519976848838,-161.693704315723,-11.8243912904143));
#7905=CARTESIAN_POINT('Ctrl Pts',(424.54073317291,-161.675605870294,-11.8236013732719));
#7906=CARTESIAN_POINT('Ctrl Pts',(424.560720062427,-161.656606078538,-11.8227733266753));
#7907=CARTESIAN_POINT('Ctrl Pts',(424.592475069312,-161.626419364516,-11.821457733003));
#7908=CARTESIAN_POINT('Ctrl Pts',(424.622087192035,-161.594152188312,-11.8200543855482));
#7909=CARTESIAN_POINT('Ctrl Pts',(424.649477853979,-161.560103990143,-11.8185733909921));
#7910=CARTESIAN_POINT('Ctrl Pts',(424.677452690473,-161.525329628768,-11.8170608105133));
#7911=CARTESIAN_POINT('Ctrl Pts',(424.703110941189,-161.488696527447,-11.8154672355762));
#7912=CARTESIAN_POINT('Ctrl Pts',(424.726330235446,-161.450485466812,-11.8138034334024));
#7913=CARTESIAN_POINT('Ctrl Pts',(424.747721590531,-161.415282572306,-11.8122706140713));
#7914=CARTESIAN_POINT('Ctrl Pts',(424.767042802976,-161.378739329852,-11.810678189541));
#7915=CARTESIAN_POINT('Ctrl Pts',(424.784162960443,-161.341058215835,-11.8090345790247));
#7916=CARTESIAN_POINT('Ctrl Pts',(424.802652159153,-161.300363870237,-11.8072595345197));
#7917=CARTESIAN_POINT('Ctrl Pts',(424.818480535768,-161.258550035228,-11.8054339090521));
#7918=CARTESIAN_POINT('Ctrl Pts',(424.831517088472,-161.215889841138,-11.8035701546843));
#7919=CARTESIAN_POINT('Ctrl Pts',(424.839992750419,-161.188154488709,-11.8023584423297));
#7920=CARTESIAN_POINT('Ctrl Pts',(424.847287443256,-161.160060831424,-11.8011306132795));
#7921=CARTESIAN_POINT('Ctrl Pts',(424.853353790741,-161.131680566854,-11.7998900894856));
#7922=CARTESIAN_POINT('Ctrl Pts',(424.862574284263,-161.088544223894,-11.7980045658433));
#7923=CARTESIAN_POINT('Ctrl Pts',(424.868925612896,-161.044903851979,-11.7960966283459));
#7924=CARTESIAN_POINT('Ctrl Pts',(424.872262603353,-161.001015660281,-11.7941788592139));
#7925=CARTESIAN_POINT('Ctrl Pts',(424.87407757693,-160.977145077113,-11.7931357935102));
#7926=CARTESIAN_POINT('Ctrl Pts',(424.875,-160.953200964873,-11.7920898193911));
#7927=CARTESIAN_POINT('Ctrl Pts',(424.875,-160.929223972348,-11.7910429612894));
#7928=CARTESIAN_POINT('Ctrl Pts',(424.875,-160.929223972348,-11.7910429612894));
#7929=CARTESIAN_POINT('Ctrl Pts',(424.875,-160.929223972348,-14.));
#7930=CARTESIAN_POINT('Ctrl Pts',(424.875,-32.3017654436837,-14.));
#7931=CARTESIAN_POINT('Ctrl Pts',(424.875,-32.0029078961957,-14.));
#7932=CARTESIAN_POINT('Ctrl Pts',(424.588179890349,-31.4068986090378,-14.));
#7933=CARTESIAN_POINT('Ctrl Pts',(423.620483121585,-31.1884927606426,-14.));
#7934=CARTESIAN_POINT('Ctrl Pts',(422.841796027054,-31.8053525319676,-14.));
#7935=CARTESIAN_POINT('Ctrl Pts',(422.845175046274,-32.7971623917405,-14.));
#7936=CARTESIAN_POINT('Ctrl Pts',(423.619518531571,-33.4189006659582,-14.));
#7937=CARTESIAN_POINT('Ctrl Pts',(424.588304842252,-33.1943806115496,-14.));
#7938=CARTESIAN_POINT('Ctrl Pts',(424.875,-32.6006229911717,-14.));
#7939=CARTESIAN_POINT('Ctrl Pts',(424.875,-32.3017654436837,-14.));
#7940=CARTESIAN_POINT('Ctrl Pts',(424.875,-32.3017654436837,-6.13141610867447));
#7941=CARTESIAN_POINT('Ctrl Pts',(424.875,-32.0029078961957,-6.13141610867447));
#7942=CARTESIAN_POINT('Ctrl Pts',(424.588179890349,-31.4068986090378,-6.13141610867447));
#7943=CARTESIAN_POINT('Ctrl Pts',(423.620483121585,-31.1884927606426,-6.13141610867447));
#7944=CARTESIAN_POINT('Ctrl Pts',(422.841796027054,-31.8053525319676,-6.13141610867447));
#7945=CARTESIAN_POINT('Ctrl Pts',(422.845175046274,-32.7971623917405,-6.13141610867447));
#7946=CARTESIAN_POINT('Ctrl Pts',(423.619518531571,-33.4189006659582,-6.13141610867447));
#7947=CARTESIAN_POINT('Ctrl Pts',(424.588304842252,-33.1943806115496,-6.13141610867447));
#7948=CARTESIAN_POINT('Ctrl Pts',(424.875,-32.6006229911717,-6.13141610867447));
#7949=CARTESIAN_POINT('Ctrl Pts',(424.875,-32.3017654436837,-6.13141610867447));
#7950=CARTESIAN_POINT('',(424.875,-32.3017654436837,-6.17504683800239));
#7951=CARTESIAN_POINT('Ctrl Pts',(424.875,-32.3017654436837,-6.17504683800239));
#7952=CARTESIAN_POINT('Ctrl Pts',(424.875,-32.2964690123213,-6.17481559081506));
#7953=CARTESIAN_POINT('Ctrl Pts',(424.874954958889,-32.2911718528651,-6.17458430014269));
#7954=CARTESIAN_POINT('Ctrl Pts',(424.87486512004,-32.2858744176015,-6.17435298780311));
#7955=CARTESIAN_POINT('Ctrl Pts',(424.87412634574,-32.2423118711163,-6.17245083061874));
#7956=CARTESIAN_POINT('Ctrl Pts',(424.870366375405,-32.1989475970066,-6.17055674946846));
#7957=CARTESIAN_POINT('Ctrl Pts',(424.863780101913,-32.1560310056583,-6.16868260471783));
#7958=CARTESIAN_POINT('Ctrl Pts',(424.85700367255,-32.1118753461452,-6.16675435051853));
#7959=CARTESIAN_POINT('Ctrl Pts',(424.847235109941,-32.0681925113202,-6.16484720052638));
#7960=CARTESIAN_POINT('Ctrl Pts',(424.834631216859,-32.0252570497368,-6.16297407233272));
#7961=CARTESIAN_POINT('Ctrl Pts',(424.822917451557,-31.9853538296121,-6.16123323052325));
#7962=CARTESIAN_POINT('Ctrl Pts',(424.808753816792,-31.9460954642694,-6.15952177474145));
#7963=CARTESIAN_POINT('Ctrl Pts',(424.792228681511,-31.9077172121243,-6.157850074467));
#7964=CARTESIAN_POINT('Ctrl Pts',(424.774463587838,-31.8664592597522,-6.15605293868179));
#7965=CARTESIAN_POINT('Ctrl Pts',(424.754085708641,-31.8264871489635,-6.15431358595948));
#7966=CARTESIAN_POINT('Ctrl Pts',(424.731262607189,-31.7880679199195,-6.15264288659479));
#7967=CARTESIAN_POINT('Ctrl Pts',(424.708721548938,-31.7501234678161,-6.15099283338966));
#7968=CARTESIAN_POINT('Ctrl Pts',(424.683794708965,-31.7136927426768,-6.14940974721837));
#7969=CARTESIAN_POINT('Ctrl Pts',(424.656598850045,-31.679054576932,-6.14790410033668));
#7970=CARTESIAN_POINT('Ctrl Pts',(424.631363902307,-31.6469139372521,-6.14650701556419));
#7971=CARTESIAN_POINT('Ctrl Pts',(424.604174600583,-31.6163162288771,-6.14517660542263));
#7972=CARTESIAN_POINT('Ctrl Pts',(424.575095751195,-31.5875125830022,-6.14392123632176));
#7973=CARTESIAN_POINT('Ctrl Pts',(424.550778284749,-31.5634252581317,-6.14287142188174));
#7974=CARTESIAN_POINT('Ctrl Pts',(424.525260071868,-31.5407133893029,-6.14187938287245));
#7975=CARTESIAN_POINT('Ctrl Pts',(424.498602122968,-31.5194999560948,-6.14094837388924));
#7976=CARTESIAN_POINT('Ctrl Pts',(424.46452086176,-31.4923793189829,-6.13975811126019));
#7977=CARTESIAN_POINT('Ctrl Pts',(424.428577551029,-31.4677059432719,-6.13866760058451));
#7978=CARTESIAN_POINT('Ctrl Pts',(424.391077811221,-31.4455032418644,-6.13768364272132));
#7979=CARTESIAN_POINT('Ctrl Pts',(424.35278267157,-31.4228296031834,-6.13667881431519));
#7980=CARTESIAN_POINT('Ctrl Pts',(424.312863299014,-31.4027321306912,-6.13578510680234));
#7981=CARTESIAN_POINT('Ctrl Pts',(424.271619862055,-31.3852826645241,-6.13500976304106));
#7982=CARTESIAN_POINT('Ctrl Pts',(424.265120853806,-31.3825330337241,-6.13488758686293));
#7983=CARTESIAN_POINT('Ctrl Pts',(424.258588937981,-31.3798492547344,-6.13476834970926));
#7984=CARTESIAN_POINT('Ctrl Pts',(424.25202526135,-31.3772317232346,-6.13465207991919));
#7985=CARTESIAN_POINT('Ctrl Pts',(424.210614944035,-31.3607176845211,-6.13391853237078));
#7986=CARTESIAN_POINT('Ctrl Pts',(424.168209767528,-31.3469432912335,-6.13330789834133));
#7987=CARTESIAN_POINT('Ctrl Pts',(424.125125827178,-31.3359306263686,-6.13282264951765));
#7988=CARTESIAN_POINT('Ctrl Pts',(424.081951683416,-31.3248949046538,-6.13233638474467));
#7989=CARTESIAN_POINT('Ctrl Pts',(424.038094748093,-31.3166322275326,-6.13197603075674));
#7990=CARTESIAN_POINT('Ctrl Pts',(423.993855179099,-31.3112131149775,-6.13174407479789));
#7991=CARTESIAN_POINT('Ctrl Pts',(423.953328505112,-31.3062488123674,-6.13153158621046));
#7992=CARTESIAN_POINT('Ctrl Pts',(423.912479846828,-31.3036711796314,-6.13142684792812));
#7993=CARTESIAN_POINT('Ctrl Pts',(423.871539512935,-31.3035728545799,-6.13143177204214));
#7994=CARTESIAN_POINT('Ctrl Pts',(423.8268887993,-31.3034656184316,-6.13143714242348));
#7995=CARTESIAN_POINT('Ctrl Pts',(423.782418512424,-31.306307737198,-6.13157291791295));
#7996=CARTESIAN_POINT('Ctrl Pts',(423.738426433258,-31.3121553536542,-6.13183654758697));
#7997=CARTESIAN_POINT('Ctrl Pts',(423.709375597473,-31.3160169157495,-6.13201063943516));
#7998=CARTESIAN_POINT('Ctrl Pts',(423.680533027113,-31.321190135359,-6.132240486208));
#7999=CARTESIAN_POINT('Ctrl Pts',(423.651984733957,-31.3277036972627,-6.13252535330725));
#8000=CARTESIAN_POINT('Ctrl Pts',(423.608733101041,-31.3375719645839,-6.13295693662956));
#8001=CARTESIAN_POINT('Ctrl Pts',(423.56615562239,-31.3505146388702,-6.13351480963796));
#8002=CARTESIAN_POINT('Ctrl Pts',(423.52449137543,-31.3663355024603,-6.13419641776746));
#8003=CARTESIAN_POINT('Ctrl Pts',(423.513836748726,-31.3703813069085,-6.13437072261413));
#8004=CARTESIAN_POINT('Ctrl Pts',(423.503241957725,-31.3746155734088,-6.13455311920958));
#8005=CARTESIAN_POINT('Ctrl Pts',(423.492711269051,-31.3790354928501,-6.13474356483283));
#8006=CARTESIAN_POINT('Ctrl Pts',(423.451874022876,-31.3961756195677,-6.13548209913393));
#8007=CARTESIAN_POINT('Ctrl Pts',(423.412261430715,-31.4159936854633,-6.13633687499506));
#8008=CARTESIAN_POINT('Ctrl Pts',(423.37408977083,-31.4382528166427,-6.13730085848973));
#8009=CARTESIAN_POINT('Ctrl Pts',(423.335441194232,-31.4607900534031,-6.13827688599401));
#8010=CARTESIAN_POINT('Ctrl Pts',(423.298268775787,-31.4858304016253,-6.13936486705945));
#8011=CARTESIAN_POINT('Ctrl Pts',(423.262818751391,-31.5131763139662,-6.14055750080624));
#8012=CARTESIAN_POINT('Ctrl Pts',(423.230359465379,-31.5382151906682,-6.14164951810535));
#8013=CARTESIAN_POINT('Ctrl Pts',(423.199343886032,-31.5651880000105,-6.14282927491526));
#8014=CARTESIAN_POINT('Ctrl Pts',(423.169987700769,-31.5939706491103,-6.14409116666372));
#8015=CARTESIAN_POINT('Ctrl Pts',(423.137900387382,-31.6254310678775,-6.14547045745476));
#8016=CARTESIAN_POINT('Ctrl Pts',(423.108004535666,-31.6588481149621,-6.1469387839048));
#8017=CARTESIAN_POINT('Ctrl Pts',(423.080536270576,-31.6940148990583,-6.14848519349159));
#8018=CARTESIAN_POINT('Ctrl Pts',(423.053690741445,-31.7283844132536,-6.14999654426223));
#8019=CARTESIAN_POINT('Ctrl Pts',(423.029163213704,-31.7644260724485,-6.15158247784053));
#8020=CARTESIAN_POINT('Ctrl Pts',(423.007210301218,-31.8019793438932,-6.15323276986114));
#8021=CARTESIAN_POINT('Ctrl Pts',(422.994659807014,-31.8234485733584,-6.15417624287194));
#8022=CARTESIAN_POINT('Ctrl Pts',(422.982951530928,-31.8454123933274,-6.15514075090068));
#8023=CARTESIAN_POINT('Ctrl Pts',(422.972140379346,-31.8678442133756,-6.15612438346778));
#8024=CARTESIAN_POINT('Ctrl Pts',(422.965086888821,-31.8824793453477,-6.15676613221579));
#8025=CARTESIAN_POINT('Ctrl Pts',(422.958415396002,-31.8973137415732,-6.15741602154143));
#8026=CARTESIAN_POINT('Ctrl Pts',(422.952126044353,-31.9123326610246,-6.15807352087945));
#8027=CARTESIAN_POINT('Ctrl Pts',(422.935335067039,-31.9524293752594,-6.15982887772463));
#8028=CARTESIAN_POINT('Ctrl Pts',(422.921370587085,-31.9935855378832,-6.1616272078772));
#8029=CARTESIAN_POINT('Ctrl Pts',(422.910162497323,-32.03549182214,-6.16345657695054));
#8030=CARTESIAN_POINT('Ctrl Pts',(422.898643550972,-32.0785603780057,-6.1653366836107));
#8031=CARTESIAN_POINT('Ctrl Pts',(422.890035815291,-32.1224223520275,-6.16724957479788));
#8032=CARTESIAN_POINT('Ctrl Pts',(422.884314794344,-32.166761959267,-6.16918229532859));
#8033=CARTESIAN_POINT('Ctrl Pts',(422.879013116061,-32.2078515366346,-6.17097335020527));
#8034=CARTESIAN_POINT('Ctrl Pts',(422.876191003088,-32.2493522695681,-6.1727814340371));
#8035=CARTESIAN_POINT('Ctrl Pts',(422.875868868141,-32.2910145156514,-6.1745962367196));
#8036=CARTESIAN_POINT('Ctrl Pts',(422.875521475802,-32.3359433419087,-6.17655333126151));
#8037=CARTESIAN_POINT('Ctrl Pts',(422.878083085807,-32.380766805248,-6.17850533479949));
#8038=CARTESIAN_POINT('Ctrl Pts',(422.883516119306,-32.4251711164625,-6.1804392640649));
#8039=CARTESIAN_POINT('Ctrl Pts',(422.888873933706,-32.4689606601919,-6.18234641852403));
#8040=CARTESIAN_POINT('Ctrl Pts',(422.897024363629,-32.5123437537325,-6.18423599571446));
#8041=CARTESIAN_POINT('Ctrl Pts',(422.907980753911,-32.555017969164,-6.1860955441873));
#8042=CARTESIAN_POINT('Ctrl Pts',(422.918150374492,-32.5946277830143,-6.18782155995842));
#8043=CARTESIAN_POINT('Ctrl Pts',(422.930737921236,-32.6336275847346,-6.18952170484381));
#8044=CARTESIAN_POINT('Ctrl Pts',(422.945791686366,-32.6717612441841,-6.19118602177124));
#8045=CARTESIAN_POINT('Ctrl Pts',(422.954321084268,-32.6933676099096,-6.19212901650964));
#8046=CARTESIAN_POINT('Ctrl Pts',(422.963614146949,-32.7146226395722,-6.19305728520459));
#8047=CARTESIAN_POINT('Ctrl Pts',(422.973669123954,-32.735483794148,-6.19396928091726));
#8048=CARTESIAN_POINT('Ctrl Pts',(422.992638906436,-32.7748405787962,-6.19568985773066));
#8049=CARTESIAN_POINT('Ctrl Pts',(423.01431754857,-32.8127969589227,-6.19735251439245));
#8050=CARTESIAN_POINT('Ctrl Pts',(423.038435958951,-32.8491950791792,-6.19894686326132));
#8051=CARTESIAN_POINT('Ctrl Pts',(423.063091217961,-32.886403380564,-6.20057670053884));
#8052=CARTESIAN_POINT('Ctrl Pts',(423.090296830848,-32.9219841545129,-6.2021351552709));
#8053=CARTESIAN_POINT('Ctrl Pts',(423.119810306243,-32.9557393526925,-6.2036111306102));
#8054=CARTESIAN_POINT('Ctrl Pts',(423.131741694684,-32.9693855389175,-6.20420782194752));
#8055=CARTESIAN_POINT('Ctrl Pts',(423.144050704471,-32.9827329602641,-6.20479103338337));
#8056=CARTESIAN_POINT('Ctrl Pts',(423.156722885303,-32.9957666957055,-6.20536003173623));
#8057=CARTESIAN_POINT('Ctrl Pts',(423.187961275512,-33.0278963598093,-6.2067626784322));
#8058=CARTESIAN_POINT('Ctrl Pts',(423.221201174909,-33.057913873693,-6.20806974210108));
#8059=CARTESIAN_POINT('Ctrl Pts',(423.256172785086,-33.0856502182332,-6.20927375932457));
#8060=CARTESIAN_POINT('Ctrl Pts',(423.290981695245,-33.1132575237125,-6.2104721750438));
#8061=CARTESIAN_POINT('Ctrl Pts',(423.327507209654,-33.1386055628434,-6.21156850090262));
#8062=CARTESIAN_POINT('Ctrl Pts',(423.365518353461,-33.1614911991941,-6.21255537716601));
#8063=CARTESIAN_POINT('Ctrl Pts',(423.400497444022,-33.1825513059496,-6.21346353279442));
#8064=CARTESIAN_POINT('Ctrl Pts',(423.43673552475,-33.2015262519096,-6.21427900345328));
#8065=CARTESIAN_POINT('Ctrl Pts',(423.474068653579,-33.218222141543,-6.2149960538589));
#8066=CARTESIAN_POINT('Ctrl Pts',(423.514690247679,-33.2363886781577,-6.21577626520039));
#8067=CARTESIAN_POINT('Ctrl Pts',(423.556345201825,-33.2517396716303,-6.2164348491924));
#8068=CARTESIAN_POINT('Ctrl Pts',(423.598797328295,-33.2640853248672,-6.2169690051116));
#8069=CARTESIAN_POINT('Ctrl Pts',(423.616375026187,-33.2691971574402,-6.21719017733914));
#8070=CARTESIAN_POINT('Ctrl Pts',(423.634089704971,-33.2737932150932,-6.21739001698251));
#8071=CARTESIAN_POINT('Ctrl Pts',(423.651925669135,-33.2778576111871,-6.21756832522272));
#8072=CARTESIAN_POINT('Ctrl Pts',(423.695005772774,-33.2876745520232,-6.21799900210664));
#8073=CARTESIAN_POINT('Ctrl Pts',(423.738793155399,-33.2943935296406,-6.21830406655702));
#8074=CARTESIAN_POINT('Ctrl Pts',(423.78298852498,-33.2981093335216,-6.21848071702441));
#8075=CARTESIAN_POINT('Ctrl Pts',(423.805404634265,-33.2999940075649,-6.21857031501216));
#8076=CARTESIAN_POINT('Ctrl Pts',(423.827925801161,-33.3011052421731,-6.21862687762444));
#8077=CARTESIAN_POINT('Ctrl Pts',(423.850512786348,-33.3014503188119,-6.21865003930966));
#8078=CARTESIAN_POINT('Ctrl Pts',(423.894759906449,-33.3021263119714,-6.21869541224718));
#8079=CARTESIAN_POINT('Ctrl Pts',(423.938975266665,-33.299861212449,-6.21861231268092));
#8080=CARTESIAN_POINT('Ctrl Pts',(423.982862895594,-33.2947834335372,-6.21840290373009));
#8081=CARTESIAN_POINT('Ctrl Pts',(424.027298841691,-33.289642214576,-6.21819087849476));
#8082=CARTESIAN_POINT('Ctrl Pts',(424.071400012845,-33.2816173929961,-6.21784936802571));
#8083=CARTESIAN_POINT('Ctrl Pts',(424.114858999889,-33.2707892790903,-6.21738061753512));
#8084=CARTESIAN_POINT('Ctrl Pts',(424.15467156601,-33.2608696967403,-6.21695119749637));
#8085=CARTESIAN_POINT('Ctrl Pts',(424.193945894204,-33.248596748986,-6.21641499377922));
#8086=CARTESIAN_POINT('Ctrl Pts',(424.232432403525,-33.2339961227837,-6.21577373253594));
#8087=CARTESIAN_POINT('Ctrl Pts',(424.27447968118,-33.2180446479762,-6.21507314186089));
#8088=CARTESIAN_POINT('Ctrl Pts',(424.315312666008,-33.1994193611844,-6.21425177039152));
#8089=CARTESIAN_POINT('Ctrl Pts',(424.354629452171,-33.1782130227122,-6.21331664414341));
#8090=CARTESIAN_POINT('Ctrl Pts',(424.393198117305,-33.1574101991065,-6.21239931150657));
#8091=CARTESIAN_POINT('Ctrl Pts',(424.430308807017,-33.1341231720929,-6.21137251196317));
#8092=CARTESIAN_POINT('Ctrl Pts',(424.465656285931,-33.1083944495106,-6.21024287803831));
#8093=CARTESIAN_POINT('Ctrl Pts',(424.476787411856,-33.1002923256891,-6.20988714976992));
#8094=CARTESIAN_POINT('Ctrl Pts',(424.487743470978,-33.0919477545853,-6.20952122386229));
#8095=CARTESIAN_POINT('Ctrl Pts',(424.498514246575,-33.0833612155232,-6.20914530743486));
#8096=CARTESIAN_POINT('Ctrl Pts',(424.519826172827,-33.0663711960401,-6.20840148883928));
#8097=CARTESIAN_POINT('Ctrl Pts',(424.540413045533,-33.0484340793552,-6.20761855558557));
#8098=CARTESIAN_POINT('Ctrl Pts',(424.560243687024,-33.0296100921853,-6.20679811220447));
#8099=CARTESIAN_POINT('Ctrl Pts',(424.592016218559,-32.9994504159975,-6.20548360287756));
#8100=CARTESIAN_POINT('Ctrl Pts',(424.621646811037,-32.9672086904818,-6.20408128992101));
#8101=CARTESIAN_POINT('Ctrl Pts',(424.649057062129,-32.9331843155209,-6.20260127226707));
#8102=CARTESIAN_POINT('Ctrl Pts',(424.677054239668,-32.898431388114,-6.20108956349513));
#8103=CARTESIAN_POINT('Ctrl Pts',(424.702735612904,-32.8618177138803,-6.19949678666917));
#8104=CARTESIAN_POINT('Ctrl Pts',(424.72597898911,-32.8236240785916,-6.19783370344678));
#8105=CARTESIAN_POINT('Ctrl Pts',(424.747384329922,-32.7884507125128,-6.1963021332111));
#8106=CARTESIAN_POINT('Ctrl Pts',(424.76672192453,-32.7519363262859,-6.19471093628432));
#8107=CARTESIAN_POINT('Ctrl Pts',(424.783861170145,-32.7142831430181,-6.19306851786498));
#8108=CARTESIAN_POINT('Ctrl Pts',(424.802378839681,-32.67360170228,-6.19129400793528));
#8109=CARTESIAN_POINT('Ctrl Pts',(424.818236530179,-32.631798488832,-6.18946882160357));
#8110=CARTESIAN_POINT('Ctrl Pts',(424.831303410909,-32.5891466677922,-6.18760540941247));
#8111=CARTESIAN_POINT('Ctrl Pts',(424.83979751615,-32.5614209186906,-6.18639410125202));
#8112=CARTESIAN_POINT('Ctrl Pts',(424.847111435062,-32.5333360211931,-6.18516664025946));
#8113=CARTESIAN_POINT('Ctrl Pts',(424.853197863472,-32.5049636409767,-6.1839264464293));
#8114=CARTESIAN_POINT('Ctrl Pts',(424.862449959415,-32.4618342445189,-6.18204120412755));
#8115=CARTESIAN_POINT('Ctrl Pts',(424.868834085905,-32.4181986240368,-6.18013345226629));
#8116=CARTESIAN_POINT('Ctrl Pts',(424.872205258611,-32.3743129790441,-6.17821577249133));
#8117=CARTESIAN_POINT('Ctrl Pts',(424.874058146381,-32.3501922406514,-6.17716176377891));
#8118=CARTESIAN_POINT('Ctrl Pts',(424.875,-32.3259957481851,-6.17610475594388));
#8119=CARTESIAN_POINT('Ctrl Pts',(424.875,-32.3017654436837,-6.17504683800239));
#8120=CARTESIAN_POINT('Ctrl Pts',(424.875,-32.3017654436837,-6.17504683800239));
#8121=CARTESIAN_POINT('Ctrl Pts',(424.875,-32.3017654436837,-14.));
#8122=CARTESIAN_POINT('Ctrl Pts',(-7.12500000000004,-96.6154947080158,-14.));
#8123=CARTESIAN_POINT('Ctrl Pts',(-7.12500000000004,-96.3166371605278,-14.));
#8124=CARTESIAN_POINT('Ctrl Pts',(-7.41147118252593,-95.7206939674185,-14.));
#8125=CARTESIAN_POINT('Ctrl Pts',(-8.37931096392921,-95.5017767010227,-14.));
#8126=CARTESIAN_POINT('Ctrl Pts',(-9.15790724334637,-96.118999445034,-14.));
#8127=CARTESIAN_POINT('Ctrl Pts',(-9.15502003561222,-97.1108443670932,-14.));
#8128=CARTESIAN_POINT('Ctrl Pts',(-8.38038706371144,-97.7323168459609,-14.));
#8129=CARTESIAN_POINT('Ctrl Pts',(-7.41136135625067,-97.5080907470241,-14.));
#8130=CARTESIAN_POINT('Ctrl Pts',(-7.12500000000004,-96.9143522555038,-14.));
#8131=CARTESIAN_POINT('Ctrl Pts',(-7.12500000000004,-96.6154947080158,-14.));
#8132=CARTESIAN_POINT('Ctrl Pts',(-7.12500000000004,-96.6154947080158,-8.93941661978469));
#8133=CARTESIAN_POINT('Ctrl Pts',(-7.12500000000004,-96.3166371605278,-8.93941661978469));
#8134=CARTESIAN_POINT('Ctrl Pts',(-7.41147118252593,-95.7206939674185,-8.93941661978469));
#8135=CARTESIAN_POINT('Ctrl Pts',(-8.37931096392921,-95.5017767010227,-8.93941661978469));
#8136=CARTESIAN_POINT('Ctrl Pts',(-9.15790724334637,-96.118999445034,-8.93941661978469));
#8137=CARTESIAN_POINT('Ctrl Pts',(-9.15502003561222,-97.1108443670932,-8.93941661978469));
#8138=CARTESIAN_POINT('Ctrl Pts',(-8.38038706371144,-97.7323168459609,-8.93941661978469));
#8139=CARTESIAN_POINT('Ctrl Pts',(-7.41136135625067,-97.5080907470241,-8.93941661978469));
#8140=CARTESIAN_POINT('Ctrl Pts',(-7.12500000000004,-96.9143522555038,-8.93941661978469));
#8141=CARTESIAN_POINT('Ctrl Pts',(-7.12500000000004,-96.6154947080158,-8.93941661978469));
#8142=CARTESIAN_POINT('',(-7.12500000000004,-96.6154947080158,-8.98304489964588));
#8143=CARTESIAN_POINT('Ctrl Pts',(-7.12500000000004,-96.6154947080158,-8.98304489964588));
#8144=CARTESIAN_POINT('Ctrl Pts',(-7.12500000000004,-96.6118748915578,-8.98288685504617));
#8145=CARTESIAN_POINT('Ctrl Pts',(-7.12502101316643,-96.6082547147459,-8.9827287890383));
#8146=CARTESIAN_POINT('Ctrl Pts',(-7.12506296261709,-96.6046343215963,-8.98257070858131));
#8147=CARTESIAN_POINT('Ctrl Pts',(-7.12556765672052,-96.5610773489533,-8.98066884161391));
#8148=CARTESIAN_POINT('Ctrl Pts',(-7.12909574121508,-96.5177059232301,-8.97877442072292));
#8149=CARTESIAN_POINT('Ctrl Pts',(-7.13545280070191,-96.474769003559,-8.97689931109755));
#8150=CARTESIAN_POINT('Ctrl Pts',(-7.14199492466507,-96.4305821194082,-8.97496961394133));
#8151=CARTESIAN_POINT('Ctrl Pts',(-7.15153340289875,-96.3868543286204,-8.97306036878232));
#8152=CARTESIAN_POINT('Ctrl Pts',(-7.16391185773932,-96.3438596389425,-8.97118450751491));
#8153=CARTESIAN_POINT('Ctrl Pts',(-7.1754176920128,-96.3038958647522,-8.96944088529866));
#8154=CARTESIAN_POINT('Ctrl Pts',(-7.18937808349663,-96.264564790338,-8.9677261060749));
#8155=CARTESIAN_POINT('Ctrl Pts',(-7.20570504948197,-96.2261011355771,-8.96605055509907));
#8156=CARTESIAN_POINT('Ctrl Pts',(-7.22325442693654,-96.184757679831,-8.96424955443883));
#8157=CARTESIAN_POINT('Ctrl Pts',(-7.24342302501399,-96.1446856399731,-8.96250573881239));
#8158=CARTESIAN_POINT('Ctrl Pts',(-7.26604368988009,-96.1061515762475,-8.96083001595577));
#8159=CARTESIAN_POINT('Ctrl Pts',(-7.28839440560675,-96.0680773680302,-8.9591742907405));
#8160=CARTESIAN_POINT('Ctrl Pts',(-7.31313962901839,-96.0315036334424,-8.95758504278955));
#8161=CARTESIAN_POINT('Ctrl Pts',(-7.34016295214009,-95.9967088548756,-8.95607279397039));
#8162=CARTESIAN_POINT('Ctrl Pts',(-7.36521249416026,-95.9644554838202,-8.95467099966959));
#8163=CARTESIAN_POINT('Ctrl Pts',(-7.3922202542386,-95.9337302450461,-8.95333536725837));
#8164=CARTESIAN_POINT('Ctrl Pts',(-7.42112204688221,-95.9047830602831,-8.95207427735256));
#8165=CARTESIAN_POINT('Ctrl Pts',(-7.44649692129597,-95.8793683330013,-8.9509670796649));
#8166=CARTESIAN_POINT('Ctrl Pts',(-7.47319952274915,-95.8554578107527,-8.94992320309207));
#8167=CARTESIAN_POINT('Ctrl Pts',(-7.50116001712834,-95.8331935546299,-8.94894643628172));
#8168=CARTESIAN_POINT('Ctrl Pts',(-7.53524433498637,-95.8060530480182,-8.94775574093901));
#8169=CARTESIAN_POINT('Ctrl Pts',(-7.57119728692224,-95.781357158738,-8.94666477086681));
#8170=CARTESIAN_POINT('Ctrl Pts',(-7.60871322855569,-95.7591313095424,-8.9456803890572));
#8171=CARTESIAN_POINT('Ctrl Pts',(-7.64700504632677,-95.7364458022581,-8.94467564901258));
#8172=CARTESIAN_POINT('Ctrl Pts',(-7.68692625379206,-95.7163331286372,-8.94378195157437));
#8173=CARTESIAN_POINT('Ctrl Pts',(-7.72817678713029,-95.698867308665,-8.94300659440706));
#8174=CARTESIAN_POINT('Ctrl Pts',(-7.73309920732549,-95.6967831148862,-8.94291407114808));
#8175=CARTESIAN_POINT('Ctrl Pts',(-7.73804057369401,-95.6947366697747,-8.94282323300894));
#8176=CARTESIAN_POINT('Ctrl Pts',(-7.74300038781199,-95.6927281472836,-8.94273409238991));
#8177=CARTESIAN_POINT('Ctrl Pts',(-7.78431062925945,-95.6759991838415,-8.94199164107878));
#8178=CARTESIAN_POINT('Ctrl Pts',(-7.82663199445307,-95.6620050632565,-8.9413718086475));
#8179=CARTESIAN_POINT('Ctrl Pts',(-7.86964781005223,-95.6507682025249,-8.94087712898));
#8180=CARTESIAN_POINT('Ctrl Pts',(-7.91277194902879,-95.6395030448823,-8.94038120359924));
#8181=CARTESIAN_POINT('Ctrl Pts',(-7.9565952230524,-95.6310087853468,-8.94001106210082));
#8182=CARTESIAN_POINT('Ctrl Pts',(-8.0008167888778,-95.6253562564347,-8.93976925755957));
#8183=CARTESIAN_POINT('Ctrl Pts',(-8.04132895099895,-95.6201778742718,-8.93954773612327));
#8184=CARTESIAN_POINT('Ctrl Pts',(-8.08217627501946,-95.6173848538892,-8.93943392427119));
#8185=CARTESIAN_POINT('Ctrl Pts',(-8.12312809465412,-95.6170700843075,-8.93942978499049));
#8186=CARTESIAN_POINT('Ctrl Pts',(-8.16777484574776,-95.6167269142288,-8.93942527223778));
#8187=CARTESIAN_POINT('Ctrl Pts',(-8.21225640373032,-95.619331194071,-8.93955114514327));
#8188=CARTESIAN_POINT('Ctrl Pts',(-8.25627452609404,-95.6249393274109,-8.93980491895861));
#8189=CARTESIAN_POINT('Ctrl Pts',(-8.28703311626823,-95.6288581287087,-8.93998224875742));
#8190=CARTESIAN_POINT('Ctrl Pts',(-8.31756575191861,-95.6342446723856,-8.94022203014028));
#8191=CARTESIAN_POINT('Ctrl Pts',(-8.34777038026486,-95.6411333694239,-8.9405234153194));
#8192=CARTESIAN_POINT('Ctrl Pts',(-8.39101940577328,-95.6509970707915,-8.94095495896067));
#8193=CARTESIAN_POINT('Ctrl Pts',(-8.43359722319593,-95.6639386924813,-8.94151280544774));
#8194=CARTESIAN_POINT('Ctrl Pts',(-8.47526473535492,-95.6797628657029,-8.94219446594828));
#8195=CARTESIAN_POINT('Ctrl Pts',(-8.48434391136445,-95.6832108866295,-8.94234299691024));
#8196=CARTESIAN_POINT('Ctrl Pts',(-8.49337978099917,-95.6867959438605,-8.94249740638584));
#8197=CARTESIAN_POINT('Ctrl Pts',(-8.50236970866782,-95.6905162989368,-8.94265766862716));
#8198=CARTESIAN_POINT('Ctrl Pts',(-8.54326367459966,-95.7074396913548,-8.94338667990272));
#8199=CARTESIAN_POINT('Ctrl Pts',(-8.58294616317374,-95.7270501077177,-8.94423206014059));
#8200=CARTESIAN_POINT('Ctrl Pts',(-8.62120181152679,-95.7491098975002,-8.94518684242385));
#8201=CARTESIAN_POINT('Ctrl Pts',(-8.65996603636868,-95.77146295353,-8.94615431773001));
#8202=CARTESIAN_POINT('Ctrl Pts',(-8.69726623729686,-95.7963316033043,-8.947234123232));
#8203=CARTESIAN_POINT('Ctrl Pts',(-8.73285681916656,-95.8235171363178,-8.94841901044481));
#8204=CARTESIAN_POINT('Ctrl Pts',(-8.76546121285622,-95.8484216974256,-8.94950448101413));
#8205=CARTESIAN_POINT('Ctrl Pts',(-8.79663117153519,-95.8752716409594,-8.95067813952694));
#8206=CARTESIAN_POINT('Ctrl Pts',(-8.826151333263,-95.9039419551649,-8.95193441322292));
#8207=CARTESIAN_POINT('Ctrl Pts',(-8.85839759373941,-95.9352598872391,-8.95330670004181));
#8208=CARTESIAN_POINT('Ctrl Pts',(-8.88846528708111,-95.9685452077985,-8.95476851789208));
#8209=CARTESIAN_POINT('Ctrl Pts',(-8.91611894074248,-96.0035899167576,-8.95630895098177));
#8210=CARTESIAN_POINT('Ctrl Pts',(-8.94314561370509,-96.0378400704519,-8.95781445842197));
#8211=CARTESIAN_POINT('Ctrl Pts',(-8.96786723184725,-96.0737715853409,-8.95939505668714));
#8212=CARTESIAN_POINT('Ctrl Pts',(-8.99002801275989,-96.1112230627005,-8.96104055574752));
#8213=CARTESIAN_POINT('Ctrl Pts',(-9.00354818060758,-96.1340719984867,-8.96204446547333));
#8214=CARTESIAN_POINT('Ctrl Pts',(-9.0161144186847,-96.1574872713305,-8.96307253225837));
#8215=CARTESIAN_POINT('Ctrl Pts',(-9.02765999548782,-96.1814364747087,-8.96412244208577));
#8216=CARTESIAN_POINT('Ctrl Pts',(-9.0339927339628,-96.1945725911855,-8.96469831668023));
#8217=CARTESIAN_POINT('Ctrl Pts',(-9.0400182682833,-96.2078693953111,-8.96528076278155));
#8218=CARTESIAN_POINT('Ctrl Pts',(-9.04573645263635,-96.221316250385,-8.96586939853842));
#8219=CARTESIAN_POINT('Ctrl Pts',(-9.06274614798342,-96.2613161689012,-8.9676203940077));
#8220=CARTESIAN_POINT('Ctrl Pts',(-9.07693219627218,-96.3023887448401,-8.96941492376826));
#8221=CARTESIAN_POINT('Ctrl Pts',(-9.08836439853577,-96.3442246646655,-8.9712410784116));
#8222=CARTESIAN_POINT('Ctrl Pts',(-9.10011662829507,-96.3872317188309,-8.97311835353757));
#8223=CARTESIAN_POINT('Ctrl Pts',(-9.10895887534879,-96.4310465597545,-8.97502904891184));
#8224=CARTESIAN_POINT('Ctrl Pts',(-9.11491541179703,-96.4753534125182,-8.97696022670821));
#8225=CARTESIAN_POINT('Ctrl Pts',(-9.1204386037681,-96.5164368937618,-8.97875090922855));
#8226=CARTESIAN_POINT('Ctrl Pts',(-9.12348016874099,-96.5579443818763,-8.98055920234193));
#8227=CARTESIAN_POINT('Ctrl Pts',(-9.12401947750794,-96.5996260017241,-8.98237479149759));
#8228=CARTESIAN_POINT('Ctrl Pts',(-9.12460072138114,-96.6445486650414,-8.98433155566991));
#8229=CARTESIAN_POINT('Ctrl Pts',(-9.12227229000743,-96.6893804652236,-8.9862838934487));
#8230=CARTESIAN_POINT('Ctrl Pts',(-9.11707151954804,-96.7338075691336,-8.98821881356585));
#8231=CARTESIAN_POINT('Ctrl Pts',(-9.11194111243123,-96.7776336006531,-8.99012755536035));
#8232=CARTESIAN_POINT('Ctrl Pts',(-9.10401541721732,-96.8210669899498,-8.99201934760628));
#8233=CARTESIAN_POINT('Ctrl Pts',(-9.09328084346093,-96.863805222199,-8.9938817192262));
#8234=CARTESIAN_POINT('Ctrl Pts',(-9.08332103571466,-96.9034588299042,-8.99560967449555));
#8235=CARTESIAN_POINT('Ctrl Pts',(-9.0709426925734,-96.9425147195935,-8.99731230273801));
#8236=CARTESIAN_POINT('Ctrl Pts',(-9.05609732368805,-96.9807171725868,-8.99897964296533));
#8237=CARTESIAN_POINT('Ctrl Pts',(-9.04707541371415,-97.0039337793514,-8.99999292822237));
#8238=CARTESIAN_POINT('Ctrl Pts',(-9.03717423545301,-97.0267507643115,-9.00098946530164));
#8239=CARTESIAN_POINT('Ctrl Pts',(-9.02639574158445,-97.0491156265613,-9.00196734014735));
#8240=CARTESIAN_POINT('Ctrl Pts',(-9.00742937795001,-97.0884699292343,-9.00368805643096));
#8241=CARTESIAN_POINT('Ctrl Pts',(-8.98574934899498,-97.1264257897606,-9.00535098764927));
#8242=CARTESIAN_POINT('Ctrl Pts',(-8.96162402917549,-97.1628250144381,-9.0069457050445));
#8243=CARTESIAN_POINT('Ctrl Pts',(-8.936969702723,-97.2000223811271,-9.00857539051834));
#8244=CARTESIAN_POINT('Ctrl Pts',(-8.90976090430391,-97.2355949710179,-9.01013383786124));
#8245=CARTESIAN_POINT('Ctrl Pts',(-8.88023936971966,-97.269344266533,-9.01160991713461));
#8246=CARTESIAN_POINT('Ctrl Pts',(-8.86941932118958,-97.2817138476022,-9.01215092049358));
#8247=CARTESIAN_POINT('Ctrl Pts',(-8.85828823021665,-97.2938381516807,-9.01268085915756));
#8248=CARTESIAN_POINT('Ctrl Pts',(-8.84685686387344,-97.3057060694983,-9.01319918514795));
#8249=CARTESIAN_POINT('Ctrl Pts',(-8.81578299724946,-97.3379666133647,-9.01460814993915));
#8250=CARTESIAN_POINT('Ctrl Pts',(-8.7826946981568,-97.368126062422,-9.01592205610489));
#8251=CARTESIAN_POINT('Ctrl Pts',(-8.74786242041026,-97.396016270815,-9.01713339425652));
#8252=CARTESIAN_POINT('Ctrl Pts',(-8.71316484530775,-97.4237986227869,-9.018340047947));
#8253=CARTESIAN_POINT('Ctrl Pts',(-8.67673578715983,-97.4493299823256,-9.01944492538714));
#8254=CARTESIAN_POINT('Ctrl Pts',(-8.63880721150001,-97.4724078132428,-9.02044060397225));
#8255=CARTESIAN_POINT('Ctrl Pts',(-8.60392455636298,-97.4936323386353,-9.02135632284931));
#8256=CARTESIAN_POINT('Ctrl Pts',(-8.56777263302259,-97.5127816500435,-9.02217967743858));
#8257=CARTESIAN_POINT('Ctrl Pts',(-8.53051567792453,-97.5296627580838,-9.02290489362633));
#8258=CARTESIAN_POINT('Ctrl Pts',(-8.48996925215554,-97.548034323668,-9.02369414020448));
#8259=CARTESIAN_POINT('Ctrl Pts',(-8.4483766713446,-97.5636008510303,-9.02436198973592));
#8260=CARTESIAN_POINT('Ctrl Pts',(-8.40597489531117,-97.5761733305479,-9.02490557727527));
#8261=CARTESIAN_POINT('Ctrl Pts',(-8.38680496164065,-97.5818573754388,-9.0251513343649));
#8262=CARTESIAN_POINT('Ctrl Pts',(-8.36746926770964,-97.5869288554086,-9.02537169275757));
#8263=CARTESIAN_POINT('Ctrl Pts',(-8.34798827445144,-97.5913670829935,-9.02556638770932));
#8264=CARTESIAN_POINT('Ctrl Pts',(-8.30488867755146,-97.6011861829398,-9.02599712929563));
#8265=CARTESIAN_POINT('Ctrl Pts',(-8.26107810224835,-97.6079092685961,-9.02630225657399));
#8266=CARTESIAN_POINT('Ctrl Pts',(-8.21685616407178,-97.6116292106321,-9.02647890264552));
#8267=CARTESIAN_POINT('Ctrl Pts',(-8.19612167908292,-97.6133733920382,-9.02656172726763));
#8268=CARTESIAN_POINT('Ctrl Pts',(-8.17529668615285,-97.6144565943523,-9.02661630630523));
#8269=CARTESIAN_POINT('Ctrl Pts',(-8.15441222992834,-97.6148844762224,-9.02664234424381));
#8270=CARTESIAN_POINT('Ctrl Pts',(-8.11017522162966,-97.6157908064441,-9.02669749724815));
#8271=CARTESIAN_POINT('Ctrl Pts',(-8.06595560659021,-97.6137546748735,-9.02662423704251));
#8272=CARTESIAN_POINT('Ctrl Pts',(-8.02204961287382,-97.6089044824837,-9.0264246614989));
#8273=CARTESIAN_POINT('Ctrl Pts',(-7.97757759063762,-97.6039917622478,-9.02622251306171));
#8274=CARTESIAN_POINT('Ctrl Pts',(-7.93342613093036,-97.5961917587448,-9.02589077142181));
#8275=CARTESIAN_POINT('Ctrl Pts',(-7.88990300824508,-97.5855848688988,-9.02543161663791));
#8276=CARTESIAN_POINT('Ctrl Pts',(-7.8500254292928,-97.5758664235949,-9.02501092115431));
#8277=CARTESIAN_POINT('Ctrl Pts',(-7.81067462821803,-97.5637908576721,-9.02448326313141));
#8278=CARTESIAN_POINT('Ctrl Pts',(-7.77210040789498,-97.549383870293,-9.02385031941994));
#8279=CARTESIAN_POINT('Ctrl Pts',(-7.72996705573542,-97.533647591822,-9.02315897582131));
#8280=CARTESIAN_POINT('Ctrl Pts',(-7.68903473225647,-97.5152329283604,-9.02234657656718));
#8281=CARTESIAN_POINT('Ctrl Pts',(-7.64960570166249,-97.4942327141989,-9.02142009159039));
#8282=CARTESIAN_POINT('Ctrl Pts',(-7.61094045899153,-97.473639299538,-9.02051155374609));
#8283=CARTESIAN_POINT('Ctrl Pts',(-7.57371976089251,-97.4505590914037,-9.01949330732554));
#8284=CARTESIAN_POINT('Ctrl Pts',(-7.53824863178507,-97.4250345595365,-9.01837192500912));
#8285=CARTESIAN_POINT('Ctrl Pts',(-7.52570013394446,-97.4160048347694,-9.01797521749149));
#8286=CARTESIAN_POINT('Ctrl Pts',(-7.51337085641918,-97.4066688141779,-9.01756560243919));
#8287=CARTESIAN_POINT('Ctrl Pts',(-7.50127530176481,-97.3970271406335,-9.01714337085205));
#8288=CARTESIAN_POINT('Ctrl Pts',(-7.48127556496723,-97.381084842931,-9.01644522009734));
#8289=CARTESIAN_POINT('Ctrl Pts',(-7.46191458451575,-97.3643070434706,-9.01571257585755));
#8290=CARTESIAN_POINT('Ctrl Pts',(-7.4432180210386,-97.346743463255,-9.01494675362457));
#8291=CARTESIAN_POINT('Ctrl Pts',(-7.41131980154889,-97.316778227268,-9.01364018379917));
#8292=CARTESIAN_POINT('Ctrl Pts',(-7.38155675362344,-97.2847190882017,-9.01224546932204));
#8293=CARTESIAN_POINT('Ctrl Pts',(-7.35400593187149,-97.2508654859254,-9.01077265236547));
#8294=CARTESIAN_POINT('Ctrl Pts',(-7.32584632455888,-97.216263826679,-9.00926729083709));
#8295=CARTESIAN_POINT('Ctrl Pts',(-7.29999714739758,-97.1797865923976,-9.00768033706129));
#8296=CARTESIAN_POINT('Ctrl Pts',(-7.27657922015785,-97.1417149976757,-9.00602251372879));
#8297=CARTESIAN_POINT('Ctrl Pts',(-7.25499529195167,-97.1066250190128,-9.00449452453398));
#8298=CARTESIAN_POINT('Ctrl Pts',(-7.23547679623941,-97.0701795666691,-9.00290633155543));
#8299=CARTESIAN_POINT('Ctrl Pts',(-7.21815349965796,-97.0325814954596,-9.00126633035732));
#8300=CARTESIAN_POINT('Ctrl Pts',(-7.19944714055336,-96.9919816582187,-8.99949539425406));
#8301=CARTESIAN_POINT('Ctrl Pts',(-7.18339529149064,-96.9502450256849,-8.99767314692021));
#8302=CARTESIAN_POINT('Ctrl Pts',(-7.17012754474735,-96.9076453429156,-8.9958120288468));
#8303=CARTESIAN_POINT('Ctrl Pts',(-7.16150895393079,-96.8799730303665,-8.99460306582946));
#8304=CARTESIAN_POINT('Ctrl Pts',(-7.1540660536647,-96.8519359759196,-8.99337770065445));
#8305=CARTESIAN_POINT('Ctrl Pts',(-7.14784568519231,-96.8236057932222,-8.992139343325));
#8306=CARTESIAN_POINT('Ctrl Pts',(-7.13838536567317,-96.780519506366,-8.99025597322121));
#8307=CARTESIAN_POINT('Ctrl Pts',(-7.13178508481036,-96.7369131627177,-8.98834945855004));
#8308=CARTESIAN_POINT('Ctrl Pts',(-7.1281884953804,-96.6930432319782,-8.98643237728845));
#8309=CARTESIAN_POINT('Ctrl Pts',(-7.12607535517721,-96.6672678922676,-8.98530601533763));
#8310=CARTESIAN_POINT('Ctrl Pts',(-7.12500000000004,-96.6414012973848,-8.98417600576527));
#8311=CARTESIAN_POINT('Ctrl Pts',(-7.12500000000004,-96.6154947080158,-8.98304489964588));
#8312=CARTESIAN_POINT('Ctrl Pts',(-7.12500000000004,-96.6154947080158,-8.98304489964588));
#8313=CARTESIAN_POINT('Ctrl Pts',(-7.12500000000004,-96.6154947080158,-14.));
#8314=CARTESIAN_POINT('Ctrl Pts',(423.875,-96.6154947080158,-14.));
#8315=CARTESIAN_POINT('Ctrl Pts',(423.875,-96.3166371605278,-14.));
#8316=CARTESIAN_POINT('Ctrl Pts',(423.588151811467,-95.7206364959534,-14.));
#8317=CARTESIAN_POINT('Ctrl Pts',(422.620457108912,-95.5022593065882,-14.));
#8318=CARTESIAN_POINT('Ctrl Pts',(421.841770297117,-96.1191010679049,-14.));
#8319=CARTESIAN_POINT('Ctrl Pts',(421.845176266954,-97.1109086826859,-14.));
#8320=CARTESIAN_POINT('Ctrl Pts',(422.619506778567,-97.7326550337766,-14.));
#8321=CARTESIAN_POINT('Ctrl Pts',(423.588279924384,-97.5081201106649,-14.));
#8322=CARTESIAN_POINT('Ctrl Pts',(423.875,-96.9143522555038,-14.));
#8323=CARTESIAN_POINT('Ctrl Pts',(423.875,-96.6154947080158,-14.));
#8324=CARTESIAN_POINT('Ctrl Pts',(423.875,-96.6154947080158,-8.93941661978469));
#8325=CARTESIAN_POINT('Ctrl Pts',(423.875,-96.3166371605278,-8.93941661978469));
#8326=CARTESIAN_POINT('Ctrl Pts',(423.588151811467,-95.7206364959534,-8.93941661978469));
#8327=CARTESIAN_POINT('Ctrl Pts',(422.620457108912,-95.5022593065882,-8.93941661978469));
#8328=CARTESIAN_POINT('Ctrl Pts',(421.841770297117,-96.1191010679049,-8.93941661978469));
#8329=CARTESIAN_POINT('Ctrl Pts',(421.845176266954,-97.1109086826859,-8.93941661978469));
#8330=CARTESIAN_POINT('Ctrl Pts',(422.619506778567,-97.7326550337766,-8.93941661978469));
#8331=CARTESIAN_POINT('Ctrl Pts',(423.588279924384,-97.5081201106649,-8.93941661978469));
#8332=CARTESIAN_POINT('Ctrl Pts',(423.875,-96.9143522555038,-8.93941661978469));
#8333=CARTESIAN_POINT('Ctrl Pts',(423.875,-96.6154947080158,-8.93941661978469));
#8334=CARTESIAN_POINT('',(423.875,-96.6154947080158,-8.98304489964588));
#8335=CARTESIAN_POINT('Ctrl Pts',(423.875,-96.6154947080158,-8.98304489964588));
#8336=CARTESIAN_POINT('Ctrl Pts',(423.875,-96.6118748915578,-8.98288685504617));
#8337=CARTESIAN_POINT('Ctrl Pts',(423.874978959179,-96.6082547105302,-8.9827287890383));
#8338=CARTESIAN_POINT('Ctrl Pts',(423.874936954942,-96.6046343091823,-8.98257070858131));
#8339=CARTESIAN_POINT('Ctrl Pts',(423.874431777247,-96.5610923683747,-8.98066950226758));
#8340=CARTESIAN_POINT('Ctrl Pts',(423.870901392062,-96.517735271353,-8.97877573685805));
#8341=CARTESIAN_POINT('Ctrl Pts',(423.864540998843,-96.4748121309901,-8.97690126518136));
#8342=CARTESIAN_POINT('Ctrl Pts',(423.857994030184,-96.4306298854889,-8.97497180785125));
#8343=CARTESIAN_POINT('Ctrl Pts',(423.848448317861,-96.386906349821,-8.97306279277854));
#8344=CARTESIAN_POINT('Ctrl Pts',(423.836061196705,-96.3439158604623,-8.97118714675919));
#8345=CARTESIAN_POINT('Ctrl Pts',(423.82453998345,-96.3039305733585,-8.96944261568481));
#8346=CARTESIAN_POINT('Ctrl Pts',(423.810559851829,-96.2645787409574,-8.96772695147046));
#8347=CARTESIAN_POINT('Ctrl Pts',(423.794209710184,-96.2260957970709,-8.96605055509907));
#8348=CARTESIAN_POINT('Ctrl Pts',(423.776646730662,-96.1847582251982,-8.96424980524755));
#8349=CARTESIAN_POINT('Ctrl Pts',(423.756464155407,-96.1446924025063,-8.96250622450368));
#8350=CARTESIAN_POINT('Ctrl Pts',(423.733830067847,-96.1061652119307,-8.96083071604705));
#8351=CARTESIAN_POINT('Ctrl Pts',(423.711463237511,-96.068092940069,-8.95917499154405));
#8352=CARTESIAN_POINT('Ctrl Pts',(423.686701828469,-96.0315221639804,-8.95758574126055));
#8353=CARTESIAN_POINT('Ctrl Pts',(423.659663197149,-95.9967317859061,-8.95607348669318));
#8354=CARTESIAN_POINT('Ctrl Pts',(423.63459504201,-95.9644768028574,-8.95467143968663));
#8355=CARTESIAN_POINT('Ctrl Pts',(423.607568730624,-95.9337517293288,-8.95333557498711));
#8356=CARTESIAN_POINT('Ctrl Pts',(423.578649258109,-95.9048069786053,-8.95207427735256));
#8357=CARTESIAN_POINT('Ctrl Pts',(423.553263042977,-95.8793985736476,-8.9509670796649));
#8358=CARTESIAN_POINT('Ctrl Pts',(423.526550314033,-95.8554956394899,-8.94992320309207));
#8359=CARTESIAN_POINT('Ctrl Pts',(423.498581408174,-95.8332404638695,-8.94894643628172));
#8360=CARTESIAN_POINT('Ctrl Pts',(423.464487340673,-95.8061114276583,-8.94775575854366));
#8361=CARTESIAN_POINT('Ctrl Pts',(423.428527241314,-95.7814291524761,-8.94666480312722));
#8362=CARTESIAN_POINT('Ctrl Pts',(423.391006225935,-95.7592182771426,-8.94568043272006));
#8363=CARTESIAN_POINT('Ctrl Pts',(423.352707147418,-95.7365468208998,-8.94467564969025));
#8364=CARTESIAN_POINT('Ctrl Pts',(423.312780664225,-95.716449896826,-8.94378191795152));
#8365=CARTESIAN_POINT('Ctrl Pts',(423.271526360978,-95.699000720552,-8.94300653603494));
#8366=CARTESIAN_POINT('Ctrl Pts',(423.26660472099,-95.6969190331413,-8.94291403294202));
#8367=CARTESIAN_POINT('Ctrl Pts',(423.261664165747,-95.6948750882672,-8.94282321426286));
#8368=CARTESIAN_POINT('Ctrl Pts',(423.256705192501,-95.6928690583845,-8.94273409238991));
#8369=CARTESIAN_POINT('Ctrl Pts',(423.215393251044,-95.6761573350169,-8.9419916407946));
#8370=CARTESIAN_POINT('Ctrl Pts',(423.173071718736,-95.6621809204974,-8.94137180817301));
#8371=CARTESIAN_POINT('Ctrl Pts',(423.130056734401,-95.6509614222812,-8.94087712841198));
#8372=CARTESIAN_POINT('Ctrl Pts',(423.086926876905,-95.6397119619658,-8.94038112758972));
#8373=CARTESIAN_POINT('Ctrl Pts',(423.043098677348,-95.6312338976565,-8.9400109489716));
#8374=CARTESIAN_POINT('Ctrl Pts',(422.998872601135,-95.6255972866817,-8.93976914679922));
#8375=CARTESIAN_POINT('Ctrl Pts',(422.958369229535,-95.6204351342046,-8.93954769818609));
#8376=CARTESIAN_POINT('Ctrl Pts',(422.917531258865,-95.6176565933264,-8.93943392358126));
#8377=CARTESIAN_POINT('Ctrl Pts',(422.876588846396,-95.617353862695,-8.93942978499049));
#8378=CARTESIAN_POINT('Ctrl Pts',(422.831937646192,-95.6170237090666,-8.93942527150353));
#8379=CARTESIAN_POINT('Ctrl Pts',(422.787451695514,-95.6196399549806,-8.93955118610715));
#8380=CARTESIAN_POINT('Ctrl Pts',(422.743428870991,-95.6252582394605,-8.93980504283996));
#8381=CARTESIAN_POINT('Ctrl Pts',(422.712679160988,-95.6291825814433,-8.93998236042466));
#8382=CARTESIAN_POINT('Ctrl Pts',(422.682155076219,-95.6345726210999,-8.94022210031638));
#8383=CARTESIAN_POINT('Ctrl Pts',(422.651958424038,-95.6414624650352,-8.9405234153194));
#8384=CARTESIAN_POINT('Ctrl Pts',(422.60870383996,-95.6513316827223,-8.94095502790528));
#8385=CARTESIAN_POINT('Ctrl Pts',(422.566119811688,-95.6642764186235,-8.94151298369716));
#8386=CARTESIAN_POINT('Ctrl Pts',(422.524446012083,-95.6801018801894,-8.94219479266966));
#8387=CARTESIAN_POINT('Ctrl Pts',(422.515373573424,-95.683547103103,-8.94234322334165));
#8388=CARTESIAN_POINT('Ctrl Pts',(422.506344360283,-95.6871290311742,-8.94249752389126));
#8389=CARTESIAN_POINT('Ctrl Pts',(422.497361007241,-95.6908459364683,-8.94265766862716));
#8390=CARTESIAN_POINT('Ctrl Pts',(422.45645751526,-95.7077699519425,-8.9433868483544));
#8391=CARTESIAN_POINT('Ctrl Pts',(422.416765760519,-95.7273797215168,-8.94423245082861));
#8392=CARTESIAN_POINT('Ctrl Pts',(422.37850171058,-95.7494381294427,-8.94518750430223));
#8393=CARTESIAN_POINT('Ctrl Pts',(422.339738531538,-95.7717842746406,-8.94615501581372));
#8394=CARTESIAN_POINT('Ctrl Pts',(422.302439540616,-95.7966440194938,-8.94723485237932));
#8395=CARTESIAN_POINT('Ctrl Pts',(422.266850796647,-95.8238193514048,-8.94841976585173));
#8396=CARTESIAN_POINT('Ctrl Pts',(422.234255143335,-95.8487091788839,-8.94950502552776));
#8397=CARTESIAN_POINT('Ctrl Pts',(422.203093831226,-95.875542458432,-8.95067843094585));
#8398=CARTESIAN_POINT('Ctrl Pts',(422.173582448962,-95.9041947812202,-8.95193441322292));
#8399=CARTESIAN_POINT('Ctrl Pts',(422.141337788726,-95.9355008178198,-8.95330672175879));
#8400=CARTESIAN_POINT('Ctrl Pts',(422.111272823043,-95.9687738103435,-8.95476856415979));
#8401=CARTESIAN_POINT('Ctrl Pts',(422.083623499222,-96.0038064300574,-8.95630902411571));
#8402=CARTESIAN_POINT('Ctrl Pts',(422.056606597605,-96.038037749647,-8.95781424917443));
#8403=CARTESIAN_POINT('Ctrl Pts',(422.031895335757,-96.0739499681143,-8.95939453648441));
#8404=CARTESIAN_POINT('Ctrl Pts',(422.009745799809,-96.1113824064302,-8.96103970179808));
#8405=CARTESIAN_POINT('Ctrl Pts',(421.99622610318,-96.1342305243904,-8.96204388247243));
#8406=CARTESIAN_POINT('Ctrl Pts',(421.983661568992,-96.1576456103558,-8.9630722345636));
#8407=CARTESIAN_POINT('Ctrl Pts',(421.972119094055,-96.1815953768156,-8.96412244208578));
#8408=CARTESIAN_POINT('Ctrl Pts',(421.965789851565,-96.1947280784542,-8.96469831668024));
#8409=CARTESIAN_POINT('Ctrl Pts',(421.959768059765,-96.20802160232,-8.96528076278155));
#8410=CARTESIAN_POINT('Ctrl Pts',(421.954053838572,-96.2214653110699,-8.96586939853842));
#8411=CARTESIAN_POINT('Ctrl Pts',(421.937059375402,-96.2614477698403,-8.96762003932644));
#8412=CARTESIAN_POINT('Ctrl Pts',(421.922889290276,-96.3025036946105,-8.96941419677093));
#8413=CARTESIAN_POINT('Ctrl Pts',(421.911473092808,-96.344323908193,-8.97123996869903));
#8414=CARTESIAN_POINT('Ctrl Pts',(421.899734886365,-96.3873237163088,-8.97311723894339));
#8415=CARTESIAN_POINT('Ctrl Pts',(421.890907912122,-96.4311326431299,-8.97502793228055));
#8416=CARTESIAN_POINT('Ctrl Pts',(421.884967128856,-96.4754348765351,-8.97695911071289));
#8417=CARTESIAN_POINT('Ctrl Pts',(421.879457423973,-96.516522426911,-8.97875015791356));
#8418=CARTESIAN_POINT('Ctrl Pts',(421.876430769048,-96.5580352707808,-8.98055882516859));
#8419=CARTESIAN_POINT('Ctrl Pts',(421.875907194883,-96.5997233699815,-8.98237479149759));
#8420=CARTESIAN_POINT('Ctrl Pts',(421.875343029976,-96.644643391129,-8.98433154288386));
#8421=CARTESIAN_POINT('Ctrl Pts',(421.877688140525,-96.6894737856837,-8.98628386793445));
#8422=CARTESIAN_POINT('Ctrl Pts',(421.882904438189,-96.7339006904239,-8.98821877563591));
#8423=CARTESIAN_POINT('Ctrl Pts',(421.888051331618,-96.7777364833264,-8.99012793887343));
#8424=CARTESIAN_POINT('Ctrl Pts',(421.895993662417,-96.8211806306358,-8.99202014516338));
#8425=CARTESIAN_POINT('Ctrl Pts',(421.906744302596,-96.8639304019944,-8.99388291517022));
#8426=CARTESIAN_POINT('Ctrl Pts',(421.916714515738,-96.9035768160729,-8.99561046010619));
#8427=CARTESIAN_POINT('Ctrl Pts',(421.929100596797,-96.9426267227472,-8.99731268740313));
#8428=CARTESIAN_POINT('Ctrl Pts',(421.94395039007,-96.9808245822926,-8.99897964296533));
#8429=CARTESIAN_POINT('Ctrl Pts',(421.952977071366,-97.0040437543001,-8.99999292822237));
#8430=CARTESIAN_POINT('Ctrl Pts',(421.962882198197,-97.0268636637362,-9.00098946530165));
#8431=CARTESIAN_POINT('Ctrl Pts',(421.973663690583,-97.0492318054042,-9.00196734014735));
#8432=CARTESIAN_POINT('Ctrl Pts',(421.992640094894,-97.0886017631787,-9.00368848855367));
#8433=CARTESIAN_POINT('Ctrl Pts',(422.014328586283,-97.1265736755765,-9.00535182286796));
#8434=CARTESIAN_POINT('Ctrl Pts',(422.038461067944,-97.1629887706198,-9.00694690647357));
#8435=CARTESIAN_POINT('Ctrl Pts',(422.063118632409,-97.2001961977765,-9.00857669645472));
#8436=CARTESIAN_POINT('Ctrl Pts',(422.090328466486,-97.2357791977829,-9.01013523337096));
#8437=CARTESIAN_POINT('Ctrl Pts',(422.119849244119,-97.2695387158493,-9.01161138442482));
#8438=CARTESIAN_POINT('Ctrl Pts',(422.130658307965,-97.2818997989728,-9.0121518786891));
#8439=CARTESIAN_POINT('Ctrl Pts',(422.141777558452,-97.2940160648809,-9.01268132776138));
#8440=CARTESIAN_POINT('Ctrl Pts',(422.153196279609,-97.305876410457,-9.01319918514795));
#8441=CARTESIAN_POINT('Ctrl Pts',(422.184268401752,-97.3381502615582,-9.01460835590765));
#8442=CARTESIAN_POINT('Ctrl Pts',(422.217353647861,-97.3683223674891,-9.01592244024771));
#8443=CARTESIAN_POINT('Ctrl Pts',(422.252181933463,-97.3962240344215,-9.01713392548572));
#8444=CARTESIAN_POINT('Ctrl Pts',(422.286867619607,-97.4240114619507,-9.01834045046989));
#8445=CARTESIAN_POINT('Ctrl Pts',(422.323283067917,-97.4495477354568,-9.0194452147869));
#8446=CARTESIAN_POINT('Ctrl Pts',(422.36119682088,-97.472629895284,-9.02044079765587));
#8447=CARTESIAN_POINT('Ctrl Pts',(422.396066241437,-97.4938586441003,-9.02135643894809));
#8448=CARTESIAN_POINT('Ctrl Pts',(422.432203931709,-97.5130116375321,-9.02217972856909));
#8449=CARTESIAN_POINT('Ctrl Pts',(422.469446031087,-97.5298955432118,-9.02290489362634));
#8450=CARTESIAN_POINT('Ctrl Pts',(422.509976322873,-97.5482701685716,-9.02369408520937));
#8451=CARTESIAN_POINT('Ctrl Pts',(422.551552158589,-97.5638386910958,-9.02436189666313));
#8452=CARTESIAN_POINT('Ctrl Pts',(422.593937076919,-97.576411680819,-9.02490546364107));
#8453=CARTESIAN_POINT('Ctrl Pts',(422.613103678128,-97.5820972286394,-9.02515126643855));
#8454=CARTESIAN_POINT('Ctrl Pts',(422.632436090417,-97.5871696336737,-9.02537166275009));
#8455=CARTESIAN_POINT('Ctrl Pts',(422.651913884267,-97.5916081547429,-9.02556638770932));
#8456=CARTESIAN_POINT('Ctrl Pts',(422.694994995918,-97.6014253046322,-9.02599708164592));
#8457=CARTESIAN_POINT('Ctrl Pts',(422.738787111112,-97.6081449911142,-9.02630218906457));
#8458=CARTESIAN_POINT('Ctrl Pts',(422.78299108996,-97.6118604999861,-9.02647884401771));
#8459=CARTESIAN_POINT('Ctrl Pts',(422.803724337819,-97.6136032066014,-9.02656170151209));
#8460=CARTESIAN_POINT('Ctrl Pts',(422.8245482667,-97.6146842484471,-9.02661630016203));
#8461=CARTESIAN_POINT('Ctrl Pts',(422.845431850241,-97.6151093325894,-9.02664234424381));
#8462=CARTESIAN_POINT('Ctrl Pts',(422.889650415963,-97.6160093989525,-9.02669748956594));
#8463=CARTESIAN_POINT('Ctrl Pts',(422.93385240414,-97.6139663929667,-9.02662425744872));
#8464=CARTESIAN_POINT('Ctrl Pts',(422.977742070043,-97.6091091192142,-9.02642474488765));
#8465=CARTESIAN_POINT('Ctrl Pts',(423.02220543667,-97.6041883539446,-9.02622262441197));
#8466=CARTESIAN_POINT('Ctrl Pts',(423.066349458551,-97.5963790693028,-9.02589090058374));
#8467=CARTESIAN_POINT('Ctrl Pts',(423.109866717781,-97.5857621251965,-9.02543175371023));
#8468=CARTESIAN_POINT('Ctrl Pts',(423.149741739589,-97.5760337809656,-9.02501103577168));
#8469=CARTESIAN_POINT('Ctrl Pts',(423.189091230853,-97.5639473333101,-9.02448333187588));
#8470=CARTESIAN_POINT('Ctrl Pts',(423.227665634121,-97.549528833497,-9.02385031941994));
#8471=CARTESIAN_POINT('Ctrl Pts',(423.269794683204,-97.5337816634857,-9.02315897462734));
#8472=CARTESIAN_POINT('Ctrl Pts',(423.310724710147,-97.5153560224418,-9.02234657376112));
#8473=CARTESIAN_POINT('Ctrl Pts',(423.350153830102,-97.4943451927775,-9.02142008679022));
#8474=CARTESIAN_POINT('Ctrl Pts',(423.388826313358,-97.4737375566116,-9.02051137891366));
#8475=CARTESIAN_POINT('Ctrl Pts',(423.426056012629,-97.4506425550827,-9.01949292149817));
#8476=CARTESIAN_POINT('Ctrl Pts',(423.461538124787,-97.4251031007851,-9.01837129090665));
#8477=CARTESIAN_POINT('Ctrl Pts',(423.474081478071,-97.4160745966055,-9.01797478100611));
#8478=CARTESIAN_POINT('Ctrl Pts',(423.486406174126,-97.4067402207453,-9.01756537747627));
#8479=CARTESIAN_POINT('Ctrl Pts',(423.498497752318,-97.3971006340599,-9.01714337085205));
#8480=CARTESIAN_POINT('Ctrl Pts',(423.518501572059,-97.3811532902667,-9.01644522009734));
#8481=CARTESIAN_POINT('Ctrl Pts',(423.537867610038,-97.3643707637096,-9.01571257585755));
#8482=CARTESIAN_POINT('Ctrl Pts',(423.556570019846,-97.3468027560786,-9.01494675362457));
#8483=CARTESIAN_POINT('Ctrl Pts',(423.588484518852,-97.3168240438261,-9.01363992561985));
#8484=CARTESIAN_POINT('Ctrl Pts',(423.618265232392,-97.2847515218619,-9.01224491812503));
#8485=CARTESIAN_POINT('Ctrl Pts',(423.645834081728,-97.2508846858827,-9.01077177926662));
#8486=CARTESIAN_POINT('Ctrl Pts',(423.674006300292,-97.2162766435376,-9.00926639943061));
#8487=CARTESIAN_POINT('Ctrl Pts',(423.699869422149,-97.1797939542223,-9.00767943085538));
#8488=CARTESIAN_POINT('Ctrl Pts',(423.723301618241,-97.1417177098336,-9.00602159594874));
#8489=CARTESIAN_POINT('Ctrl Pts',(423.744894563705,-97.1066301633953,-9.00449388857612));
#8490=CARTESIAN_POINT('Ctrl Pts',(423.764423143654,-97.0701883461636,-9.00290600320483));
#8491=CARTESIAN_POINT('Ctrl Pts',(423.78175687324,-97.0325949132359,-9.00126633035732));
#8492=CARTESIAN_POINT('Ctrl Pts',(423.800476195233,-96.9919964042832,-8.99949558829962));
#8493=CARTESIAN_POINT('Ctrl Pts',(423.816540892974,-96.9502619965041,-8.99767354625531));
#8494=CARTESIAN_POINT('Ctrl Pts',(423.829820422058,-96.9076652400797,-8.99581264062644));
#8495=CARTESIAN_POINT('Ctrl Pts',(423.83844906709,-96.8799871282739,-8.99460347921652));
#8496=CARTESIAN_POINT('Ctrl Pts',(423.845900917872,-96.8519443683203,-8.99337790953968));
#8497=CARTESIAN_POINT('Ctrl Pts',(423.852128829728,-96.8236085833726,-8.992139343325));
#8498=CARTESIAN_POINT('Ctrl Pts',(423.861596661134,-96.7805317960272,-8.99025644318507));
#8499=CARTESIAN_POINT('Ctrl Pts',(423.868203544748,-96.7369356822282,-8.988350410027));
#8500=CARTESIAN_POINT('Ctrl Pts',(423.871804973173,-96.6930764229216,-8.98643381241424));
#8501=CARTESIAN_POINT('Ctrl Pts',(423.873922383521,-96.6672899741705,-8.98530697518763));
#8502=CARTESIAN_POINT('Ctrl Pts',(423.875,-96.6414123001433,-8.98417648615608));
#8503=CARTESIAN_POINT('Ctrl Pts',(423.875,-96.6154947080158,-8.98304489964588));
#8504=CARTESIAN_POINT('Ctrl Pts',(423.875,-96.6154947080158,-8.98304489964588));
#8505=CARTESIAN_POINT('Ctrl Pts',(423.875,-96.6154947080158,-14.));
#8506=CARTESIAN_POINT('Origin',(-32.125,-1.07758277438777,-4.81176958111332));
#8507=CARTESIAN_POINT('',(-4.02500000000004,-32.3017654436837,-6.17504683800239));
#8508=CARTESIAN_POINT('Origin',(-8.12500000000004,-32.3017654436837,-6.17504683800239));
#8509=CARTESIAN_POINT('Origin',(-32.125,-1.07758277438777,-4.81176958111332));
#8510=CARTESIAN_POINT('',(-4.02500000000004,-160.929223972348,-11.7910429612894));
#8511=CARTESIAN_POINT('Origin',(-8.12500000000004,-160.929223972348,-11.7910429612894));
#8512=CARTESIAN_POINT('Origin',(-32.125,-1.07758277438777,-4.81176958111332));
#8513=CARTESIAN_POINT('',(427.975,-160.929223972348,-11.7910429612894));
#8514=CARTESIAN_POINT('Origin',(423.875,-160.929223972348,-11.7910429612894));
#8515=CARTESIAN_POINT('Origin',(68.2000000000001,-21.7193163900596,-14.9616234252048));
#8516=CARTESIAN_POINT('',(52.0000000000001,-15.9735290551441,-14.7107569324106));
#8517=CARTESIAN_POINT('',(52.0000000000001,-13.2760988568731,-14.5929845865242));
#8518=CARTESIAN_POINT('',(52.0000000000001,-15.9735290551441,-14.7107569324106));
#8519=CARTESIAN_POINT('',(56.8500000000001,-15.9735290551441,-14.7107569324106));
#8520=CARTESIAN_POINT('',(52.0000000000001,-15.9735290551441,-14.7107569324106));
#8521=CARTESIAN_POINT('',(56.8500000000001,-34.7556356208831,-15.5308014148789));
#8522=CARTESIAN_POINT('',(56.8500000000001,-15.9735290551441,-14.7107569324106));
#8523=CARTESIAN_POINT('',(79.5500000000001,-34.7556356208831,-15.5308014148789));
#8524=CARTESIAN_POINT('',(56.8500000000001,-34.7556356208831,-15.5308014148789));
#8525=CARTESIAN_POINT('',(79.5500000000001,-15.9735290551441,-14.7107569324106));
#8526=CARTESIAN_POINT('',(79.5500000000001,-15.9735290551441,-14.7107569324106));
#8527=CARTESIAN_POINT('',(84.4000000000001,-15.9735290551441,-14.7107569324106));
#8528=CARTESIAN_POINT('',(52.0000000000001,-15.9735290551441,-14.7107569324106));
#8529=CARTESIAN_POINT('',(84.4000000000001,-13.2760988568731,-14.5929845865242));
#8530=CARTESIAN_POINT('',(84.4000000000001,-15.9735290551441,-14.7107569324106));
#8531=CARTESIAN_POINT('',(79.4000000000001,-13.2760988568731,-14.5929845865242));
#8532=CARTESIAN_POINT('',(52.0000000000001,-13.2760988568731,-14.5929845865242));
#8533=CARTESIAN_POINT('',(79.4000000000001,-11.6776217023421,-14.5231935667397));
#8534=CARTESIAN_POINT('',(79.4000000000001,-13.2760988568731,-14.5929845865242));
#8535=CARTESIAN_POINT('',(63.0000000000001,-11.6776217023421,-14.5231935667397));
#8536=CARTESIAN_POINT('',(57.0000000000001,-11.6776217023421,-14.5231935667397));
#8537=CARTESIAN_POINT('',(57.0000000000001,-11.6776217023421,-14.5231935667397));
#8538=CARTESIAN_POINT('',(57.0000000000001,-11.6776217023421,-14.5231935667397));
#8539=CARTESIAN_POINT('',(57.0000000000001,-13.2760988568731,-14.5929845865242));
#8540=CARTESIAN_POINT('',(57.0000000000001,-13.2760988568731,-14.5929845865242));
#8541=CARTESIAN_POINT('',(52.0000000000001,-13.2760988568731,-14.5929845865242));
#8542=CARTESIAN_POINT('Origin',(101.866666666667,-21.7193163900596,-14.9616234252048));
#8543=CARTESIAN_POINT('',(85.6666666666668,-15.9735290551441,-14.7107569324106));
#8544=CARTESIAN_POINT('',(85.6666666666668,-13.2760988568731,-14.5929845865242));
#8545=CARTESIAN_POINT('',(85.6666666666668,-15.9735290551441,-14.7107569324106));
#8546=CARTESIAN_POINT('',(90.5166666666668,-15.9735290551441,-14.7107569324106));
#8547=CARTESIAN_POINT('',(85.6666666666668,-15.9735290551441,-14.7107569324106));
#8548=CARTESIAN_POINT('',(90.5166666666667,-34.7556356208831,-15.5308014148789));
#8549=CARTESIAN_POINT('',(90.5166666666668,-15.9735290551441,-14.7107569324106));
#8550=CARTESIAN_POINT('',(113.216666666667,-34.7556356208831,-15.5308014148789));
#8551=CARTESIAN_POINT('',(90.5166666666667,-34.7556356208831,-15.5308014148789));
#8552=CARTESIAN_POINT('',(113.216666666667,-15.9735290551441,-14.7107569324106));
#8553=CARTESIAN_POINT('',(113.216666666667,-15.9735290551441,-14.7107569324106));
#8554=CARTESIAN_POINT('',(118.066666666667,-15.9735290551441,-14.7107569324106));
#8555=CARTESIAN_POINT('',(85.6666666666668,-15.9735290551441,-14.7107569324106));
#8556=CARTESIAN_POINT('',(118.066666666667,-13.2760988568731,-14.5929845865242));
#8557=CARTESIAN_POINT('',(118.066666666667,-15.9735290551441,-14.7107569324106));
#8558=CARTESIAN_POINT('',(113.066666666667,-13.2760988568731,-14.5929845865242));
#8559=CARTESIAN_POINT('',(85.6666666666668,-13.2760988568731,-14.5929845865242));
#8560=CARTESIAN_POINT('',(113.066666666667,-11.6776217023421,-14.5231935667397));
#8561=CARTESIAN_POINT('',(113.066666666667,-13.2760988568731,-14.5929845865242));
#8562=CARTESIAN_POINT('',(96.6666666666667,-11.6776217023421,-14.5231935667397));
#8563=CARTESIAN_POINT('',(90.6666666666668,-11.6776217023421,-14.5231935667397));
#8564=CARTESIAN_POINT('',(90.6666666666668,-11.6776217023421,-14.5231935667397));
#8565=CARTESIAN_POINT('',(90.6666666666668,-11.6776217023421,-14.5231935667397));
#8566=CARTESIAN_POINT('',(90.6666666666668,-13.2760988568731,-14.5929845865242));
#8567=CARTESIAN_POINT('',(90.6666666666668,-13.2760988568731,-14.5929845865242));
#8568=CARTESIAN_POINT('',(85.6666666666668,-13.2760988568731,-14.5929845865242));
#8569=CARTESIAN_POINT('Origin',(135.533333333333,-21.7193163900596,-14.9616234252048));
#8570=CARTESIAN_POINT('',(119.333333333333,-15.9735290551441,-14.7107569324106));
#8571=CARTESIAN_POINT('',(119.333333333333,-13.2760988568731,-14.5929845865242));
#8572=CARTESIAN_POINT('',(119.333333333333,-15.9735290551441,-14.7107569324106));
#8573=CARTESIAN_POINT('',(124.183333333333,-15.9735290551441,-14.7107569324106));
#8574=CARTESIAN_POINT('',(119.333333333333,-15.9735290551441,-14.7107569324106));
#8575=CARTESIAN_POINT('',(124.183333333333,-34.7556356208831,-15.5308014148789));
#8576=CARTESIAN_POINT('',(124.183333333333,-15.9735290551441,-14.7107569324106));
#8577=CARTESIAN_POINT('',(146.883333333333,-34.7556356208831,-15.5308014148789));
#8578=CARTESIAN_POINT('',(124.183333333333,-34.7556356208831,-15.5308014148789));
#8579=CARTESIAN_POINT('',(146.883333333333,-15.9735290551441,-14.7107569324106));
#8580=CARTESIAN_POINT('',(146.883333333333,-15.9735290551441,-14.7107569324106));
#8581=CARTESIAN_POINT('',(151.733333333333,-15.9735290551441,-14.7107569324106));
#8582=CARTESIAN_POINT('',(119.333333333333,-15.9735290551441,-14.7107569324106));
#8583=CARTESIAN_POINT('',(151.733333333333,-13.2760988568731,-14.5929845865242));
#8584=CARTESIAN_POINT('',(151.733333333333,-15.9735290551441,-14.7107569324106));
#8585=CARTESIAN_POINT('',(146.733333333333,-13.2760988568731,-14.5929845865242));
#8586=CARTESIAN_POINT('',(119.333333333333,-13.2760988568731,-14.5929845865242));
#8587=CARTESIAN_POINT('',(146.733333333333,-11.6776217023421,-14.5231935667397));
#8588=CARTESIAN_POINT('',(146.733333333333,-13.2760988568731,-14.5929845865242));
#8589=CARTESIAN_POINT('',(130.333333333333,-11.6776217023421,-14.5231935667397));
#8590=CARTESIAN_POINT('',(124.333333333333,-11.6776217023421,-14.5231935667397));
#8591=CARTESIAN_POINT('',(124.333333333333,-11.6776217023421,-14.5231935667397));
#8592=CARTESIAN_POINT('',(124.333333333333,-11.6776217023421,-14.5231935667397));
#8593=CARTESIAN_POINT('',(124.333333333333,-13.2760988568731,-14.5929845865242));
#8594=CARTESIAN_POINT('',(124.333333333333,-13.2760988568731,-14.5929845865242));
#8595=CARTESIAN_POINT('',(119.333333333333,-13.2760988568731,-14.5929845865242));
#8596=CARTESIAN_POINT('Origin',(169.2,-21.7193163900596,-14.9616234252048));
#8597=CARTESIAN_POINT('',(153.,-15.9735290551441,-14.7107569324106));
#8598=CARTESIAN_POINT('',(153.,-13.2760988568731,-14.5929845865242));
#8599=CARTESIAN_POINT('',(153.,-15.9735290551441,-14.7107569324106));
#8600=CARTESIAN_POINT('',(157.85,-15.9735290551441,-14.7107569324106));
#8601=CARTESIAN_POINT('',(153.,-15.9735290551441,-14.7107569324106));
#8602=CARTESIAN_POINT('',(157.85,-34.7556356208831,-15.5308014148789));
#8603=CARTESIAN_POINT('',(157.85,-15.9735290551441,-14.7107569324106));
#8604=CARTESIAN_POINT('',(180.55,-34.7556356208831,-15.5308014148789));
#8605=CARTESIAN_POINT('',(157.85,-34.7556356208831,-15.5308014148789));
#8606=CARTESIAN_POINT('',(180.55,-15.9735290551441,-14.7107569324106));
#8607=CARTESIAN_POINT('',(180.55,-15.9735290551441,-14.7107569324106));
#8608=CARTESIAN_POINT('',(185.4,-15.9735290551441,-14.7107569324106));
#8609=CARTESIAN_POINT('',(153.,-15.9735290551441,-14.7107569324106));
#8610=CARTESIAN_POINT('',(185.4,-13.2760988568731,-14.5929845865242));
#8611=CARTESIAN_POINT('',(185.4,-15.9735290551441,-14.7107569324106));
#8612=CARTESIAN_POINT('',(180.4,-13.2760988568731,-14.5929845865242));
#8613=CARTESIAN_POINT('',(153.,-13.2760988568731,-14.5929845865242));
#8614=CARTESIAN_POINT('',(180.4,-11.6776217023421,-14.5231935667397));
#8615=CARTESIAN_POINT('',(180.4,-13.2760988568731,-14.5929845865242));
#8616=CARTESIAN_POINT('',(164.,-11.6776217023421,-14.5231935667397));
#8617=CARTESIAN_POINT('',(158.,-11.6776217023421,-14.5231935667397));
#8618=CARTESIAN_POINT('',(158.,-11.6776217023421,-14.5231935667397));
#8619=CARTESIAN_POINT('',(158.,-11.6776217023421,-14.5231935667397));
#8620=CARTESIAN_POINT('',(158.,-13.2760988568731,-14.5929845865242));
#8621=CARTESIAN_POINT('',(158.,-13.2760988568731,-14.5929845865242));
#8622=CARTESIAN_POINT('',(153.,-13.2760988568731,-14.5929845865242));
#8623=CARTESIAN_POINT('Origin',(202.866666666667,-21.7193163900596,-14.9616234252048));
#8624=CARTESIAN_POINT('',(186.666666666667,-15.9735290551441,-14.7107569324106));
#8625=CARTESIAN_POINT('',(186.666666666667,-13.2760988568731,-14.5929845865242));
#8626=CARTESIAN_POINT('',(186.666666666667,-15.9735290551441,-14.7107569324106));
#8627=CARTESIAN_POINT('',(191.516666666667,-15.9735290551441,-14.7107569324106));
#8628=CARTESIAN_POINT('',(186.666666666667,-15.9735290551441,-14.7107569324106));
#8629=CARTESIAN_POINT('',(191.516666666667,-34.7556356208831,-15.5308014148789));
#8630=CARTESIAN_POINT('',(191.516666666667,-15.9735290551441,-14.7107569324106));
#8631=CARTESIAN_POINT('',(214.216666666667,-34.7556356208831,-15.5308014148789));
#8632=CARTESIAN_POINT('',(191.516666666667,-34.7556356208831,-15.5308014148789));
#8633=CARTESIAN_POINT('',(214.216666666667,-15.9735290551441,-14.7107569324106));
#8634=CARTESIAN_POINT('',(214.216666666667,-15.9735290551441,-14.7107569324106));
#8635=CARTESIAN_POINT('',(219.066666666667,-15.9735290551441,-14.7107569324106));
#8636=CARTESIAN_POINT('',(186.666666666667,-15.9735290551441,-14.7107569324106));
#8637=CARTESIAN_POINT('',(219.066666666667,-13.2760988568731,-14.5929845865242));
#8638=CARTESIAN_POINT('',(219.066666666667,-15.9735290551441,-14.7107569324106));
#8639=CARTESIAN_POINT('',(214.066666666667,-13.2760988568731,-14.5929845865242));
#8640=CARTESIAN_POINT('',(186.666666666667,-13.2760988568731,-14.5929845865242));
#8641=CARTESIAN_POINT('',(214.066666666667,-11.6776217023421,-14.5231935667397));
#8642=CARTESIAN_POINT('',(214.066666666667,-13.2760988568731,-14.5929845865242));
#8643=CARTESIAN_POINT('',(197.666666666667,-11.6776217023421,-14.5231935667397));
#8644=CARTESIAN_POINT('',(191.666666666667,-11.6776217023421,-14.5231935667397));
#8645=CARTESIAN_POINT('',(191.666666666667,-11.6776217023421,-14.5231935667397));
#8646=CARTESIAN_POINT('',(191.666666666667,-11.6776217023421,-14.5231935667397));
#8647=CARTESIAN_POINT('',(191.666666666667,-13.2760988568731,-14.5929845865242));
#8648=CARTESIAN_POINT('',(191.666666666667,-13.2760988568731,-14.5929845865242));
#8649=CARTESIAN_POINT('',(186.666666666667,-13.2760988568731,-14.5929845865242));
#8650=CARTESIAN_POINT('Origin',(236.533333333333,-21.7193163900596,-14.9616234252048));
#8651=CARTESIAN_POINT('',(220.333333333333,-15.9735290551441,-14.7107569324106));
#8652=CARTESIAN_POINT('',(220.333333333333,-13.2760988568731,-14.5929845865242));
#8653=CARTESIAN_POINT('',(220.333333333333,-15.9735290551441,-14.7107569324106));
#8654=CARTESIAN_POINT('',(225.183333333333,-15.9735290551441,-14.7107569324106));
#8655=CARTESIAN_POINT('',(220.333333333333,-15.9735290551441,-14.7107569324106));
#8656=CARTESIAN_POINT('',(225.183333333333,-34.7556356208831,-15.5308014148789));
#8657=CARTESIAN_POINT('',(225.183333333333,-15.9735290551441,-14.7107569324106));
#8658=CARTESIAN_POINT('',(247.883333333333,-34.7556356208831,-15.5308014148789));
#8659=CARTESIAN_POINT('',(225.183333333333,-34.7556356208831,-15.5308014148789));
#8660=CARTESIAN_POINT('',(247.883333333333,-15.9735290551441,-14.7107569324106));
#8661=CARTESIAN_POINT('',(247.883333333333,-15.9735290551441,-14.7107569324106));
#8662=CARTESIAN_POINT('',(252.733333333333,-15.9735290551441,-14.7107569324106));
#8663=CARTESIAN_POINT('',(220.333333333333,-15.9735290551441,-14.7107569324106));
#8664=CARTESIAN_POINT('',(252.733333333333,-13.2760988568731,-14.5929845865242));
#8665=CARTESIAN_POINT('',(252.733333333333,-15.9735290551441,-14.7107569324106));
#8666=CARTESIAN_POINT('',(247.733333333333,-13.2760988568731,-14.5929845865242));
#8667=CARTESIAN_POINT('',(220.333333333333,-13.2760988568731,-14.5929845865242));
#8668=CARTESIAN_POINT('',(247.733333333333,-11.6776217023421,-14.5231935667397));
#8669=CARTESIAN_POINT('',(247.733333333333,-13.2760988568731,-14.5929845865242));
#8670=CARTESIAN_POINT('',(231.333333333333,-11.6776217023421,-14.5231935667397));
#8671=CARTESIAN_POINT('',(225.333333333333,-11.6776217023421,-14.5231935667397));
#8672=CARTESIAN_POINT('',(225.333333333333,-11.6776217023421,-14.5231935667397));
#8673=CARTESIAN_POINT('',(225.333333333333,-11.6776217023421,-14.5231935667397));
#8674=CARTESIAN_POINT('',(225.333333333333,-13.2760988568731,-14.5929845865242));
#8675=CARTESIAN_POINT('',(225.333333333333,-13.2760988568731,-14.5929845865242));
#8676=CARTESIAN_POINT('',(220.333333333333,-13.2760988568731,-14.5929845865242));
#8677=CARTESIAN_POINT('Origin',(270.2,-21.7193163900596,-14.9616234252048));
#8678=CARTESIAN_POINT('',(254.,-15.9735290551441,-14.7107569324106));
#8679=CARTESIAN_POINT('',(254.,-13.2760988568731,-14.5929845865242));
#8680=CARTESIAN_POINT('',(254.,-15.9735290551441,-14.7107569324106));
#8681=CARTESIAN_POINT('',(258.85,-15.9735290551441,-14.7107569324106));
#8682=CARTESIAN_POINT('',(254.,-15.9735290551441,-14.7107569324106));
#8683=CARTESIAN_POINT('',(258.85,-34.7556356208831,-15.5308014148789));
#8684=CARTESIAN_POINT('',(258.85,-15.9735290551441,-14.7107569324106));
#8685=CARTESIAN_POINT('',(281.55,-34.7556356208831,-15.5308014148789));
#8686=CARTESIAN_POINT('',(258.85,-34.7556356208831,-15.5308014148789));
#8687=CARTESIAN_POINT('',(281.55,-15.9735290551441,-14.7107569324106));
#8688=CARTESIAN_POINT('',(281.55,-15.9735290551441,-14.7107569324106));
#8689=CARTESIAN_POINT('',(286.4,-15.9735290551441,-14.7107569324106));
#8690=CARTESIAN_POINT('',(254.,-15.9735290551441,-14.7107569324106));
#8691=CARTESIAN_POINT('',(286.4,-13.2760988568731,-14.5929845865242));
#8692=CARTESIAN_POINT('',(286.4,-15.9735290551441,-14.7107569324106));
#8693=CARTESIAN_POINT('',(281.4,-13.2760988568731,-14.5929845865242));
#8694=CARTESIAN_POINT('',(254.,-13.2760988568731,-14.5929845865242));
#8695=CARTESIAN_POINT('',(281.4,-11.6776217023421,-14.5231935667397));
#8696=CARTESIAN_POINT('',(281.4,-13.2760988568731,-14.5929845865242));
#8697=CARTESIAN_POINT('',(265.,-11.6776217023421,-14.5231935667397));
#8698=CARTESIAN_POINT('',(259.,-11.6776217023421,-14.5231935667397));
#8699=CARTESIAN_POINT('',(259.,-11.6776217023421,-14.5231935667397));
#8700=CARTESIAN_POINT('',(259.,-11.6776217023421,-14.5231935667397));
#8701=CARTESIAN_POINT('',(259.,-13.2760988568731,-14.5929845865242));
#8702=CARTESIAN_POINT('',(259.,-13.2760988568731,-14.5929845865242));
#8703=CARTESIAN_POINT('',(254.,-13.2760988568731,-14.5929845865242));
#8704=CARTESIAN_POINT('Origin',(303.866666666667,-21.7193163900596,-14.9616234252048));
#8705=CARTESIAN_POINT('',(287.666666666667,-15.9735290551441,-14.7107569324106));
#8706=CARTESIAN_POINT('',(287.666666666667,-13.2760988568731,-14.5929845865242));
#8707=CARTESIAN_POINT('',(287.666666666667,-15.9735290551441,-14.7107569324106));
#8708=CARTESIAN_POINT('',(292.516666666667,-15.9735290551441,-14.7107569324106));
#8709=CARTESIAN_POINT('',(287.666666666667,-15.9735290551441,-14.7107569324106));
#8710=CARTESIAN_POINT('',(292.516666666667,-34.7556356208831,-15.5308014148789));
#8711=CARTESIAN_POINT('',(292.516666666667,-15.9735290551441,-14.7107569324106));
#8712=CARTESIAN_POINT('',(315.216666666667,-34.7556356208831,-15.5308014148789));
#8713=CARTESIAN_POINT('',(292.516666666667,-34.7556356208831,-15.5308014148789));
#8714=CARTESIAN_POINT('',(315.216666666667,-15.9735290551441,-14.7107569324106));
#8715=CARTESIAN_POINT('',(315.216666666667,-15.9735290551441,-14.7107569324106));
#8716=CARTESIAN_POINT('',(320.066666666667,-15.9735290551441,-14.7107569324106));
#8717=CARTESIAN_POINT('',(287.666666666667,-15.9735290551441,-14.7107569324106));
#8718=CARTESIAN_POINT('',(320.066666666667,-13.2760988568731,-14.5929845865242));
#8719=CARTESIAN_POINT('',(320.066666666667,-15.9735290551441,-14.7107569324106));
#8720=CARTESIAN_POINT('',(315.066666666667,-13.2760988568731,-14.5929845865242));
#8721=CARTESIAN_POINT('',(287.666666666667,-13.2760988568731,-14.5929845865242));
#8722=CARTESIAN_POINT('',(315.066666666667,-11.6776217023421,-14.5231935667397));
#8723=CARTESIAN_POINT('',(315.066666666667,-13.2760988568731,-14.5929845865242));
#8724=CARTESIAN_POINT('',(298.666666666667,-11.6776217023421,-14.5231935667397));
#8725=CARTESIAN_POINT('',(292.666666666667,-11.6776217023421,-14.5231935667397));
#8726=CARTESIAN_POINT('',(292.666666666667,-11.6776217023421,-14.5231935667397));
#8727=CARTESIAN_POINT('',(292.666666666667,-11.6776217023421,-14.5231935667397));
#8728=CARTESIAN_POINT('',(292.666666666667,-13.2760988568731,-14.5929845865242));
#8729=CARTESIAN_POINT('',(292.666666666667,-13.2760988568731,-14.5929845865242));
#8730=CARTESIAN_POINT('',(287.666666666667,-13.2760988568731,-14.5929845865242));
#8731=CARTESIAN_POINT('Origin',(337.533333333333,-21.7193163900596,-14.9616234252048));
#8732=CARTESIAN_POINT('',(321.333333333333,-15.9735290551441,-14.7107569324106));
#8733=CARTESIAN_POINT('',(321.333333333333,-13.2760988568731,-14.5929845865242));
#8734=CARTESIAN_POINT('',(321.333333333333,-15.9735290551441,-14.7107569324106));
#8735=CARTESIAN_POINT('',(326.183333333333,-15.9735290551441,-14.7107569324106));
#8736=CARTESIAN_POINT('',(321.333333333333,-15.9735290551441,-14.7107569324106));
#8737=CARTESIAN_POINT('',(326.183333333333,-34.7556356208831,-15.5308014148789));
#8738=CARTESIAN_POINT('',(326.183333333333,-15.9735290551441,-14.7107569324106));
#8739=CARTESIAN_POINT('',(348.883333333333,-34.7556356208831,-15.5308014148789));
#8740=CARTESIAN_POINT('',(326.183333333333,-34.7556356208831,-15.5308014148789));
#8741=CARTESIAN_POINT('',(348.883333333333,-15.9735290551441,-14.7107569324106));
#8742=CARTESIAN_POINT('',(348.883333333333,-15.9735290551441,-14.7107569324106));
#8743=CARTESIAN_POINT('',(353.733333333333,-15.9735290551441,-14.7107569324106));
#8744=CARTESIAN_POINT('',(321.333333333333,-15.9735290551441,-14.7107569324106));
#8745=CARTESIAN_POINT('',(353.733333333333,-13.2760988568731,-14.5929845865242));
#8746=CARTESIAN_POINT('',(353.733333333333,-15.9735290551441,-14.7107569324106));
#8747=CARTESIAN_POINT('',(348.733333333333,-13.2760988568731,-14.5929845865242));
#8748=CARTESIAN_POINT('',(321.333333333333,-13.2760988568731,-14.5929845865242));
#8749=CARTESIAN_POINT('',(348.733333333333,-11.6776217023421,-14.5231935667397));
#8750=CARTESIAN_POINT('',(348.733333333333,-13.2760988568731,-14.5929845865242));
#8751=CARTESIAN_POINT('',(332.333333333333,-11.6776217023421,-14.5231935667397));
#8752=CARTESIAN_POINT('',(326.333333333333,-11.6776217023421,-14.5231935667397));
#8753=CARTESIAN_POINT('',(326.333333333333,-11.6776217023421,-14.5231935667397));
#8754=CARTESIAN_POINT('',(326.333333333333,-11.6776217023421,-14.5231935667397));
#8755=CARTESIAN_POINT('',(326.333333333333,-13.2760988568731,-14.5929845865242));
#8756=CARTESIAN_POINT('',(326.333333333333,-13.2760988568731,-14.5929845865242));
#8757=CARTESIAN_POINT('',(321.333333333333,-13.2760988568731,-14.5929845865242));
#8758=CARTESIAN_POINT('Origin',(371.2,-21.7193163900596,-14.9616234252048));
#8759=CARTESIAN_POINT('',(355.,-15.9735290551441,-14.7107569324106));
#8760=CARTESIAN_POINT('',(355.,-13.2760988568731,-14.5929845865242));
#8761=CARTESIAN_POINT('',(355.,-15.9735290551441,-14.7107569324106));
#8762=CARTESIAN_POINT('',(359.85,-15.9735290551441,-14.7107569324106));
#8763=CARTESIAN_POINT('',(355.,-15.9735290551441,-14.7107569324106));
#8764=CARTESIAN_POINT('',(359.85,-34.7556356208831,-15.5308014148789));
#8765=CARTESIAN_POINT('',(359.85,-15.9735290551441,-14.7107569324106));
#8766=CARTESIAN_POINT('',(382.55,-34.7556356208831,-15.5308014148789));
#8767=CARTESIAN_POINT('',(359.85,-34.7556356208831,-15.5308014148789));
#8768=CARTESIAN_POINT('',(382.55,-15.9735290551441,-14.7107569324106));
#8769=CARTESIAN_POINT('',(382.55,-15.9735290551441,-14.7107569324106));
#8770=CARTESIAN_POINT('',(387.4,-15.9735290551441,-14.7107569324106));
#8771=CARTESIAN_POINT('',(355.,-15.9735290551441,-14.7107569324106));
#8772=CARTESIAN_POINT('',(387.4,-13.2760988568731,-14.5929845865242));
#8773=CARTESIAN_POINT('',(387.4,-15.9735290551441,-14.7107569324106));
#8774=CARTESIAN_POINT('',(382.4,-13.2760988568731,-14.5929845865242));
#8775=CARTESIAN_POINT('',(355.,-13.2760988568731,-14.5929845865242));
#8776=CARTESIAN_POINT('',(382.4,-11.6776217023421,-14.5231935667397));
#8777=CARTESIAN_POINT('',(382.4,-13.2760988568731,-14.5929845865242));
#8778=CARTESIAN_POINT('',(366.,-11.6776217023421,-14.5231935667397));
#8779=CARTESIAN_POINT('',(360.,-11.6776217023421,-14.5231935667397));
#8780=CARTESIAN_POINT('',(360.,-11.6776217023421,-14.5231935667397));
#8781=CARTESIAN_POINT('',(360.,-11.6776217023421,-14.5231935667397));
#8782=CARTESIAN_POINT('',(360.,-13.2760988568731,-14.5929845865242));
#8783=CARTESIAN_POINT('',(360.,-13.2760988568731,-14.5929845865242));
#8784=CARTESIAN_POINT('',(355.,-13.2760988568731,-14.5929845865242));
#8785=CARTESIAN_POINT('Origin',(-32.125,-1.07758277438777,-4.81176958111332));
#8786=CARTESIAN_POINT('',(427.975,-32.3017654436837,-6.17504683800239));
#8787=CARTESIAN_POINT('Origin',(423.875,-32.3017654436837,-6.17504683800239));
#8788=CARTESIAN_POINT('Origin',(-32.125,-1.07758277438777,-4.81176958111332));
#8789=CARTESIAN_POINT('',(-4.02500000000004,-96.6154947080158,-8.98304489964588));
#8790=CARTESIAN_POINT('Origin',(-8.12500000000004,-96.6154947080158,-8.98304489964588));
#8791=CARTESIAN_POINT('Origin',(-32.125,-1.07758277438777,-4.81176958111332));
#8792=CARTESIAN_POINT('',(426.975,-96.6154947080158,-8.98304489964588));
#8793=CARTESIAN_POINT('Ctrl Pts',(426.975,-96.6154947080158,-8.98304489964588));
#8794=CARTESIAN_POINT('Ctrl Pts',(426.975,-96.7466165101595,-8.98876980116333));
#8795=CARTESIAN_POINT('Ctrl Pts',(426.968524591641,-96.8773985908245,-8.99448180431738));
#8796=CARTESIAN_POINT('Ctrl Pts',(426.955808796196,-97.0074261503652,-9.00016159970935));
#8797=CARTESIAN_POINT('Ctrl Pts',(426.943400345017,-97.1343109081028,-9.00570411288775));
#8798=CARTESIAN_POINT('Ctrl Pts',(426.925049024742,-97.2604779842666,-9.01121595642913));
#8799=CARTESIAN_POINT('Ctrl Pts',(426.900917983799,-97.3855435378286,-9.0166791875061));
#8800=CARTESIAN_POINT('Ctrl Pts',(426.875890392156,-97.5152557044385,-9.02234539630221));
#8801=CARTESIAN_POINT('Ctrl Pts',(426.844645698537,-97.6437839202392,-9.02795931329178));
#8802=CARTESIAN_POINT('Ctrl Pts',(426.807308282128,-97.7706883985981,-9.03350092051141));
#8803=CARTESIAN_POINT('Ctrl Pts',(426.769970865719,-97.897592876957,-9.03904252773104));
#8804=CARTESIAN_POINT('Ctrl Pts',(426.726540457082,-98.022874553146,-9.04451182518074));
#8805=CARTESIAN_POINT('Ctrl Pts',(426.677086890248,-98.1460681053694,-9.04988879489712));
#8806=CARTESIAN_POINT('Ctrl Pts',(426.629289900122,-98.2651349669977,-9.05508564893407));
#8807=CARTESIAN_POINT('Ctrl Pts',(426.576082238007,-98.3817126365417,-9.06017246046445));
#8808=CARTESIAN_POINT('Ctrl Pts',(426.517627185419,-98.4954202889092,-9.06513378694882));
#8809=CARTESIAN_POINT('Ctrl Pts',(426.45934308583,-98.6087954009191,-9.07008060393229));
#8810=CARTESIAN_POINT('Ctrl Pts',(426.395841958906,-98.7193180130847,-9.07490266876367));
#8811=CARTESIAN_POINT('Ctrl Pts',(426.327237155329,-98.8265936399945,-9.07958467399373));
#8812=CARTESIAN_POINT('Ctrl Pts',(426.300169454539,-98.8689187312404,-9.08143193701409));
#8813=CARTESIAN_POINT('Ctrl Pts',(426.272306775565,-98.9107381293951,-9.08325739752067));
#8814=CARTESIAN_POINT('Ctrl Pts',(426.243654138816,-98.9520264793658,-9.0850601153717));
#8815=CARTESIAN_POINT('Ctrl Pts',(426.170754229823,-99.057074994855,-9.08964670781802));
#8816=CARTESIAN_POINT('Ctrl Pts',(426.09267656784,-99.1583880690522,-9.09408608055422));
#8817=CARTESIAN_POINT('Ctrl Pts',(426.009789918013,-99.2557977446853,-9.09836274967419));
#8818=CARTESIAN_POINT('Ctrl Pts',(425.946491392731,-99.3301871527344,-9.10162873821372));
#8819=CARTESIAN_POINT('Ctrl Pts',(425.880387312808,-99.4022994427104,-9.10479983789588));
#8820=CARTESIAN_POINT('Ctrl Pts',(425.811628891372,-99.472044070197,-9.10786915255722));
#8821=CARTESIAN_POINT('Ctrl Pts',(425.722295929162,-99.5626583402973,-9.1118568963845));
#8822=CARTESIAN_POINT('Ctrl Pts',(425.628799539102,-99.6489572210758,-9.11565859754373));
#8823=CARTESIAN_POINT('Ctrl Pts',(425.531531134399,-99.7307979869375,-9.11926270338574));
#8824=CARTESIAN_POINT('Ctrl Pts',(425.4330663779,-99.8136453525018,-9.12291113789245));
#8825=CARTESIAN_POINT('Ctrl Pts',(425.33073559951,-99.8919247241237,-9.12635708654686));
#8826=CARTESIAN_POINT('Ctrl Pts',(425.224910008002,-99.9654480667947,-9.12958856516025));
#8827=CARTESIAN_POINT('Ctrl Pts',(425.187951304263,-99.9911254799889,-9.13071713206934));
#8828=CARTESIAN_POINT('Ctrl Pts',(425.150566077432,-100.016222415561,-9.13181954012606));
#8829=CARTESIAN_POINT('Ctrl Pts',(425.112769384664,-100.040729572479,-9.13289527884101));
#8830=CARTESIAN_POINT('Ctrl Pts',(425.004532669413,-100.110909632444,-9.13597582415983));
#8831=CARTESIAN_POINT('Ctrl Pts',(424.893205842791,-100.176073546328,-9.13882960863249));
#8832=CARTESIAN_POINT('Ctrl Pts',(424.779173347085,-100.236050587293,-9.14144810865541));
#8833=CARTESIAN_POINT('Ctrl Pts',(424.665296310239,-100.295945862422,-9.14406303891496));
#8834=CARTESIAN_POINT('Ctrl Pts',(424.548720243747,-100.350668770468,-9.14644332580728));
#8835=CARTESIAN_POINT('Ctrl Pts',(424.429803418867,-100.400003981854,-9.14858048054158));
#8836=CARTESIAN_POINT('Ctrl Pts',(424.389321947838,-100.416798593823,-9.14930800726077));
#8837=CARTESIAN_POINT('Ctrl Pts',(424.348569058082,-100.432968441745,-9.1500073586918));
#8838=CARTESIAN_POINT('Ctrl Pts',(424.307558463323,-100.448503710342,-9.1506781999581));
#8839=CARTESIAN_POINT('Ctrl Pts',(424.186430621985,-100.494388281408,-9.15265957952461));
#8840=CARTESIAN_POINT('Ctrl Pts',(424.06349354634,-100.5345748089,-9.15438502141297));
#8841=CARTESIAN_POINT('Ctrl Pts',(423.939131060879,-100.568899782603,-9.15585143016813));
#8842=CARTESIAN_POINT('Ctrl Pts',(423.815458696028,-100.60303427787,-9.15730970142989));
#8843=CARTESIAN_POINT('Ctrl Pts',(423.690375951748,-100.631372413311,-9.15851180646962));
#8844=CARTESIAN_POINT('Ctrl Pts',(423.564240007257,-100.653706410423,-9.15945470107933));
#8845=CARTESIAN_POINT('Ctrl Pts',(423.440922945439,-100.675541287973,-9.16037652390583));
#8846=CARTESIAN_POINT('Ctrl Pts',(423.316598539943,-100.691637552768,-9.16105059249969));
#8847=CARTESIAN_POINT('Ctrl Pts',(423.191591724836,-100.701752687658,-9.16147406222144));
#8848=CARTESIAN_POINT('Ctrl Pts',(423.109368450481,-100.708405921007,-9.16175259957224));
#8849=CARTESIAN_POINT('Ctrl Pts',(423.026849782469,-100.712470518699,-9.16192271895432));
#8850=CARTESIAN_POINT('Ctrl Pts',(422.944128159555,-100.71386509067,-9.16198361087958));
#8851=CARTESIAN_POINT('Ctrl Pts',(422.87830488465,-100.714974779901,-9.16203206382084));
#8852=CARTESIAN_POINT('Ctrl Pts',(422.812436412489,-100.714392958738,-9.16201135712569));
#8853=CARTESIAN_POINT('Ctrl Pts',(422.746571618142,-100.712141863146,-9.1619210829523));
#8854=CARTESIAN_POINT('Ctrl Pts',(422.622149861904,-100.707889435582,-9.16175055070806));
#8855=CARTESIAN_POINT('Ctrl Pts',(422.498291828571,-100.697702350917,-9.16133253222546));
#8856=CARTESIAN_POINT('Ctrl Pts',(422.375319235545,-100.681850176107,-9.1606708201096));
#8857=CARTESIAN_POINT('Ctrl Pts',(422.248707951985,-100.665528944274,-9.15998952830079));
#8858=CARTESIAN_POINT('Ctrl Pts',(422.123034606252,-100.64320232001,-9.15904990797863));
#8859=CARTESIAN_POINT('Ctrl Pts',(421.998649863416,-100.61510954396,-9.15785609847136));
#8860=CARTESIAN_POINT('Ctrl Pts',(421.873102573808,-100.586754202218,-9.15665113116967));
#8861=CARTESIAN_POINT('Ctrl Pts',(421.748867340911,-100.552524142322,-9.15518720098204));
#8862=CARTESIAN_POINT('Ctrl Pts',(421.626315167155,-100.512613251044,-9.15346856438802));
#8863=CARTESIAN_POINT('Ctrl Pts',(421.503870802731,-100.472737469436,-9.15175143968121));
#8864=CARTESIAN_POINT('Ctrl Pts',(421.38310579411,-100.42719049515,-9.14978005650211));
#8865=CARTESIAN_POINT('Ctrl Pts',(421.264411685833,-100.376118775702,-9.1475586601069));
#8866=CARTESIAN_POINT('Ctrl Pts',(421.244085381249,-100.367372770191,-9.14717824712444));
#8867=CARTESIAN_POINT('Ctrl Pts',(421.223819875333,-100.358464639727,-9.14679050215811));
#8868=CARTESIAN_POINT('Ctrl Pts',(421.203617222639,-100.349394993113,-9.14639544652814));
#8869=CARTESIAN_POINT('Ctrl Pts',(421.081776708306,-100.294696710417,-9.14401289895506));
#8870=CARTESIAN_POINT('Ctrl Pts',(420.962798147041,-100.234387603209,-9.14137590440101));
#8871=CARTESIAN_POINT('Ctrl Pts',(420.847067642658,-100.168730119327,-9.13849648660879));
#8872=CARTESIAN_POINT('Ctrl Pts',(420.73493292118,-100.10511263397,-9.13570653322639));
#8873=CARTESIAN_POINT('Ctrl Pts',(420.625846880836,-100.036473292681,-9.13268898691049));
#8874=CARTESIAN_POINT('Ctrl Pts',(420.520179316965,-99.9630010281781,-9.12945478512077));
#8875=CARTESIAN_POINT('Ctrl Pts',(420.415332401124,-99.8900993727338,-9.12624570117453));
#8876=CARTESIAN_POINT('Ctrl Pts',(420.313850384922,-99.8124391620521,-9.12282331391789));
#8877=CARTESIAN_POINT('Ctrl Pts',(420.216123176935,-99.7301627408968,-9.11919830795311));
#8878=CARTESIAN_POINT('Ctrl Pts',(420.120504311423,-99.6496613307841,-9.11565150696525));
#8879=CARTESIAN_POINT('Ctrl Pts',(420.028479449489,-99.564740302158,-9.11191073545631));
#8880=CARTESIAN_POINT('Ctrl Pts',(419.940450235106,-99.4754987586984,-9.10798600131911));
#8881=CARTESIAN_POINT('Ctrl Pts',(419.928377957776,-99.4632602232358,-9.10744776547));
#8882=CARTESIAN_POINT('Ctrl Pts',(419.916380891979,-99.4509403829483,-9.10690606979408));
#8883=CARTESIAN_POINT('Ctrl Pts',(419.904460137335,-99.4385394487209,-9.10636094010382));
#8884=CARTESIAN_POINT('Ctrl Pts',(419.815559405331,-99.3460577088224,-9.1022955575043));
#8885=CARTESIAN_POINT('Ctrl Pts',(419.731304026334,-99.249489140424,-9.09805792761668));
#8886=CARTESIAN_POINT('Ctrl Pts',(419.652046106909,-99.1490141233975,-9.09366366308959));
#8887=CARTESIAN_POINT('Ctrl Pts',(419.632662237926,-99.1244412532017,-9.09258897114103));
#8888=CARTESIAN_POINT('Ctrl Pts',(419.61357742775,-99.0996345311772,-9.09150491040455));
#8889=CARTESIAN_POINT('Ctrl Pts',(419.594797130015,-99.0745962268371,-9.09041170926641));
#8890=CARTESIAN_POINT('Ctrl Pts',(419.519208554126,-98.9738198816251,-9.08601169823584));
#8891=CARTESIAN_POINT('Ctrl Pts',(419.448751006385,-98.8695409258038,-9.08146361530143));
#8892=CARTESIAN_POINT('Ctrl Pts',(419.383423556666,-98.7621739849857,-9.0767823517096));
#8893=CARTESIAN_POINT('Ctrl Pts',(419.316869944486,-98.6527918221923,-9.07201322322016));
#8894=CARTESIAN_POINT('Ctrl Pts',(419.255640536642,-98.5402039672633,-9.06710586769044));
#8895=CARTESIAN_POINT('Ctrl Pts',(419.199781312349,-98.4248213016512,-9.0620760307066));
#8896=CARTESIAN_POINT('Ctrl Pts',(419.148071100267,-98.3180088246635,-9.05741979101722));
#8897=CARTESIAN_POINT('Ctrl Pts',(419.100963330844,-98.2088005159714,-9.05265858906842));
#8898=CARTESIAN_POINT('Ctrl Pts',(419.058532334759,-98.0975100586799,-9.04780491602929));
#8899=CARTESIAN_POINT('Ctrl Pts',(419.013432810031,-97.9792204309609,-9.04264599053971));
#8900=CARTESIAN_POINT('Ctrl Pts',(418.97381778636,-97.8591078799752,-9.03740596432188));
#8901=CARTESIAN_POINT('Ctrl Pts',(418.939677018484,-97.7375865228434,-9.03210229710134));
#8902=CARTESIAN_POINT('Ctrl Pts',(418.904923225659,-97.6138831519992,-9.02670339826987));
#8903=CARTESIAN_POINT('Ctrl Pts',(418.875841783664,-97.4887191881279,-9.02123855246636));
#8904=CARTESIAN_POINT('Ctrl Pts',(418.852470460119,-97.3625090256572,-9.01572617691528));
#8905=CARTESIAN_POINT('Ctrl Pts',(418.829106998388,-97.2363413186676,-9.01021565565668));
#8906=CARTESIAN_POINT('Ctrl Pts',(418.81144967995,-97.1091273004632,-9.00465763662193));
#8907=CARTESIAN_POINT('Ctrl Pts',(418.79958709504,-96.9812705824335,-8.99907051845582));
#8908=CARTESIAN_POINT('Ctrl Pts',(418.787892921042,-96.8552290224624,-8.99356271956773));
#8909=CARTESIAN_POINT('Ctrl Pts',(418.781830087021,-96.7285621088015,-8.98802664191327));
#8910=CARTESIAN_POINT('Ctrl Pts',(418.781533918765,-96.601658232592,-8.98247991160289));
#8911=CARTESIAN_POINT('Ctrl Pts',(418.781481880227,-96.5793604611756,-8.98150531785316));
#8912=CARTESIAN_POINT('Ctrl Pts',(418.781608001835,-96.557055395187,-8.9805303952283));
#8913=CARTESIAN_POINT('Ctrl Pts',(418.78191318292,-96.5347451745749,-8.97955523934113));
#8914=CARTESIAN_POINT('Ctrl Pts',(418.783673885371,-96.4060292672961,-8.97392920466684));
#8915=CARTESIAN_POINT('Ctrl Pts',(418.791382588934,-96.2777251241955,-8.96832126072298));
#8916=CARTESIAN_POINT('Ctrl Pts',(418.805080655612,-96.1502366938872,-8.96274963038679));
#8917=CARTESIAN_POINT('Ctrl Pts',(418.819215262549,-96.0186853667108,-8.95700043915832));
#8918=CARTESIAN_POINT('Ctrl Pts',(418.83972662864,-95.8880016715738,-8.95128991295679));
#8919=CARTESIAN_POINT('Ctrl Pts',(418.866718647251,-95.7586277381353,-8.94563807299262));
#8920=CARTESIAN_POINT('Ctrl Pts',(418.892181777675,-95.6365818330829,-8.94030636586038));
#8921=CARTESIAN_POINT('Ctrl Pts',(418.92341256605,-95.5157008401481,-8.93502688501208));
#8922=CARTESIAN_POINT('Ctrl Pts',(418.960548451476,-95.3963658636724,-8.92981643858624));
#8923=CARTESIAN_POINT('Ctrl Pts',(418.962778209389,-95.3892006081508,-8.92950358663684));
#8924=CARTESIAN_POINT('Ctrl Pts',(418.965029271224,-95.3820409311613,-8.92919098356947));
#8925=CARTESIAN_POINT('Ctrl Pts',(418.967301672487,-95.3748869172075,-8.92887863302255));
#8926=CARTESIAN_POINT('Ctrl Pts',(419.005996206624,-95.2530680986298,-8.92355991616602));
#8927=CARTESIAN_POINT('Ctrl Pts',(419.05076169254,-95.1331995568609,-8.91831441863966));
#8928=CARTESIAN_POINT('Ctrl Pts',(419.101320280154,-95.015562263832,-8.91316010453307));
#8929=CARTESIAN_POINT('Ctrl Pts',(419.10549145856,-95.0058569662836,-8.91273486394164));
#8930=CARTESIAN_POINT('Ctrl Pts',(419.109702092379,-94.9961668722152,-8.9123102439956));
#8931=CARTESIAN_POINT('Ctrl Pts',(419.113952038389,-94.9864921485745,-8.91188625478278));
#8932=CARTESIAN_POINT('Ctrl Pts',(419.164177541128,-94.8721570822882,-8.90687558610081));
#8933=CARTESIAN_POINT('Ctrl Pts',(419.219668453805,-94.7604702525048,-8.90197537632305));
#8934=CARTESIAN_POINT('Ctrl Pts',(419.280073714188,-94.651652127303,-8.89719968159743));
#8935=CARTESIAN_POINT('Ctrl Pts',(419.342075285912,-94.5399582987892,-8.89229778104798));
#8936=CARTESIAN_POINT('Ctrl Pts',(419.409254722234,-94.4312861712172,-8.88752706355065));
#8937=CARTESIAN_POINT('Ctrl Pts',(419.481283117737,-94.3258942327886,-8.88290272933452));
#8938=CARTESIAN_POINT('Ctrl Pts',(419.553778405961,-94.2198191369943,-8.87824841988473));
#8939=CARTESIAN_POINT('Ctrl Pts',(419.631186250483,-94.1170662791573,-8.87374239759855));
#8940=CARTESIAN_POINT('Ctrl Pts',(419.713215115427,-94.0179286374269,-8.86940016021182));
#8941=CARTESIAN_POINT('Ctrl Pts',(419.794815033389,-93.9193094082355,-8.86508062933969));
#8942=CARTESIAN_POINT('Ctrl Pts',(419.880988361096,-93.8242671252632,-8.86092317491111));
#8943=CARTESIAN_POINT('Ctrl Pts',(419.971482794368,-93.7331279151534,-8.85694305280786));
#8944=CARTESIAN_POINT('Ctrl Pts',(419.986974094186,-93.7175262391389,-8.85626171515441));
#8945=CARTESIAN_POINT('Ctrl Pts',(420.002592091557,-93.7020390416549,-8.85558557410826));
#8946=CARTESIAN_POINT('Ctrl Pts',(420.018335604,-93.6866680889473,-8.85491470620003));
#8947=CARTESIAN_POINT('Ctrl Pts',(420.113657400794,-93.5936020189851,-8.85085282136633));
#8948=CARTESIAN_POINT('Ctrl Pts',(420.213128459705,-93.5052320409654,-8.8470036298678));
#8949=CARTESIAN_POINT('Ctrl Pts',(420.316389616105,-93.4218456092618,-8.84337843897018));
#8950=CARTESIAN_POINT('Ctrl Pts',(420.416427067775,-93.3410624142802,-8.83986642272071));
#8951=CARTESIAN_POINT('Ctrl Pts',(420.520022489383,-93.2649560561002,-8.83656463926175));
#8952=CARTESIAN_POINT('Ctrl Pts',(420.626887336947,-93.193823964199,-8.83348336957311));
#8953=CARTESIAN_POINT('Ctrl Pts',(420.732605266112,-93.1234552917643,-8.83043516936406));
#8954=CARTESIAN_POINT('Ctrl Pts',(420.841523424749,-93.0579542030568,-8.82760277503249));
#8955=CARTESIAN_POINT('Ctrl Pts',(420.953390016655,-92.9976511989646,-8.82499614007876));
#8956=CARTESIAN_POINT('Ctrl Pts',(421.062542037211,-92.9388115165347,-8.82245275811634));
#8957=CARTESIAN_POINT('Ctrl Pts',(421.174501702349,-92.8849203732765,-8.820124311848));
#8958=CARTESIAN_POINT('Ctrl Pts',(421.289052818001,-92.8363313098601,-8.81802004761576));
#8959=CARTESIAN_POINT('Ctrl Pts',(421.30592173714,-92.8291760326971,-8.81771017142661));
#8960=CARTESIAN_POINT('Ctrl Pts',(421.322846877374,-92.8221358247975,-8.81740515680893));
#8961=CARTESIAN_POINT('Ctrl Pts',(421.339827570467,-92.8152119099361,-8.81710503329072));
#8962=CARTESIAN_POINT('Ctrl Pts',(421.416552699637,-92.7839270701956,-8.81574896286561));
#8963=CARTESIAN_POINT('Ctrl Pts',(421.494186326936,-92.7551077082666,-8.81449679053929));
#8964=CARTESIAN_POINT('Ctrl Pts',(421.572651496369,-92.7288289374127,-8.81334945586952));
#8965=CARTESIAN_POINT('Ctrl Pts',(421.692388343833,-92.6887278683652,-8.81159863780163));
#8966=CARTESIAN_POINT('Ctrl Pts',(421.813770820624,-92.6546363680097,-8.81009194858622));
#8967=CARTESIAN_POINT('Ctrl Pts',(421.936399025199,-92.6264067262326,-8.80883272691403));
#8968=CARTESIAN_POINT('Ctrl Pts',(422.060845103929,-92.5977586004995,-8.80755483819424));
#8969=CARTESIAN_POINT('Ctrl Pts',(422.186574850241,-92.5751474116742,-8.80653180845445));
#8970=CARTESIAN_POINT('Ctrl Pts',(422.313184696462,-92.5584711565528,-8.80576712707838));
#8971=CARTESIAN_POINT('Ctrl Pts',(422.440946643909,-92.5416431538812,-8.80499548739394));
#8972=CARTESIAN_POINT('Ctrl Pts',(422.569605583871,-92.5308586180104,-8.80448691920808));
#8973=CARTESIAN_POINT('Ctrl Pts',(422.698749697532,-92.5260654124387,-8.8042450080301));
#8974=CARTESIAN_POINT('Ctrl Pts',(422.764264331686,-92.5236338257364,-8.80412228681677));
#8975=CARTESIAN_POINT('Ctrl Pts',(422.829903796412,-92.5227449516415,-8.80406819029572));
#8976=CARTESIAN_POINT('Ctrl Pts',(422.895613581279,-92.5233970596653,-8.80408318657055));
#8977=CARTESIAN_POINT('Ctrl Pts',(423.02897642299,-92.5247205608658,-8.80411362261337));
#8978=CARTESIAN_POINT('Ctrl Pts',(423.161996454638,-92.5323814313949,-8.80442851720464));
#8979=CARTESIAN_POINT('Ctrl Pts',(423.294221325203,-92.5462297680995,-8.80502374022806));
#8980=CARTESIAN_POINT('Ctrl Pts',(423.422800676576,-92.5596962978337,-8.8056025525948));
#8981=CARTESIAN_POINT('Ctrl Pts',(423.550628983109,-92.579014218633,-8.80644644883512));
#8982=CARTESIAN_POINT('Ctrl Pts',(423.67729299903,-92.6040997029051,-8.80755163111026));
#8983=CARTESIAN_POINT('Ctrl Pts',(423.809343837517,-92.6302520336039,-8.80870381505968));
#8984=CARTESIAN_POINT('Ctrl Pts',(423.940130279379,-92.6626726709978,-8.8101399817967));
#8985=CARTESIAN_POINT('Ctrl Pts',(424.069172576578,-92.7013258864225,-8.81185582803493));
#8986=CARTESIAN_POINT('Ctrl Pts',(424.190348025766,-92.7376226731611,-8.81346707057455));
#8987=CARTESIAN_POINT('Ctrl Pts',(424.309986099128,-92.7794158964343,-8.81532493166507));
#8988=CARTESIAN_POINT('Ctrl Pts',(424.42766823462,-92.8267228807757,-8.81742584804324));
#8989=CARTESIAN_POINT('Ctrl Pts',(424.435308292731,-92.8297941040154,-8.8175622419245));
#8990=CARTESIAN_POINT('Ctrl Pts',(424.442940097387,-92.8328885819951,-8.81769966022404));
#8991=CARTESIAN_POINT('Ctrl Pts',(424.450563529833,-92.8360063259283,-8.81783810196684));
#8992=CARTESIAN_POINT('Ctrl Pts',(424.570072332725,-92.8848816649335,-8.82000838511294));
#8993=CARTESIAN_POINT('Ctrl Pts',(424.686976762038,-92.9392464522676,-8.82242008151289));
#8994=CARTESIAN_POINT('Ctrl Pts',(424.800878558122,-92.9990171549316,-8.82506269735871));
#8995=CARTESIAN_POINT('Ctrl Pts',(424.913422634452,-93.0580753853915,-8.82767381298364));
#8996=CARTESIAN_POINT('Ctrl Pts',(425.023035975267,-93.122411654328,-8.83051037570392));
#8997=CARTESIAN_POINT('Ctrl Pts',(425.129318208348,-93.1919931761964,-8.83356226251761));
#8998=CARTESIAN_POINT('Ctrl Pts',(425.175272472068,-93.2220788030528,-8.83488183595347));
#8999=CARTESIAN_POINT('Ctrl Pts',(425.220603706462,-93.2531456306261,-8.83624166467477));
#9000=CARTESIAN_POINT('Ctrl Pts',(425.265278066489,-93.2851936667334,-8.8376409303962));
#9001=CARTESIAN_POINT('Ctrl Pts',(425.36927471674,-93.3597977215044,-8.84089825624829));
#9002=CARTESIAN_POINT('Ctrl Pts',(425.4694463722,-93.4395371200344,-8.8443692926169));
#9003=CARTESIAN_POINT('Ctrl Pts',(425.565628934487,-93.5240334969761,-8.84804371693344));
#9004=CARTESIAN_POINT('Ctrl Pts',(425.635557219694,-93.5854654926027,-8.85071515950547));
#9005=CARTESIAN_POINT('Ctrl Pts',(425.703376241877,-93.6494128763861,-8.85349410945966));
#9006=CARTESIAN_POINT('Ctrl Pts',(425.769009698473,-93.7157413065258,-8.85637659984));
#9007=CARTESIAN_POINT('Ctrl Pts',(425.857181979607,-93.8048472182491,-8.86024895039665));
#9008=CARTESIAN_POINT('Ctrl Pts',(425.941019376478,-93.897852478623,-8.86429071641084));
#9009=CARTESIAN_POINT('Ctrl Pts',(426.020418083659,-93.9943540560238,-8.86848757554015));
#9010=CARTESIAN_POINT('Ctrl Pts',(426.101789170938,-94.0932528738511,-8.87278869079293));
#9011=CARTESIAN_POINT('Ctrl Pts',(426.178498792869,-94.1958244230547,-8.8772527003485));
#9012=CARTESIAN_POINT('Ctrl Pts',(426.250399264991,-94.3016756485634,-8.88186418776615));
#9013=CARTESIAN_POINT('Ctrl Pts',(426.322657291343,-94.4080532621779,-8.88649860767339));
#9014=CARTESIAN_POINT('Ctrl Pts',(426.390058629611,-94.5177439623714,-8.89128197587666));
#9015=CARTESIAN_POINT('Ctrl Pts',(426.452410833969,-94.6303796937773,-8.89619864479614));
#9016=CARTESIAN_POINT('Ctrl Pts',(426.514297663348,-94.7421747515971,-8.90107861742359));
#9017=CARTESIAN_POINT('Ctrl Pts',(426.571210775382,-94.8568717827481,-8.90608990837335));
#9018=CARTESIAN_POINT('Ctrl Pts',(426.622914805051,-94.9741303533326,-8.91121721782123));
#9019=CARTESIAN_POINT('Ctrl Pts',(426.632033056147,-94.9948094589385,-8.91212144318419));
#9020=CARTESIAN_POINT('Ctrl Pts',(426.640989172956,-95.015568263975,-8.91302927683811));
#9021=CARTESIAN_POINT('Ctrl Pts',(426.649781698618,-95.0364049378605,-8.91394063486638));
#9022=CARTESIAN_POINT('Ctrl Pts',(426.701680782543,-95.1593962520975,-8.91932005013453));
#9023=CARTESIAN_POINT('Ctrl Pts',(426.747640166509,-95.2845195029617,-8.92479657528068));
#9024=CARTESIAN_POINT('Ctrl Pts',(426.787494628953,-95.4113487302438,-8.93034987918154));
#9025=CARTESIAN_POINT('Ctrl Pts',(426.825817360403,-95.533303515706,-8.93568975233498));
#9026=CARTESIAN_POINT('Ctrl Pts',(426.858495477771,-95.6568365908447,-8.94110061596046));
#9027=CARTESIAN_POINT('Ctrl Pts',(426.885335162053,-95.7815920686606,-8.94656439416028));
#9028=CARTESIAN_POINT('Ctrl Pts',(426.911846775482,-95.9048226166169,-8.9519613866873));
#9029=CARTESIAN_POINT('Ctrl Pts',(426.932662066353,-96.029246576759,-8.95741000810793));
#9030=CARTESIAN_POINT('Ctrl Pts',(426.947544934477,-96.1545319166584,-8.96289283729938));
#9031=CARTESIAN_POINT('Ctrl Pts',(426.962047805305,-96.2766184046907,-8.96823567598268));
#9032=CARTESIAN_POINT('Ctrl Pts',(426.97091744455,-96.3995234684733,-8.97361099791523));
#9033=CARTESIAN_POINT('Ctrl Pts',(426.973885741829,-96.5229406049123,-8.97900268260928));
#9034=CARTESIAN_POINT('Ctrl Pts',(426.974408670995,-96.5446831778629,-8.97995254339175));
#9035=CARTESIAN_POINT('Ctrl Pts',(426.974748313843,-96.5664416322579,-8.98090291201495));
#9036=CARTESIAN_POINT('Ctrl Pts',(426.974903034785,-96.588214272698,-8.98185370033656));
#9037=CARTESIAN_POINT('Ctrl Pts',(426.97496765845,-96.597308244107,-8.98225082450882));
#9038=CARTESIAN_POINT('Ctrl Pts',(426.975,-96.6064017629785,-8.98264789309174));
#9039=CARTESIAN_POINT('Ctrl Pts',(426.975,-96.6154947080158,-8.98304489964588));
#9040=CARTESIAN_POINT('Ctrl Pts',(36.5001199505646,0.08858346221982,-2.49616640950291));
#9041=CARTESIAN_POINT('Ctrl Pts',(36.500119952622,0.0680898114257427,-2.49871889533768));
#9042=CARTESIAN_POINT('Ctrl Pts',(36.5001199546952,0.0474378972860293,-2.50000004470344));
#9043=CARTESIAN_POINT('Ctrl Pts',(36.5001199567685,0.0267859020602343,-2.50000004470344));
#9044=CARTESIAN_POINT('Ctrl Pts',(36.6310196454982,0.0885834620190796,-2.49616640789119));
#9045=CARTESIAN_POINT('Ctrl Pts',(36.6310196472136,0.0681329184842976,-2.49871352526843));
#9046=CARTESIAN_POINT('Ctrl Pts',(36.6310196489394,0.0473944570951949,-2.5000000441484));
#9047=CARTESIAN_POINT('Ctrl Pts',(36.6310196506681,0.0267859020602343,-2.50000004470344));
#9048=CARTESIAN_POINT('Ctrl Pts',(36.8917292370535,0.101980025663915,-2.6037260634391));
#9049=CARTESIAN_POINT('Ctrl Pts',(36.8917292376553,0.0770238142558788,-2.60683436256834));
#9050=CARTESIAN_POINT('Ctrl Pts',(36.89172923825,0.0519349381775771,-2.60839076160012));
#9051=CARTESIAN_POINT('Ctrl Pts',(36.8917292388564,0.0267859020602243,-2.60839076261554));
#9052=CARTESIAN_POINT('Ctrl Pts',(37.0001199567685,0.134202458834324,-2.8624367227253));
#9053=CARTESIAN_POINT('Ctrl Pts',(37.0001199567573,0.0985902755595133,-2.86687222333075));
#9054=CARTESIAN_POINT('Ctrl Pts',(37.0001199567798,0.0626732433704043,-2.86910035045493));
#9055=CARTESIAN_POINT('Ctrl Pts',(37.0001199567685,0.0267859020602003,-2.86910035080387));
#9056=CARTESIAN_POINT('Ctrl Pts',(37.0001199567685,0.150381022379371,-2.99233277430239));
#9057=CARTESIAN_POINT('Ctrl Pts',(37.0001199567685,0.109393720791216,-2.99743774597192));
#9058=CARTESIAN_POINT('Ctrl Pts',(37.0001199567685,0.0680898925117778,-3.00000004470345));
#9059=CARTESIAN_POINT('Ctrl Pts',(37.0001199567685,0.0267859020601882,-3.00000004470345));
#9060=CARTESIAN_POINT('',(36.5001199567685,0.0885834622197759,-2.49616640950292));
#9061=CARTESIAN_POINT('Origin',(36.5001199567685,0.150381022379364,-2.99233277430239));
#9062=CARTESIAN_POINT('Origin',(36.5001199567685,0.026785902060188,-2.00000004470344));
#9063=CARTESIAN_POINT('Ctrl Pts',(37.0001199057498,0.526785851864831,-2.00000004470349));
#9064=CARTESIAN_POINT('Ctrl Pts',(36.9967490964769,0.526785852203228,-2.01229063260943));
#9065=CARTESIAN_POINT('Ctrl Pts',(36.9934849722179,0.526332530272943,-2.02458147278907));
#9066=CARTESIAN_POINT('Ctrl Pts',(36.9823164038181,0.523286115386214,-2.06588337431512));
#9067=CARTESIAN_POINT('Ctrl Pts',(36.9702068722752,0.516185604324296,-2.10947003130406));
#9068=CARTESIAN_POINT('Ctrl Pts',(36.9514684284005,0.499336798942094,-2.16531503505561));
#9069=CARTESIAN_POINT('Ctrl Pts',(36.9377038180387,0.485907414984624,-2.19891202607132));
#9070=CARTESIAN_POINT('Ctrl Pts',(36.92531578918,0.475174228820992,-2.2214377958253));
#9071=CARTESIAN_POINT('Ctrl Pts',(36.9156827577218,0.468756853643567,-2.23387360623505));
#9072=CARTESIAN_POINT('Ctrl Pts',(36.9087959765167,0.465620550541787,-2.23965162910325));
#9073=CARTESIAN_POINT('Ctrl Pts',(36.904447978863,0.464186068995215,-2.24224178028255));
#9074=CARTESIAN_POINT('Ctrl Pts',(37.0001199224421,0.526785851864829,-2.00000004699251));
#9075=CARTESIAN_POINT('Ctrl Pts',(36.999053394819,0.526789056505595,-2.0125975288014));
#9076=CARTESIAN_POINT('Ctrl Pts',(36.9979134042493,0.526305528027652,-2.02518277231877));
#9077=CARTESIAN_POINT('Ctrl Pts',(36.9943210175544,0.523130511911386,-2.06747230950317));
#9078=CARTESIAN_POINT('Ctrl Pts',(36.9904679855937,0.515658618916752,-2.11231391195956));
#9079=CARTESIAN_POINT('Ctrl Pts',(36.9859145633131,0.497524284417527,-2.1707855987155));
#9080=CARTESIAN_POINT('Ctrl Pts',(36.9844316222512,0.482190560868254,-2.2077673967624));
#9081=CARTESIAN_POINT('Ctrl Pts',(36.9868818309253,0.468117321393285,-2.23598969738657));
#9082=CARTESIAN_POINT('Ctrl Pts',(36.9975873340541,0.45387422993682,-2.26230035464396));
#9083=CARTESIAN_POINT('Ctrl Pts',(37.0068091250271,0.439038374787707,-2.28857028837367));
#9084=CARTESIAN_POINT('Ctrl Pts',(37.0055032395812,0.42823753467775,-2.30715170134009));
#9085=CARTESIAN_POINT('Ctrl Pts',(37.0001199391345,0.526785851864829,-2.00000004928152));
#9086=CARTESIAN_POINT('Ctrl Pts',(37.0014048481083,0.526788594951335,-2.01293793400096));
#9087=CARTESIAN_POINT('Ctrl Pts',(37.0023559179814,0.526328972150828,-2.02569711040136));
#9088=CARTESIAN_POINT('Ctrl Pts',(37.006274467781,0.52330877577211,-2.06781577949855));
#9089=CARTESIAN_POINT('Ctrl Pts',(37.011041730221,0.516234490462253,-2.11335643743003));
#9090=CARTESIAN_POINT('Ctrl Pts',(37.0200674369462,0.499012341856303,-2.17271300834265));
#9091=CARTESIAN_POINT('Ctrl Pts',(37.0318201323999,0.484734968916073,-2.21806122471967));
#9092=CARTESIAN_POINT('Ctrl Pts',(37.0479528500973,0.471737951099352,-2.24938449720821));
#9093=CARTESIAN_POINT('Ctrl Pts',(37.0803924587488,0.459417151983431,-2.30208324331988));
#9094=CARTESIAN_POINT('Ctrl Pts',(37.1043728945793,0.446173157168495,-2.34630207030478));
#9095=CARTESIAN_POINT('Ctrl Pts',(37.1060336097821,0.435562270043362,-2.3955867375897));
#9096=CARTESIAN_POINT('Ctrl Pts',(37.0001199558268,0.526785851864829,-2.00000005157054));
#9097=CARTESIAN_POINT('Ctrl Pts',(37.0037120891754,0.526785852045891,-2.01324546556752));
#9098=CARTESIAN_POINT('Ctrl Pts',(37.0067800096641,0.526403921687819,-2.02629740925905));
#9099=CARTESIAN_POINT('Ctrl Pts',(37.018274248778,0.523818835749327,-2.06947390542918));
#9100=CARTESIAN_POINT('Ctrl Pts',(37.031219150615,0.517833124519745,-2.1164618808495));
#9101=CARTESIAN_POINT('Ctrl Pts',(37.0538705756553,0.503812282268339,-2.18024186894105));
#9102=CARTESIAN_POINT('Ctrl Pts',(37.0767880548766,0.493294676974091,-2.23163184528489));
#9103=CARTESIAN_POINT('Ctrl Pts',(37.1054320967471,0.485856528952213,-2.27312245890478));
#9104=CARTESIAN_POINT('Ctrl Pts',(37.1519802319539,0.484515234196953,-2.34715177271949));
#9105=CARTESIAN_POINT('Ctrl Pts',(37.1817537629032,0.485525119122161,-2.4185878961686));
#9106=CARTESIAN_POINT('Ctrl Pts',(37.1798213194376,0.4842500242201,-2.48448351586164));
#9107=CARTESIAN_POINT('',(37.1798213194376,0.484250024220109,-2.48448351586162));
#9108=CARTESIAN_POINT('',(36.904447978863,0.464186068995215,-2.24224178028255));
#9109=CARTESIAN_POINT('Origin',(36.9044480227739,0.901586276521041,-2.48448351586163));
#9110=CARTESIAN_POINT('',(37.0001199567689,0.526789456176254,-2.00000004470344));
#9111=CARTESIAN_POINT('Ctrl Pts',(36.904447978863,0.464186068995215,-2.24224178028255));
#9112=CARTESIAN_POINT('Ctrl Pts',(36.9087959765167,0.465620550541787,-2.23965162910325));
#9113=CARTESIAN_POINT('Ctrl Pts',(36.9156827577218,0.468756853643567,-2.23387360623505));
#9114=CARTESIAN_POINT('Ctrl Pts',(36.92531578918,0.475174228820992,-2.2214377958253));
#9115=CARTESIAN_POINT('Ctrl Pts',(36.9377038180387,0.485907414984624,-2.19891202607132));
#9116=CARTESIAN_POINT('Ctrl Pts',(36.9514684284005,0.499336798942094,-2.16531503505561));
#9117=CARTESIAN_POINT('Ctrl Pts',(36.9702068722752,0.516185604324296,-2.10947003130406));
#9118=CARTESIAN_POINT('Ctrl Pts',(36.9823164038181,0.523286115386214,-2.06588337431512));
#9119=CARTESIAN_POINT('Ctrl Pts',(36.9934849722179,0.526332530272943,-2.02458147278907));
#9120=CARTESIAN_POINT('Ctrl Pts',(36.9967490964769,0.526785852203228,-2.01229063260943));
#9121=CARTESIAN_POINT('Ctrl Pts',(37.0001199057498,0.526785851864831,-2.00000004470349));
#9122=CARTESIAN_POINT('Ctrl Pts',(37.0001199558268,0.526785851864829,-2.00000005157054));
#9123=CARTESIAN_POINT('Ctrl Pts',(37.0037120891754,0.526785852045891,-2.01324546556752));
#9124=CARTESIAN_POINT('Ctrl Pts',(37.0067800096641,0.526403921687819,-2.02629740925905));
#9125=CARTESIAN_POINT('Ctrl Pts',(37.018274248778,0.523818835749327,-2.06947390542918));
#9126=CARTESIAN_POINT('Ctrl Pts',(37.031219150615,0.517833124519745,-2.1164618808495));
#9127=CARTESIAN_POINT('Ctrl Pts',(37.0538705756553,0.503812282268339,-2.18024186894105));
#9128=CARTESIAN_POINT('Ctrl Pts',(37.0767880548766,0.493294676974091,-2.23163184528489));
#9129=CARTESIAN_POINT('Ctrl Pts',(37.1054320967471,0.485856528952213,-2.27312245890478));
#9130=CARTESIAN_POINT('Ctrl Pts',(37.1519802319539,0.484515234196953,-2.34715177271949));
#9131=CARTESIAN_POINT('Ctrl Pts',(37.1817537629032,0.485525119122161,-2.4185878961686));
#9132=CARTESIAN_POINT('Ctrl Pts',(37.1798213194376,0.4842500242201,-2.48448351586164));
#9133=CARTESIAN_POINT('Ctrl Pts',(37.3531001108316,0.547607826721759,-8.9));
#9134=CARTESIAN_POINT('Ctrl Pts',(37.352904439053,0.547584664999577,-8.89948306173068));
#9135=CARTESIAN_POINT('Ctrl Pts',(37.3527087710317,0.54756140904433,-8.89896610758071));
#9136=CARTESIAN_POINT('Ctrl Pts',(37.3081721206503,0.542206020323658,-8.78127954672859));
#9137=CARTESIAN_POINT('Ctrl Pts',(37.2645478165098,0.529643449210544,-8.66377839426502));
#9138=CARTESIAN_POINT('Ctrl Pts',(37.2223421786588,0.508703588805713,-8.55157040720399));
#9139=CARTESIAN_POINT('Ctrl Pts',(37.3531001108316,0.547607826721758,-8.90000000000001));
#9140=CARTESIAN_POINT('Ctrl Pts',(37.3527937958162,0.547574558258322,-8.89957895475071));
#9141=CARTESIAN_POINT('Ctrl Pts',(37.352486907658,0.547532085241114,-8.89915739730535));
#9142=CARTESIAN_POINT('Ctrl Pts',(37.2827202580427,0.539228240787799,-8.80327960765151));
#9143=CARTESIAN_POINT('Ctrl Pts',(37.2149523977733,0.514703680735331,-8.70749502936427));
#9144=CARTESIAN_POINT('Ctrl Pts',(37.1573440076333,0.476455465162984,-8.62011954768399));
#9145=CARTESIAN_POINT('Ctrl Pts',(37.3531001108316,0.547607826721757,-8.90000000000002));
#9146=CARTESIAN_POINT('Ctrl Pts',(37.3526837576477,0.547562841841801,-8.89967437884177));
#9147=CARTESIAN_POINT('Ctrl Pts',(37.352264407966,0.547504572855448,-8.89934917902228));
#9148=CARTESIAN_POINT('Ctrl Pts',(37.257302449876,0.536263634403834,-8.82523783867687));
#9149=CARTESIAN_POINT('Ctrl Pts',(37.1640098587626,0.510295378206623,-8.75133749757966));
#9150=CARTESIAN_POINT('Ctrl Pts',(37.0788149262409,0.47182390509961,-8.6885241874183));
#9151=CARTESIAN_POINT('Ctrl Pts',(37.3531001108316,0.547607826721756,-8.90000000000003));
#9152=CARTESIAN_POINT('Ctrl Pts',(37.3525718934086,0.547545301480313,-8.89977024965847));
#9153=CARTESIAN_POINT('Ctrl Pts',(37.3520436736137,0.547482838664452,-8.89954049225808));
#9154=CARTESIAN_POINT('Ctrl Pts',(37.2317900450596,0.533183665712697,-8.84723535410192));
#9155=CARTESIAN_POINT('Ctrl Pts',(37.1120970298548,0.516537023655983,-8.79501261967334));
#9156=CARTESIAN_POINT('Ctrl Pts',(37.0001199567737,0.49559716313732,-8.74514240320177));
#9157=CARTESIAN_POINT('',(37.0001199567685,0.495594099043745,-8.74514368978691));
#9158=CARTESIAN_POINT('',(37.2223421786763,0.508703588814408,-8.55157040725058));
#9159=CARTESIAN_POINT('Origin',(37.000119956061,0.956606796858213,-8.55157040725058));
#9160=CARTESIAN_POINT('',(37.3531001108316,0.547607826721752,-8.9));
#9161=CARTESIAN_POINT('Ctrl Pts',(37.2223421786588,0.508703588805713,-8.55157040720399));
#9162=CARTESIAN_POINT('Ctrl Pts',(37.2645478165098,0.529643449210544,-8.66377839426502));
#9163=CARTESIAN_POINT('Ctrl Pts',(37.3081721206503,0.542206020323658,-8.78127954672859));
#9164=CARTESIAN_POINT('Ctrl Pts',(37.3527087710317,0.54756140904433,-8.89896610758071));
#9165=CARTESIAN_POINT('Ctrl Pts',(37.352904439053,0.547584664999577,-8.89948306173068));
#9166=CARTESIAN_POINT('Ctrl Pts',(37.3531001108316,0.547607826721759,-8.9));
#9167=CARTESIAN_POINT('Ctrl Pts',(37.3531001108316,0.547607826721756,-8.90000000000003));
#9168=CARTESIAN_POINT('Ctrl Pts',(37.3525718934086,0.547545301480313,-8.89977024965847));
#9169=CARTESIAN_POINT('Ctrl Pts',(37.3520436736137,0.547482838664452,-8.89954049225808));
#9170=CARTESIAN_POINT('Ctrl Pts',(37.2317900450596,0.533183665712697,-8.84723535410192));
#9171=CARTESIAN_POINT('Ctrl Pts',(37.1120970298548,0.516537023655983,-8.79501261967334));
#9172=CARTESIAN_POINT('Ctrl Pts',(37.0001199567737,0.49559716313732,-8.74514240320177));
#9173=CARTESIAN_POINT('Ctrl Pts',(37.0001199567685,0.150381022379399,-2.99233277430238));
#9174=CARTESIAN_POINT('Ctrl Pts',(37.0001199567685,0.226988237136967,-2.97086454626105));
#9175=CARTESIAN_POINT('Ctrl Pts',(37.0461876890277,0.370022483490187,-2.83342912582048));
#9176=CARTESIAN_POINT('Ctrl Pts',(37.1341315306626,0.454102277194859,-2.60696416006227));
#9177=CARTESIAN_POINT('Ctrl Pts',(37.1798213194376,0.4842500242201,-2.48448351586167));
#9178=CARTESIAN_POINT('Ctrl Pts',(37.0001199567685,0.134202458834322,-2.86243672272529));
#9179=CARTESIAN_POINT('Ctrl Pts',(36.9969514458842,0.188250151610774,-2.84576051494733));
#9180=CARTESIAN_POINT('Ctrl Pts',(37.0104947550425,0.310792684967647,-2.74550084066524));
#9181=CARTESIAN_POINT('Ctrl Pts',(37.0940838987219,0.420368060897317,-2.54919545664086));
#9182=CARTESIAN_POINT('Ctrl Pts',(37.1429274646099,0.459906147131729,-2.44003512672569));
#9183=CARTESIAN_POINT('Ctrl Pts',(36.8917290052188,0.101980054317502,-2.60372629349629));
#9184=CARTESIAN_POINT('Ctrl Pts',(36.8859324140132,0.132739088110889,-2.59640693091381));
#9185=CARTESIAN_POINT('Ctrl Pts',(36.8852970320188,0.239934673584899,-2.5692601851434));
#9186=CARTESIAN_POINT('Ctrl Pts',(36.9916996383485,0.380810181111536,-2.43372319556092));
#9187=CARTESIAN_POINT('Ctrl Pts',(37.0560116869681,0.431144835761257,-2.35115522526659));
#9188=CARTESIAN_POINT('Ctrl Pts',(36.6310196454982,0.0885834620190248,-2.4961664078912));
#9189=CARTESIAN_POINT('Ctrl Pts',(36.6290277101943,0.149861030896681,-2.48859908727635));
#9190=CARTESIAN_POINT('Ctrl Pts',(36.6974959654616,0.28668406012876,-2.4509448788979));
#9191=CARTESIAN_POINT('Ctrl Pts',(36.8650212122062,0.403946464755158,-2.34018403017335));
#9192=CARTESIAN_POINT('Ctrl Pts',(36.9549756092221,0.446211801836483,-2.27469674081132));
#9193=CARTESIAN_POINT('Ctrl Pts',(36.5001199505646,0.0885834622197765,-2.49616640950292));
#9194=CARTESIAN_POINT('Ctrl Pts',(36.5001199419126,0.174766578822041,-2.48543229548225));
#9195=CARTESIAN_POINT('Ctrl Pts',(36.6037723233417,0.335680100766574,-2.41671458526196));
#9196=CARTESIAN_POINT('Ctrl Pts',(36.801645957524,0.430269858751916,-2.30348210238301));
#9197=CARTESIAN_POINT('Ctrl Pts',(36.904447978863,0.464186068995218,-2.24224178028255));
#9198=CARTESIAN_POINT('Ctrl Pts',(37.1798213194376,0.4842500242201,-2.48448351586167));
#9199=CARTESIAN_POINT('Ctrl Pts',(37.1341315306626,0.454102277194859,-2.60696416006227));
#9200=CARTESIAN_POINT('Ctrl Pts',(37.0461876890277,0.370022483490187,-2.83342912582048));
#9201=CARTESIAN_POINT('Ctrl Pts',(37.0001199567685,0.226988237136967,-2.97086454626105));
#9202=CARTESIAN_POINT('Ctrl Pts',(37.0001199567685,0.150381022379399,-2.99233277430238));
#9203=CARTESIAN_POINT('Ctrl Pts',(36.5001199505646,0.0885834622197765,-2.49616640950292));
#9204=CARTESIAN_POINT('Ctrl Pts',(36.5001199419126,0.174766578822041,-2.48543229548225));
#9205=CARTESIAN_POINT('Ctrl Pts',(36.6037723233417,0.335680100766574,-2.41671458526196));
#9206=CARTESIAN_POINT('Ctrl Pts',(36.801645957524,0.430269858751916,-2.30348210238301));
#9207=CARTESIAN_POINT('Ctrl Pts',(36.904447978863,0.464186068995218,-2.24224178028255));
#9208=CARTESIAN_POINT('Origin',(-21.9979190913116,-175.451602064567,-17.));
#9209=CARTESIAN_POINT('',(435.002080908688,-175.451602064567,-7.411901481486));
#9210=CARTESIAN_POINT('',(-18.9979190913116,-175.451602064567,-7.411901481486));
#9211=CARTESIAN_POINT('',(-5.03559072563905,-175.451602064567,-7.411901481486));
#9212=CARTESIAN_POINT('',(-18.9979190913116,-175.451602064567,-17.));
#9213=CARTESIAN_POINT('',(-18.9979190913116,-175.451602064567,-17.));
#9214=CARTESIAN_POINT('',(435.002080908688,-175.451602064567,-17.));
#9215=CARTESIAN_POINT('',(-21.9979190913116,-175.451602064567,-17.));
#9216=CARTESIAN_POINT('',(435.002080908688,-175.451602064567,-17.));
#9217=CARTESIAN_POINT('Origin',(435.002080908688,-172.451602064567,-17.));
#9218=CARTESIAN_POINT('',(438.002080908688,-172.451602064567,-7.28091864971712));
#9219=CARTESIAN_POINT('Origin',(435.002080908688,-172.451602064567,-7.28091864971712));
#9220=CARTESIAN_POINT('',(438.002080908688,-172.451602064567,-17.));
#9221=CARTESIAN_POINT('Origin',(435.002080908688,-172.451602064567,-17.));
#9222=CARTESIAN_POINT('',(438.002080908688,-172.451602064567,-17.));
#9223=CARTESIAN_POINT('Origin',(438.002080908688,-175.451602064567,-17.));
#9224=CARTESIAN_POINT('',(438.002080908688,7.5827006914189,0.579548947121038));
#9225=CARTESIAN_POINT('',(438.002080908688,-94.9144196399797,-3.89557207593297));
#9226=CARTESIAN_POINT('',(438.002080908688,7.5827006914189,-17.));
#9227=CARTESIAN_POINT('',(438.002080908688,-175.451602064567,-17.));
#9228=CARTESIAN_POINT('',(438.002080908688,7.5827006914189,-17.));
#9229=CARTESIAN_POINT('Ctrl Pts',(37.2223422026851,0.508703600726123,-8.55157905520819));
#9230=CARTESIAN_POINT('Ctrl Pts',(37.1766420260189,0.486029967358036,-8.43007692891823));
#9231=CARTESIAN_POINT('Ctrl Pts',(37.0995288937379,0.429481225045774,-8.24498358474826));
#9232=CARTESIAN_POINT('Ctrl Pts',(37.0309985442361,0.31643058538555,-8.07998782154472));
#9233=CARTESIAN_POINT('Ctrl Pts',(37.0047629325519,0.224460380789211,-8.01510766726796));
#9234=CARTESIAN_POINT('Ctrl Pts',(37.0001199567685,0.175135166235951,-8.0017700420195));
#9235=CARTESIAN_POINT('Ctrl Pts',(37.0001199567685,0.150381022379362,-8.00030934744373));
#9236=CARTESIAN_POINT('Ctrl Pts',(37.1898430140467,0.492579490455636,-8.58585272998067));
#9237=CARTESIAN_POINT('Ctrl Pts',(37.138640286435,0.461981095446786,-8.47758605219651));
#9238=CARTESIAN_POINT('Ctrl Pts',(37.0579550344681,0.386116802380982,-8.31602673553324));
#9239=CARTESIAN_POINT('Ctrl Pts',(37.011569961445,0.269089616031635,-8.18723539304377));
#9240=CARTESIAN_POINT('Ctrl Pts',(37.0010940865234,0.196822187500811,-8.14143841063101));
#9241=CARTESIAN_POINT('Ctrl Pts',(36.9999027807969,0.163526176690869,-8.13227541899353));
#9242=CARTESIAN_POINT('Ctrl Pts',(37.0001199567685,0.146949251232165,-8.13116404880068));
#9243=CARTESIAN_POINT('Ctrl Pts',(37.1181562548168,0.473824615501731,-8.65439484010098));
#9244=CARTESIAN_POINT('Ctrl Pts',(37.050074718348,0.434912066055772,-8.57258011857467));
#9245=CARTESIAN_POINT('Ctrl Pts',(36.9450469733789,0.338039740393583,-8.4588015955675));
#9246=CARTESIAN_POINT('Ctrl Pts',(36.8954594213547,0.21377195213596,-8.40157889133921));
#9247=CARTESIAN_POINT('Ctrl Pts',(36.8905556418779,0.162563330518782,-8.39307393133886));
#9248=CARTESIAN_POINT('Ctrl Pts',(36.8913159147993,0.147412323533135,-8.39219675106557));
#9249=CARTESIAN_POINT('Ctrl Pts',(36.8917132253287,0.140114699810282,-8.39176801883799));
#9250=CARTESIAN_POINT('Ctrl Pts',(37.0394673986912,0.48370914540692,-8.71683775509834));
#9251=CARTESIAN_POINT('Ctrl Pts',(36.9482301270995,0.453029549838334,-8.65544975521625));
#9252=CARTESIAN_POINT('Ctrl Pts',(36.7973156790323,0.376973115088215,-8.56831525738832));
#9253=CARTESIAN_POINT('Ctrl Pts',(36.6782738459884,0.259611840372612,-8.51627123214317));
#9254=CARTESIAN_POINT('Ctrl Pts',(36.6375753754208,0.187179239043557,-8.50304220015227));
#9255=CARTESIAN_POINT('Ctrl Pts',(36.6308831163005,0.153851661905546,-8.50056787824237));
#9256=CARTESIAN_POINT('Ctrl Pts',(36.6310196495714,0.137272622193014,-8.50013748809717));
#9257=CARTESIAN_POINT('Ctrl Pts',(37.0001199637996,0.49559517266249,-8.74514624675919));
#9258=CARTESIAN_POINT('Ctrl Pts',(36.8972945691459,0.472921545029293,-8.69114530174155));
#9259=CARTESIAN_POINT('Ctrl Pts',(36.7237900286099,0.416372812393785,-8.60888159322144));
#9260=CARTESIAN_POINT('Ctrl Pts',(36.5695967564174,0.303322181333338,-8.53555014290879));
#9261=CARTESIAN_POINT('Ctrl Pts',(36.5105666416691,0.211351980029255,-8.50671451878576));
#9262=CARTESIAN_POINT('Ctrl Pts',(36.5001199523462,0.162026766058634,-8.500786685342));
#9263=CARTESIAN_POINT('Ctrl Pts',(36.5001199554526,0.137272622202046,-8.50013748775277));
#9264=CARTESIAN_POINT('',(36.5001199567685,0.137272622202044,-8.50013748775277));
#9265=CARTESIAN_POINT('Ctrl Pts',(37.0001187658343,0.49559490850332,-8.74514561762244));
#9266=CARTESIAN_POINT('Ctrl Pts',(36.8972937605816,0.472921281501121,-8.69114491837696));
#9267=CARTESIAN_POINT('Ctrl Pts',(36.7237897292056,0.416372592878086,-8.60888145083033));
#9268=CARTESIAN_POINT('Ctrl Pts',(36.5695967564174,0.303322181333338,-8.53555014290879));
#9269=CARTESIAN_POINT('Ctrl Pts',(36.5105666416691,0.211351980029255,-8.50671451878576));
#9270=CARTESIAN_POINT('Ctrl Pts',(36.5001199523462,0.162026766058634,-8.500786685342));
#9271=CARTESIAN_POINT('Ctrl Pts',(36.5001199554526,0.137272622202046,-8.50013748775277));
#9272=CARTESIAN_POINT('Origin',(36.5001199567685,0.150381022379364,-8.00030934744373));
#9273=CARTESIAN_POINT('Ctrl Pts',(37.0001199567685,0.150381022379362,-8.00030934744373));
#9274=CARTESIAN_POINT('Ctrl Pts',(37.0001199567685,0.175135166235951,-8.0017700420195));
#9275=CARTESIAN_POINT('Ctrl Pts',(37.0047629325519,0.224460380789211,-8.01510766726796));
#9276=CARTESIAN_POINT('Ctrl Pts',(37.0309985442361,0.31643058538555,-8.07998782154472));
#9277=CARTESIAN_POINT('Ctrl Pts',(37.0995282017317,0.429480083482239,-8.2449819186529));
#9278=CARTESIAN_POINT('Ctrl Pts',(37.1766401572053,0.486028596908627,-8.43007244323676));
#9279=CARTESIAN_POINT('Ctrl Pts',(37.2223394338551,0.508702226988515,-8.55157169379088));
#9280=CARTESIAN_POINT('Origin',(36.5001199567685,0.126785902060188,-8.9));
#9281=CARTESIAN_POINT('Origin',(36.5001199567685,0.126785902060188,-8.9));
#9282=CARTESIAN_POINT('Origin',(1.67673763838514,0.526789566333848,-8.5));
#9283=CARTESIAN_POINT('',(1.67673763838515,0.126789398004933,-8.5));
#9284=CARTESIAN_POINT('',(1.67673759822884,0.126789398004937,-8.5));
#9285=CARTESIAN_POINT('',(1.67673763838515,-9.47321060199507,-8.5));
#9286=CARTESIAN_POINT('',(1.67673763838515,0.526789566333849,-8.5));
#9287=CARTESIAN_POINT('',(12.9267376548534,-9.47321058346832,-8.5));
#9288=CARTESIAN_POINT('',(1.67673765485336,-9.47321060199507,-8.5));
#9289=CARTESIAN_POINT('',(7.30173764661925,-9.47320902840485,-8.5));
#9290=CARTESIAN_POINT('Ctrl Pts',(-4.02500000000004,-32.3017654436837,-14.));
#9291=CARTESIAN_POINT('Ctrl Pts',(-4.02500000000004,-28.2028123999437,-14.));
#9292=CARTESIAN_POINT('Ctrl Pts',(-8.12500000000004,-28.2028123999437,-14.));
#9293=CARTESIAN_POINT('Ctrl Pts',(-12.225,-28.2028123999437,-14.));
#9294=CARTESIAN_POINT('Ctrl Pts',(-12.225,-32.3017654436837,-14.));
#9295=CARTESIAN_POINT('Ctrl Pts',(-12.225,-36.4007184874237,-14.));
#9296=CARTESIAN_POINT('Ctrl Pts',(-8.12500000000004,-36.4007184874237,-14.));
#9297=CARTESIAN_POINT('Ctrl Pts',(-4.02500000000004,-36.4007184874237,-14.));
#9298=CARTESIAN_POINT('Ctrl Pts',(-4.02500000000004,-32.3017654436837,-14.));
#9299=CARTESIAN_POINT('Ctrl Pts',(-4.02500000000004,-32.3017654436837,-5.96758123901099));
#9300=CARTESIAN_POINT('Ctrl Pts',(-4.02500000000004,-28.2028123999437,-5.96758123901099));
#9301=CARTESIAN_POINT('Ctrl Pts',(-8.12500000000004,-28.2028123999437,-5.96758123901099));
#9302=CARTESIAN_POINT('Ctrl Pts',(-12.225,-28.2028123999437,-5.96758123901099));
#9303=CARTESIAN_POINT('Ctrl Pts',(-12.225,-32.3017654436837,-5.96758123901099));
#9304=CARTESIAN_POINT('Ctrl Pts',(-12.225,-36.4007184874237,-5.96758123901099));
#9305=CARTESIAN_POINT('Ctrl Pts',(-8.12500000000004,-36.4007184874237,-5.96758123901099));
#9306=CARTESIAN_POINT('Ctrl Pts',(-4.02500000000004,-36.4007184874237,-5.96758123901099));
#9307=CARTESIAN_POINT('Ctrl Pts',(-4.02500000000004,-32.3017654436837,-5.96758123901099));
#9308=CARTESIAN_POINT('',(-4.02500000000004,-32.3017654436837,-14.));
#9309=CARTESIAN_POINT('Ctrl Pts',(-4.02500000000004,-32.3017654436837,-6.17504683800239));
#9310=CARTESIAN_POINT('Ctrl Pts',(-4.02500000000004,-32.3017654436837,-14.));
#9311=CARTESIAN_POINT('Origin',(-8.12500000000004,-32.3017654436837,-14.));
#9312=CARTESIAN_POINT('Ctrl Pts',(-4.02500000000004,-160.929223972348,-14.));
#9313=CARTESIAN_POINT('Ctrl Pts',(-4.02500000000004,-156.830270928608,-14.));
#9314=CARTESIAN_POINT('Ctrl Pts',(-8.12500000000004,-156.830270928608,-14.));
#9315=CARTESIAN_POINT('Ctrl Pts',(-12.225,-156.830270928608,-14.));
#9316=CARTESIAN_POINT('Ctrl Pts',(-12.225,-160.929223972348,-14.));
#9317=CARTESIAN_POINT('Ctrl Pts',(-12.225,-165.028177016088,-14.));
#9318=CARTESIAN_POINT('Ctrl Pts',(-8.12500000000004,-165.028177016088,-14.));
#9319=CARTESIAN_POINT('Ctrl Pts',(-4.02500000000004,-165.028177016088,-14.));
#9320=CARTESIAN_POINT('Ctrl Pts',(-4.02500000000004,-160.929223972348,-14.));
#9321=CARTESIAN_POINT('Ctrl Pts',(-4.02500000000004,-160.929223972348,-11.5835773622992));
#9322=CARTESIAN_POINT('Ctrl Pts',(-4.02500000000004,-156.830270928608,-11.5835773622992));
#9323=CARTESIAN_POINT('Ctrl Pts',(-8.12500000000004,-156.830270928608,-11.5835773622992));
#9324=CARTESIAN_POINT('Ctrl Pts',(-12.225,-156.830270928608,-11.5835773622992));
#9325=CARTESIAN_POINT('Ctrl Pts',(-12.225,-160.929223972348,-11.5835773622992));
#9326=CARTESIAN_POINT('Ctrl Pts',(-12.225,-165.028177016088,-11.5835773622992));
#9327=CARTESIAN_POINT('Ctrl Pts',(-8.12500000000004,-165.028177016088,-11.5835773622992));
#9328=CARTESIAN_POINT('Ctrl Pts',(-4.02500000000004,-165.028177016088,-11.5835773622992));
#9329=CARTESIAN_POINT('Ctrl Pts',(-4.02500000000004,-160.929223972348,-11.5835773622992));
#9330=CARTESIAN_POINT('',(-4.02500000000004,-160.929223972348,-14.));
#9331=CARTESIAN_POINT('Ctrl Pts',(-4.02500000000004,-160.929223972348,-11.7910429612894));
#9332=CARTESIAN_POINT('Ctrl Pts',(-4.02500000000004,-160.929223972348,-14.));
#9333=CARTESIAN_POINT('Origin',(-8.12500000000004,-160.929223972348,-14.));
#9334=CARTESIAN_POINT('Ctrl Pts',(427.975,-160.929223972348,-14.));
#9335=CARTESIAN_POINT('Ctrl Pts',(427.975,-156.830270928608,-14.));
#9336=CARTESIAN_POINT('Ctrl Pts',(423.875,-156.830270928608,-14.));
#9337=CARTESIAN_POINT('Ctrl Pts',(419.775,-156.830270928608,-14.));
#9338=CARTESIAN_POINT('Ctrl Pts',(419.775,-160.929223972348,-14.));
#9339=CARTESIAN_POINT('Ctrl Pts',(419.775,-165.028177016088,-14.));
#9340=CARTESIAN_POINT('Ctrl Pts',(423.875,-165.028177016088,-14.));
#9341=CARTESIAN_POINT('Ctrl Pts',(427.975,-165.028177016088,-14.));
#9342=CARTESIAN_POINT('Ctrl Pts',(427.975,-160.929223972348,-14.));
#9343=CARTESIAN_POINT('Ctrl Pts',(427.975,-160.929223972348,-11.5835773622969));
#9344=CARTESIAN_POINT('Ctrl Pts',(427.975,-156.830270928608,-11.5835773622969));
#9345=CARTESIAN_POINT('Ctrl Pts',(423.875,-156.830270928608,-11.5835773622969));
#9346=CARTESIAN_POINT('Ctrl Pts',(419.775,-156.830270928608,-11.5835773622969));
#9347=CARTESIAN_POINT('Ctrl Pts',(419.775,-160.929223972348,-11.5835773622969));
#9348=CARTESIAN_POINT('Ctrl Pts',(419.775,-165.028177016088,-11.5835773622969));
#9349=CARTESIAN_POINT('Ctrl Pts',(423.875,-165.028177016088,-11.5835773622969));
#9350=CARTESIAN_POINT('Ctrl Pts',(427.975,-165.028177016088,-11.5835773622969));
#9351=CARTESIAN_POINT('Ctrl Pts',(427.975,-160.929223972348,-11.5835773622969));
#9352=CARTESIAN_POINT('',(427.975,-160.929223972348,-14.));
#9353=CARTESIAN_POINT('Ctrl Pts',(427.975,-160.929223972348,-11.7910429612894));
#9354=CARTESIAN_POINT('Ctrl Pts',(427.975,-160.929223972348,-14.));
#9355=CARTESIAN_POINT('Origin',(423.875,-160.929223972348,-14.));
#9356=CARTESIAN_POINT('Origin',(68.2000000000001,-16.2352453793361,-8.71646760291946));
#9357=CARTESIAN_POINT('',(56.8500000000001,-16.0045613729919,-14.));
#9358=CARTESIAN_POINT('',(52.0000000000001,-16.0045613729919,-14.));
#9359=CARTESIAN_POINT('',(138.101040454344,-16.004561372992,-14.));
#9360=CARTESIAN_POINT('',(56.8500000000001,-16.4969617035282,-2.72217827342831));
#9361=CARTESIAN_POINT('',(52.0000000000001,-16.4969617035282,-2.72217827342831));
#9362=CARTESIAN_POINT('Origin',(56.8500000000001,-16.4969617035282,-2.72217827342831));
#9363=CARTESIAN_POINT('',(56.8500000000001,-34.8224718540623,-14.));
#9364=CARTESIAN_POINT('',(56.8500000000001,-49.4657061950509,-14.));
#9365=CARTESIAN_POINT('',(56.8500000000001,-35.2790682692671,-3.54222275589662));
#9366=CARTESIAN_POINT('Origin',(68.2000000000001,-35.0173519450751,-9.53651208538777));
#9367=CARTESIAN_POINT('',(79.5500000000001,-34.8224718540624,-14.));
#9368=CARTESIAN_POINT('',(138.101040454344,-34.8224718540624,-14.));
#9369=CARTESIAN_POINT('',(79.5500000000001,-34.7556356208831,-15.5308014148789));
#9370=CARTESIAN_POINT('Origin',(79.5500000000001,-15.9735290551441,-14.7107569324106));
#9371=CARTESIAN_POINT('',(79.5500000000001,-16.0045613729919,-14.));
#9372=CARTESIAN_POINT('',(79.55,-49.2039898708589,-14.));
#9373=CARTESIAN_POINT('',(79.5500000000001,-15.9735290551441,-14.7107569324106));
#9374=CARTESIAN_POINT('Origin',(68.2000000000001,-16.2352453793361,-8.71646760291946));
#9375=CARTESIAN_POINT('',(84.4000000000001,-16.0045613729919,-14.));
#9376=CARTESIAN_POINT('',(138.101040454344,-16.004561372992,-14.));
#9377=CARTESIAN_POINT('',(84.4000000000001,-15.9735290551441,-14.7107569324106));
#9378=CARTESIAN_POINT('Origin',(84.4000000000001,-15.9735290551441,-14.7107569324106));
#9379=CARTESIAN_POINT('',(84.4000000000001,-13.301989123051,-14.));
#9380=CARTESIAN_POINT('',(84.4000000000001,-49.203989870859,-14.));
#9381=CARTESIAN_POINT('',(84.4000000000001,-13.2760988568731,-14.5929845865242));
#9382=CARTESIAN_POINT('Origin',(68.2000000000001,-13.5378151810651,-8.59869525703305));
#9383=CARTESIAN_POINT('',(79.4000000000001,-13.301989123051,-14.));
#9384=CARTESIAN_POINT('',(138.101040454344,-13.301989123051,-14.));
#9385=CARTESIAN_POINT('',(79.4000000000001,-13.2760988568731,-14.5929845865242));
#9386=CARTESIAN_POINT('Origin',(79.4000000000001,-13.2760988568731,-14.5929845865242));
#9387=CARTESIAN_POINT('',(79.4000000000001,-11.7004648267897,-14.));
#9388=CARTESIAN_POINT('',(79.4000000000001,-47.8552747717234,-14.));
#9389=CARTESIAN_POINT('',(79.4000000000001,-11.6776217023421,-14.5231935667397));
#9390=CARTESIAN_POINT('Origin',(68.2000000000001,-11.9393380265342,-8.52890423724852));
#9391=CARTESIAN_POINT('',(65.4515404849292,-11.7004648267897,-14.));
#9392=CARTESIAN_POINT('',(138.101040454344,-11.7004648267897,-14.));
#9393=CARTESIAN_POINT('Origin',(63.0000000000001,-11.9393380265342,-8.52890423724852));
#9394=CARTESIAN_POINT('Origin',(64.1113558615781,-6.04495351920119,-8.27154985179304));
#9395=CARTESIAN_POINT('',(61.2329957215468,-5.79484398432607,-14.));
#9396=CARTESIAN_POINT('',(64.7670042784534,-5.79484398432607,-14.));
#9397=CARTESIAN_POINT('',(136.056718385133,-5.7948439843261,-14.));
#9398=CARTESIAN_POINT('Origin',(63.0000000000001,-6.04495351920119,-8.27154985179304));
#9399=CARTESIAN_POINT('Origin',(63.0000000000001,-11.9393380265342,-8.52890423724852));
#9400=CARTESIAN_POINT('Origin',(63.,-137.24803266961,-14.));
#9401=CARTESIAN_POINT('',(60.5484595150709,-11.7004648267897,-14.));
#9402=CARTESIAN_POINT('Origin',(63.,-137.24803266961,-14.));
#9403=CARTESIAN_POINT('Origin',(63.0000000000001,-11.9393380265342,-8.52890423724852));
#9404=CARTESIAN_POINT('Origin',(68.2000000000001,-11.9393380265342,-8.52890423724852));
#9405=CARTESIAN_POINT('',(57.0000000000001,-11.7004648267897,-14.));
#9406=CARTESIAN_POINT('',(138.101040454344,-11.7004648267897,-14.));
#9407=CARTESIAN_POINT('',(57.0000000000001,-12.2010543507262,-2.53461490775737));
#9408=CARTESIAN_POINT('Origin',(57.0000000000001,-13.7995315052571,-2.60440592754191));
#9409=CARTESIAN_POINT('',(57.0000000000001,-13.301989123051,-14.));
#9410=CARTESIAN_POINT('',(57.0000000000001,-48.1169910959154,-14.));
#9411=CARTESIAN_POINT('',(57.0000000000001,-13.7995315052571,-2.60440592754191));
#9412=CARTESIAN_POINT('Origin',(68.2000000000001,-13.5378151810651,-8.59869525703305));
#9413=CARTESIAN_POINT('',(52.0000000000001,-13.301989123051,-14.));
#9414=CARTESIAN_POINT('',(138.101040454344,-13.301989123051,-14.));
#9415=CARTESIAN_POINT('',(52.0000000000001,-13.7995315052571,-2.6044059275419));
#9416=CARTESIAN_POINT('Origin',(52.0000000000001,-16.4969617035282,-2.72217827342831));
#9417=CARTESIAN_POINT('',(52.,-49.4657061950509,-14.));
#9418=CARTESIAN_POINT('Origin',(101.866666666667,-16.2352453793361,-8.71646760291946));
#9419=CARTESIAN_POINT('',(90.5166666666668,-16.0045613729919,-14.));
#9420=CARTESIAN_POINT('',(85.6666666666668,-16.0045613729919,-14.));
#9421=CARTESIAN_POINT('',(154.934373787678,-16.004561372992,-14.));
#9422=CARTESIAN_POINT('',(90.5166666666668,-16.4969617035282,-2.72217827342831));
#9423=CARTESIAN_POINT('',(85.6666666666668,-16.4969617035282,-2.72217827342831));
#9424=CARTESIAN_POINT('Origin',(90.5166666666668,-16.4969617035282,-2.72217827342831));
#9425=CARTESIAN_POINT('',(90.5166666666667,-34.8224718540623,-14.));
#9426=CARTESIAN_POINT('',(90.5166666666667,-49.465706195051,-14.));
#9427=CARTESIAN_POINT('',(90.5166666666667,-35.2790682692671,-3.54222275589662));
#9428=CARTESIAN_POINT('Origin',(101.866666666667,-35.0173519450751,-9.53651208538777));
#9429=CARTESIAN_POINT('',(113.216666666667,-34.8224718540624,-14.));
#9430=CARTESIAN_POINT('',(154.934373787678,-34.8224718540624,-14.));
#9431=CARTESIAN_POINT('',(113.216666666667,-34.7556356208831,-15.5308014148789));
#9432=CARTESIAN_POINT('Origin',(113.216666666667,-15.9735290551441,-14.7107569324106));
#9433=CARTESIAN_POINT('',(113.216666666667,-16.0045613729919,-14.));
#9434=CARTESIAN_POINT('',(113.216666666667,-49.203989870859,-14.));
#9435=CARTESIAN_POINT('',(113.216666666667,-15.9735290551441,-14.7107569324106));
#9436=CARTESIAN_POINT('Origin',(101.866666666667,-16.2352453793361,-8.71646760291946));
#9437=CARTESIAN_POINT('',(118.066666666667,-16.0045613729919,-14.));
#9438=CARTESIAN_POINT('',(154.934373787678,-16.004561372992,-14.));
#9439=CARTESIAN_POINT('',(118.066666666667,-15.9735290551441,-14.7107569324106));
#9440=CARTESIAN_POINT('Origin',(118.066666666667,-15.9735290551441,-14.7107569324106));
#9441=CARTESIAN_POINT('',(118.066666666667,-13.301989123051,-14.));
#9442=CARTESIAN_POINT('',(118.066666666667,-49.203989870859,-14.));
#9443=CARTESIAN_POINT('',(118.066666666667,-13.2760988568731,-14.5929845865242));
#9444=CARTESIAN_POINT('Origin',(101.866666666667,-13.5378151810651,-8.59869525703305));
#9445=CARTESIAN_POINT('',(113.066666666667,-13.301989123051,-14.));
#9446=CARTESIAN_POINT('',(154.934373787678,-13.301989123051,-14.));
#9447=CARTESIAN_POINT('',(113.066666666667,-13.2760988568731,-14.5929845865242));
#9448=CARTESIAN_POINT('Origin',(113.066666666667,-13.2760988568731,-14.5929845865242));
#9449=CARTESIAN_POINT('',(113.066666666667,-11.7004648267897,-14.));
#9450=CARTESIAN_POINT('',(113.066666666667,-47.8552747717234,-14.));
#9451=CARTESIAN_POINT('',(113.066666666667,-11.6776217023421,-14.5231935667397));
#9452=CARTESIAN_POINT('Origin',(101.866666666667,-11.9393380265342,-8.52890423724852));
#9453=CARTESIAN_POINT('',(99.1182071515959,-11.7004648267897,-14.));
#9454=CARTESIAN_POINT('',(154.934373787678,-11.7004648267897,-14.));
#9455=CARTESIAN_POINT('Origin',(96.6666666666667,-11.9393380265342,-8.52890423724852));
#9456=CARTESIAN_POINT('Origin',(97.7780225282447,-6.04495351920119,-8.27154985179304));
#9457=CARTESIAN_POINT('',(94.8996623882135,-5.79484398432607,-14.));
#9458=CARTESIAN_POINT('',(98.43367094512,-5.79484398432607,-14.));
#9459=CARTESIAN_POINT('',(152.890051718467,-5.79484398432609,-14.));
#9460=CARTESIAN_POINT('Origin',(96.6666666666667,-6.04495351920119,-8.27154985179304));
#9461=CARTESIAN_POINT('Origin',(96.6666666666667,-11.9393380265342,-8.52890423724852));
#9462=CARTESIAN_POINT('Origin',(96.6666666666667,-137.24803266961,-14.));
#9463=CARTESIAN_POINT('',(94.2151261817376,-11.7004648267897,-14.));
#9464=CARTESIAN_POINT('Origin',(96.6666666666667,-137.24803266961,-14.));
#9465=CARTESIAN_POINT('Origin',(96.6666666666667,-11.9393380265342,-8.52890423724852));
#9466=CARTESIAN_POINT('Origin',(101.866666666667,-11.9393380265342,-8.52890423724852));
#9467=CARTESIAN_POINT('',(90.6666666666668,-11.7004648267897,-14.));
#9468=CARTESIAN_POINT('',(154.934373787678,-11.7004648267897,-14.));
#9469=CARTESIAN_POINT('',(90.6666666666668,-12.2010543507262,-2.53461490775737));
#9470=CARTESIAN_POINT('Origin',(90.6666666666668,-13.7995315052571,-2.60440592754191));
#9471=CARTESIAN_POINT('',(90.6666666666668,-13.301989123051,-14.));
#9472=CARTESIAN_POINT('',(90.6666666666667,-48.1169910959154,-14.));
#9473=CARTESIAN_POINT('',(90.6666666666668,-13.7995315052571,-2.60440592754191));
#9474=CARTESIAN_POINT('Origin',(101.866666666667,-13.5378151810651,-8.59869525703305));
#9475=CARTESIAN_POINT('',(85.6666666666668,-13.301989123051,-14.));
#9476=CARTESIAN_POINT('',(154.934373787678,-13.301989123051,-14.));
#9477=CARTESIAN_POINT('',(85.6666666666668,-13.7995315052571,-2.6044059275419));
#9478=CARTESIAN_POINT('Origin',(85.6666666666668,-16.4969617035282,-2.72217827342831));
#9479=CARTESIAN_POINT('',(85.6666666666667,-49.465706195051,-14.));
#9480=CARTESIAN_POINT('Origin',(135.533333333333,-16.2352453793361,-8.71646760291946));
#9481=CARTESIAN_POINT('',(124.183333333333,-16.0045613729919,-14.));
#9482=CARTESIAN_POINT('',(119.333333333333,-16.0045613729919,-14.));
#9483=CARTESIAN_POINT('',(171.767707121011,-16.0045613729919,-14.));
#9484=CARTESIAN_POINT('',(124.183333333333,-16.4969617035282,-2.72217827342831));
#9485=CARTESIAN_POINT('',(119.333333333333,-16.4969617035282,-2.72217827342831));
#9486=CARTESIAN_POINT('Origin',(124.183333333333,-16.4969617035282,-2.72217827342831));
#9487=CARTESIAN_POINT('',(124.183333333333,-34.8224718540623,-14.));
#9488=CARTESIAN_POINT('',(124.183333333333,-49.465706195051,-14.));
#9489=CARTESIAN_POINT('',(124.183333333333,-35.2790682692671,-3.54222275589662));
#9490=CARTESIAN_POINT('Origin',(135.533333333333,-35.0173519450751,-9.53651208538777));
#9491=CARTESIAN_POINT('',(146.883333333333,-34.8224718540624,-14.));
#9492=CARTESIAN_POINT('',(171.767707121011,-34.8224718540624,-14.));
#9493=CARTESIAN_POINT('',(146.883333333333,-34.7556356208831,-15.5308014148789));
#9494=CARTESIAN_POINT('Origin',(146.883333333333,-15.9735290551441,-14.7107569324106));
#9495=CARTESIAN_POINT('',(146.883333333333,-16.0045613729919,-14.));
#9496=CARTESIAN_POINT('',(146.883333333333,-49.203989870859,-14.));
#9497=CARTESIAN_POINT('',(146.883333333333,-15.9735290551441,-14.7107569324106));
#9498=CARTESIAN_POINT('Origin',(135.533333333333,-16.2352453793361,-8.71646760291946));
#9499=CARTESIAN_POINT('',(151.733333333333,-16.0045613729919,-14.));
#9500=CARTESIAN_POINT('',(171.767707121011,-16.0045613729919,-14.));
#9501=CARTESIAN_POINT('',(151.733333333333,-15.9735290551441,-14.7107569324106));
#9502=CARTESIAN_POINT('Origin',(151.733333333333,-15.9735290551441,-14.7107569324106));
#9503=CARTESIAN_POINT('',(151.733333333333,-13.301989123051,-14.));
#9504=CARTESIAN_POINT('',(151.733333333333,-49.203989870859,-14.));
#9505=CARTESIAN_POINT('',(151.733333333333,-13.2760988568731,-14.5929845865242));
#9506=CARTESIAN_POINT('Origin',(135.533333333333,-13.5378151810651,-8.59869525703305));
#9507=CARTESIAN_POINT('',(146.733333333333,-13.301989123051,-14.));
#9508=CARTESIAN_POINT('',(171.767707121011,-13.301989123051,-14.));
#9509=CARTESIAN_POINT('',(146.733333333333,-13.2760988568731,-14.5929845865242));
#9510=CARTESIAN_POINT('Origin',(146.733333333333,-13.2760988568731,-14.5929845865242));
#9511=CARTESIAN_POINT('',(146.733333333333,-11.7004648267897,-14.));
#9512=CARTESIAN_POINT('',(146.733333333333,-47.8552747717235,-14.));
#9513=CARTESIAN_POINT('',(146.733333333333,-11.6776217023421,-14.5231935667397));
#9514=CARTESIAN_POINT('Origin',(135.533333333333,-11.9393380265342,-8.52890423724852));
#9515=CARTESIAN_POINT('',(132.784873818263,-11.7004648267897,-14.));
#9516=CARTESIAN_POINT('',(171.767707121011,-11.7004648267897,-14.));
#9517=CARTESIAN_POINT('Origin',(130.333333333333,-11.9393380265342,-8.52890423724852));
#9518=CARTESIAN_POINT('Origin',(131.444689194911,-6.04495351920119,-8.27154985179304));
#9519=CARTESIAN_POINT('',(128.56632905488,-5.79484398432607,-14.));
#9520=CARTESIAN_POINT('',(132.100337611787,-5.79484398432607,-14.));
#9521=CARTESIAN_POINT('',(169.7233850518,-5.79484398432609,-14.));
#9522=CARTESIAN_POINT('Origin',(130.333333333333,-6.04495351920119,-8.27154985179304));
#9523=CARTESIAN_POINT('Origin',(130.333333333333,-11.9393380265342,-8.52890423724852));
#9524=CARTESIAN_POINT('Origin',(130.333333333333,-137.24803266961,-14.));
#9525=CARTESIAN_POINT('',(127.881792848404,-11.7004648267897,-14.));
#9526=CARTESIAN_POINT('Origin',(130.333333333333,-137.24803266961,-14.));
#9527=CARTESIAN_POINT('Origin',(130.333333333333,-11.9393380265342,-8.52890423724852));
#9528=CARTESIAN_POINT('Origin',(135.533333333333,-11.9393380265342,-8.52890423724852));
#9529=CARTESIAN_POINT('',(124.333333333333,-11.7004648267897,-14.));
#9530=CARTESIAN_POINT('',(171.767707121011,-11.7004648267897,-14.));
#9531=CARTESIAN_POINT('',(124.333333333333,-12.2010543507262,-2.53461490775737));
#9532=CARTESIAN_POINT('Origin',(124.333333333333,-13.7995315052571,-2.60440592754191));
#9533=CARTESIAN_POINT('',(124.333333333333,-13.301989123051,-14.));
#9534=CARTESIAN_POINT('',(124.333333333333,-48.1169910959155,-14.));
#9535=CARTESIAN_POINT('',(124.333333333333,-13.7995315052571,-2.60440592754191));
#9536=CARTESIAN_POINT('Origin',(135.533333333333,-13.5378151810651,-8.59869525703305));
#9537=CARTESIAN_POINT('',(119.333333333333,-13.301989123051,-14.));
#9538=CARTESIAN_POINT('',(171.767707121011,-13.301989123051,-14.));
#9539=CARTESIAN_POINT('',(119.333333333333,-13.7995315052571,-2.6044059275419));
#9540=CARTESIAN_POINT('Origin',(119.333333333333,-16.4969617035282,-2.72217827342831));
#9541=CARTESIAN_POINT('',(119.333333333333,-49.465706195051,-14.));
#9542=CARTESIAN_POINT('Origin',(169.2,-16.2352453793361,-8.71646760291946));
#9543=CARTESIAN_POINT('',(157.85,-16.0045613729919,-14.));
#9544=CARTESIAN_POINT('',(153.,-16.0045613729919,-14.));
#9545=CARTESIAN_POINT('',(188.601040454344,-16.0045613729919,-14.));
#9546=CARTESIAN_POINT('',(157.85,-16.4969617035282,-2.72217827342831));
#9547=CARTESIAN_POINT('',(153.,-16.4969617035282,-2.72217827342831));
#9548=CARTESIAN_POINT('Origin',(157.85,-16.4969617035282,-2.72217827342831));
#9549=CARTESIAN_POINT('',(157.85,-34.8224718540623,-14.));
#9550=CARTESIAN_POINT('',(157.85,-49.465706195051,-14.));
#9551=CARTESIAN_POINT('',(157.85,-35.2790682692671,-3.54222275589662));
#9552=CARTESIAN_POINT('Origin',(169.2,-35.0173519450751,-9.53651208538777));
#9553=CARTESIAN_POINT('',(180.55,-34.8224718540624,-14.));
#9554=CARTESIAN_POINT('',(188.601040454344,-34.8224718540624,-14.));
#9555=CARTESIAN_POINT('',(180.55,-34.7556356208831,-15.5308014148789));
#9556=CARTESIAN_POINT('Origin',(180.55,-15.9735290551441,-14.7107569324106));
#9557=CARTESIAN_POINT('',(180.55,-16.0045613729919,-14.));
#9558=CARTESIAN_POINT('',(180.55,-49.203989870859,-14.));
#9559=CARTESIAN_POINT('',(180.55,-15.9735290551441,-14.7107569324106));
#9560=CARTESIAN_POINT('Origin',(169.2,-16.2352453793361,-8.71646760291946));
#9561=CARTESIAN_POINT('',(185.4,-16.0045613729919,-14.));
#9562=CARTESIAN_POINT('',(188.601040454344,-16.0045613729919,-14.));
#9563=CARTESIAN_POINT('',(185.4,-15.9735290551441,-14.7107569324106));
#9564=CARTESIAN_POINT('Origin',(185.4,-15.9735290551441,-14.7107569324106));
#9565=CARTESIAN_POINT('',(185.4,-13.301989123051,-14.));
#9566=CARTESIAN_POINT('',(185.4,-49.203989870859,-14.));
#9567=CARTESIAN_POINT('',(185.4,-13.2760988568731,-14.5929845865242));
#9568=CARTESIAN_POINT('Origin',(169.2,-13.5378151810651,-8.59869525703305));
#9569=CARTESIAN_POINT('',(180.4,-13.301989123051,-14.));
#9570=CARTESIAN_POINT('',(188.601040454344,-13.301989123051,-14.));
#9571=CARTESIAN_POINT('',(180.4,-13.2760988568731,-14.5929845865242));
#9572=CARTESIAN_POINT('Origin',(180.4,-13.2760988568731,-14.5929845865242));
#9573=CARTESIAN_POINT('',(180.4,-11.7004648267897,-14.));
#9574=CARTESIAN_POINT('',(180.4,-47.8552747717235,-14.));
#9575=CARTESIAN_POINT('',(180.4,-11.6776217023421,-14.5231935667397));
#9576=CARTESIAN_POINT('Origin',(169.2,-11.9393380265342,-8.52890423724852));
#9577=CARTESIAN_POINT('',(166.451540484929,-11.7004648267897,-14.));
#9578=CARTESIAN_POINT('',(188.601040454344,-11.7004648267897,-14.));
#9579=CARTESIAN_POINT('Origin',(164.,-11.9393380265342,-8.52890423724852));
#9580=CARTESIAN_POINT('Origin',(165.111355861578,-6.04495351920119,-8.27154985179304));
#9581=CARTESIAN_POINT('',(162.232995721547,-5.79484398432607,-14.));
#9582=CARTESIAN_POINT('',(165.767004278453,-5.79484398432607,-14.));
#9583=CARTESIAN_POINT('',(186.556718385133,-5.79484398432608,-14.));
#9584=CARTESIAN_POINT('Origin',(164.,-6.04495351920119,-8.27154985179304));
#9585=CARTESIAN_POINT('Origin',(164.,-11.9393380265342,-8.52890423724852));
#9586=CARTESIAN_POINT('Origin',(164.,-137.24803266961,-14.));
#9587=CARTESIAN_POINT('',(161.548459515071,-11.7004648267897,-14.));
#9588=CARTESIAN_POINT('Origin',(164.,-137.24803266961,-14.));
#9589=CARTESIAN_POINT('Origin',(164.,-11.9393380265342,-8.52890423724852));
#9590=CARTESIAN_POINT('Origin',(169.2,-11.9393380265342,-8.52890423724852));
#9591=CARTESIAN_POINT('',(158.,-11.7004648267897,-14.));
#9592=CARTESIAN_POINT('',(188.601040454344,-11.7004648267897,-14.));
#9593=CARTESIAN_POINT('',(158.,-12.2010543507262,-2.53461490775737));
#9594=CARTESIAN_POINT('Origin',(158.,-13.7995315052571,-2.60440592754191));
#9595=CARTESIAN_POINT('',(158.,-13.301989123051,-14.));
#9596=CARTESIAN_POINT('',(158.,-48.1169910959155,-14.));
#9597=CARTESIAN_POINT('',(158.,-13.7995315052571,-2.60440592754191));
#9598=CARTESIAN_POINT('Origin',(169.2,-13.5378151810651,-8.59869525703305));
#9599=CARTESIAN_POINT('',(153.,-13.301989123051,-14.));
#9600=CARTESIAN_POINT('',(188.601040454344,-13.301989123051,-14.));
#9601=CARTESIAN_POINT('',(153.,-13.7995315052571,-2.6044059275419));
#9602=CARTESIAN_POINT('Origin',(153.,-16.4969617035282,-2.72217827342831));
#9603=CARTESIAN_POINT('',(153.,-49.465706195051,-14.));
#9604=CARTESIAN_POINT('Origin',(202.866666666667,-16.2352453793361,-8.71646760291946));
#9605=CARTESIAN_POINT('',(191.516666666667,-16.0045613729919,-14.));
#9606=CARTESIAN_POINT('',(186.666666666667,-16.0045613729919,-14.));
#9607=CARTESIAN_POINT('',(205.434373787678,-16.0045613729919,-14.));
#9608=CARTESIAN_POINT('',(191.516666666667,-16.4969617035282,-2.72217827342831));
#9609=CARTESIAN_POINT('',(186.666666666667,-16.4969617035282,-2.72217827342831));
#9610=CARTESIAN_POINT('Origin',(191.516666666667,-16.4969617035282,-2.72217827342831));
#9611=CARTESIAN_POINT('',(191.516666666667,-34.8224718540623,-14.));
#9612=CARTESIAN_POINT('',(191.516666666667,-49.465706195051,-14.));
#9613=CARTESIAN_POINT('',(191.516666666667,-35.2790682692671,-3.54222275589662));
#9614=CARTESIAN_POINT('Origin',(202.866666666667,-35.0173519450751,-9.53651208538777));
#9615=CARTESIAN_POINT('',(214.216666666667,-34.8224718540624,-14.));
#9616=CARTESIAN_POINT('',(205.434373787678,-34.8224718540623,-14.));
#9617=CARTESIAN_POINT('',(214.216666666667,-34.7556356208831,-15.5308014148789));
#9618=CARTESIAN_POINT('Origin',(214.216666666667,-15.9735290551441,-14.7107569324106));
#9619=CARTESIAN_POINT('',(214.216666666667,-16.0045613729919,-14.));
#9620=CARTESIAN_POINT('',(214.216666666667,-49.203989870859,-14.));
#9621=CARTESIAN_POINT('',(214.216666666667,-15.9735290551441,-14.7107569324106));
#9622=CARTESIAN_POINT('Origin',(202.866666666667,-16.2352453793361,-8.71646760291946));
#9623=CARTESIAN_POINT('',(219.066666666667,-16.0045613729919,-14.));
#9624=CARTESIAN_POINT('',(205.434373787678,-16.0045613729919,-14.));
#9625=CARTESIAN_POINT('',(219.066666666667,-15.9735290551441,-14.7107569324106));
#9626=CARTESIAN_POINT('Origin',(219.066666666667,-15.9735290551441,-14.7107569324106));
#9627=CARTESIAN_POINT('',(219.066666666667,-13.301989123051,-14.));
#9628=CARTESIAN_POINT('',(219.066666666667,-49.203989870859,-14.));
#9629=CARTESIAN_POINT('',(219.066666666667,-13.2760988568731,-14.5929845865242));
#9630=CARTESIAN_POINT('Origin',(202.866666666667,-13.5378151810651,-8.59869525703305));
#9631=CARTESIAN_POINT('',(214.066666666667,-13.301989123051,-14.));
#9632=CARTESIAN_POINT('',(205.434373787678,-13.301989123051,-14.));
#9633=CARTESIAN_POINT('',(214.066666666667,-13.2760988568731,-14.5929845865242));
#9634=CARTESIAN_POINT('Origin',(214.066666666667,-13.2760988568731,-14.5929845865242));
#9635=CARTESIAN_POINT('',(214.066666666667,-11.7004648267897,-14.));
#9636=CARTESIAN_POINT('',(214.066666666667,-47.8552747717235,-14.));
#9637=CARTESIAN_POINT('',(214.066666666667,-11.6776217023421,-14.5231935667397));
#9638=CARTESIAN_POINT('Origin',(202.866666666667,-11.9393380265342,-8.52890423724852));
#9639=CARTESIAN_POINT('',(200.118207151596,-11.7004648267897,-14.));
#9640=CARTESIAN_POINT('',(205.434373787678,-11.7004648267897,-14.));
#9641=CARTESIAN_POINT('Origin',(197.666666666667,-11.9393380265342,-8.52890423724852));
#9642=CARTESIAN_POINT('Origin',(198.778022528245,-6.04495351920119,-8.27154985179304));
#9643=CARTESIAN_POINT('',(195.899662388213,-5.79484398432607,-14.));
#9644=CARTESIAN_POINT('',(199.43367094512,-5.79484398432607,-14.));
#9645=CARTESIAN_POINT('',(203.390051718467,-5.79484398432607,-14.));
#9646=CARTESIAN_POINT('Origin',(197.666666666667,-6.04495351920119,-8.27154985179304));
#9647=CARTESIAN_POINT('Origin',(197.666666666667,-11.9393380265342,-8.52890423724852));
#9648=CARTESIAN_POINT('Origin',(197.666666666667,-137.24803266961,-14.));
#9649=CARTESIAN_POINT('',(195.215126181738,-11.7004648267897,-14.));
#9650=CARTESIAN_POINT('Origin',(197.666666666667,-137.24803266961,-14.));
#9651=CARTESIAN_POINT('Origin',(197.666666666667,-11.9393380265342,-8.52890423724852));
#9652=CARTESIAN_POINT('Origin',(202.866666666667,-11.9393380265342,-8.52890423724852));
#9653=CARTESIAN_POINT('',(191.666666666667,-11.7004648267897,-14.));
#9654=CARTESIAN_POINT('',(205.434373787678,-11.7004648267897,-14.));
#9655=CARTESIAN_POINT('',(191.666666666667,-12.2010543507262,-2.53461490775737));
#9656=CARTESIAN_POINT('Origin',(191.666666666667,-13.7995315052571,-2.60440592754191));
#9657=CARTESIAN_POINT('',(191.666666666667,-13.301989123051,-14.));
#9658=CARTESIAN_POINT('',(191.666666666667,-48.1169910959155,-14.));
#9659=CARTESIAN_POINT('',(191.666666666667,-13.7995315052571,-2.60440592754191));
#9660=CARTESIAN_POINT('Origin',(202.866666666667,-13.5378151810651,-8.59869525703305));
#9661=CARTESIAN_POINT('',(186.666666666667,-13.301989123051,-14.));
#9662=CARTESIAN_POINT('',(205.434373787678,-13.301989123051,-14.));
#9663=CARTESIAN_POINT('',(186.666666666667,-13.7995315052571,-2.6044059275419));
#9664=CARTESIAN_POINT('Origin',(186.666666666667,-16.4969617035282,-2.72217827342831));
#9665=CARTESIAN_POINT('',(186.666666666667,-49.465706195051,-14.));
#9666=CARTESIAN_POINT('Origin',(236.533333333333,-16.2352453793361,-8.71646760291946));
#9667=CARTESIAN_POINT('',(225.183333333333,-16.0045613729919,-14.));
#9668=CARTESIAN_POINT('',(220.333333333333,-16.0045613729919,-14.));
#9669=CARTESIAN_POINT('',(222.267707121011,-16.0045613729919,-14.));
#9670=CARTESIAN_POINT('',(225.183333333333,-16.4969617035282,-2.72217827342831));
#9671=CARTESIAN_POINT('',(220.333333333333,-16.4969617035282,-2.72217827342831));
#9672=CARTESIAN_POINT('Origin',(225.183333333333,-16.4969617035282,-2.72217827342831));
#9673=CARTESIAN_POINT('',(225.183333333333,-34.8224718540623,-14.));
#9674=CARTESIAN_POINT('',(225.183333333333,-49.465706195051,-14.));
#9675=CARTESIAN_POINT('',(225.183333333333,-35.2790682692671,-3.54222275589662));
#9676=CARTESIAN_POINT('Origin',(236.533333333333,-35.0173519450751,-9.53651208538777));
#9677=CARTESIAN_POINT('',(247.883333333333,-34.8224718540624,-14.));
#9678=CARTESIAN_POINT('',(222.267707121011,-34.8224718540623,-14.));
#9679=CARTESIAN_POINT('',(247.883333333333,-34.7556356208831,-15.5308014148789));
#9680=CARTESIAN_POINT('Origin',(247.883333333333,-15.9735290551441,-14.7107569324106));
#9681=CARTESIAN_POINT('',(247.883333333333,-16.0045613729919,-14.));
#9682=CARTESIAN_POINT('',(247.883333333333,-49.203989870859,-14.));
#9683=CARTESIAN_POINT('',(247.883333333333,-15.9735290551441,-14.7107569324106));
#9684=CARTESIAN_POINT('Origin',(236.533333333333,-16.2352453793361,-8.71646760291946));
#9685=CARTESIAN_POINT('',(252.733333333333,-16.0045613729919,-14.));
#9686=CARTESIAN_POINT('',(222.267707121011,-16.0045613729919,-14.));
#9687=CARTESIAN_POINT('',(252.733333333333,-15.9735290551441,-14.7107569324106));
#9688=CARTESIAN_POINT('Origin',(252.733333333333,-15.9735290551441,-14.7107569324106));
#9689=CARTESIAN_POINT('',(252.733333333333,-13.301989123051,-14.));
#9690=CARTESIAN_POINT('',(252.733333333333,-49.203989870859,-14.));
#9691=CARTESIAN_POINT('',(252.733333333333,-13.2760988568731,-14.5929845865242));
#9692=CARTESIAN_POINT('Origin',(236.533333333333,-13.5378151810651,-8.59869525703305));
#9693=CARTESIAN_POINT('',(247.733333333333,-13.301989123051,-14.));
#9694=CARTESIAN_POINT('',(222.267707121011,-13.301989123051,-14.));
#9695=CARTESIAN_POINT('',(247.733333333333,-13.2760988568731,-14.5929845865242));
#9696=CARTESIAN_POINT('Origin',(247.733333333333,-13.2760988568731,-14.5929845865242));
#9697=CARTESIAN_POINT('',(247.733333333333,-11.7004648267897,-14.));
#9698=CARTESIAN_POINT('',(247.733333333333,-47.8552747717235,-14.));
#9699=CARTESIAN_POINT('',(247.733333333333,-11.6776217023421,-14.5231935667397));
#9700=CARTESIAN_POINT('Origin',(236.533333333333,-11.9393380265342,-8.52890423724852));
#9701=CARTESIAN_POINT('',(233.784873818263,-11.7004648267897,-14.));
#9702=CARTESIAN_POINT('',(222.267707121011,-11.7004648267897,-14.));
#9703=CARTESIAN_POINT('Origin',(231.333333333333,-11.9393380265342,-8.52890423724852));
#9704=CARTESIAN_POINT('Origin',(232.444689194911,-6.04495351920119,-8.27154985179304));
#9705=CARTESIAN_POINT('',(229.56632905488,-5.79484398432607,-14.));
#9706=CARTESIAN_POINT('',(233.100337611787,-5.79484398432607,-14.));
#9707=CARTESIAN_POINT('',(220.2233850518,-5.79484398432607,-14.));
#9708=CARTESIAN_POINT('Origin',(231.333333333333,-6.04495351920119,-8.27154985179304));
#9709=CARTESIAN_POINT('Origin',(231.333333333333,-11.9393380265342,-8.52890423724852));
#9710=CARTESIAN_POINT('Origin',(231.333333333333,-137.24803266961,-14.));
#9711=CARTESIAN_POINT('',(228.881792848404,-11.7004648267897,-14.));
#9712=CARTESIAN_POINT('Origin',(231.333333333333,-137.24803266961,-14.));
#9713=CARTESIAN_POINT('Origin',(231.333333333333,-11.9393380265342,-8.52890423724852));
#9714=CARTESIAN_POINT('Origin',(236.533333333333,-11.9393380265342,-8.52890423724852));
#9715=CARTESIAN_POINT('',(225.333333333333,-11.7004648267897,-14.));
#9716=CARTESIAN_POINT('',(222.267707121011,-11.7004648267897,-14.));
#9717=CARTESIAN_POINT('',(225.333333333333,-12.2010543507262,-2.53461490775737));
#9718=CARTESIAN_POINT('Origin',(225.333333333333,-13.7995315052571,-2.60440592754191));
#9719=CARTESIAN_POINT('',(225.333333333333,-13.301989123051,-14.));
#9720=CARTESIAN_POINT('',(225.333333333333,-48.1169910959155,-14.));
#9721=CARTESIAN_POINT('',(225.333333333333,-13.7995315052571,-2.60440592754191));
#9722=CARTESIAN_POINT('Origin',(236.533333333333,-13.5378151810651,-8.59869525703305));
#9723=CARTESIAN_POINT('',(220.333333333333,-13.301989123051,-14.));
#9724=CARTESIAN_POINT('',(222.267707121011,-13.301989123051,-14.));
#9725=CARTESIAN_POINT('',(220.333333333333,-13.7995315052571,-2.6044059275419));
#9726=CARTESIAN_POINT('Origin',(220.333333333333,-16.4969617035282,-2.72217827342831));
#9727=CARTESIAN_POINT('',(220.333333333333,-49.465706195051,-14.));
#9728=CARTESIAN_POINT('Origin',(270.2,-16.2352453793361,-8.71646760291946));
#9729=CARTESIAN_POINT('',(258.85,-16.0045613729919,-14.));
#9730=CARTESIAN_POINT('',(254.,-16.0045613729919,-14.));
#9731=CARTESIAN_POINT('',(239.101040454344,-16.0045613729919,-14.));
#9732=CARTESIAN_POINT('',(258.85,-16.4969617035282,-2.72217827342831));
#9733=CARTESIAN_POINT('',(254.,-16.4969617035282,-2.72217827342831));
#9734=CARTESIAN_POINT('Origin',(258.85,-16.4969617035282,-2.72217827342831));
#9735=CARTESIAN_POINT('',(258.85,-34.8224718540623,-14.));
#9736=CARTESIAN_POINT('',(258.85,-49.465706195051,-14.));
#9737=CARTESIAN_POINT('',(258.85,-35.2790682692671,-3.54222275589662));
#9738=CARTESIAN_POINT('Origin',(270.2,-35.0173519450751,-9.53651208538777));
#9739=CARTESIAN_POINT('',(281.55,-34.8224718540624,-14.));
#9740=CARTESIAN_POINT('',(239.101040454344,-34.8224718540623,-14.));
#9741=CARTESIAN_POINT('',(281.55,-34.7556356208831,-15.5308014148789));
#9742=CARTESIAN_POINT('Origin',(281.55,-15.9735290551441,-14.7107569324106));
#9743=CARTESIAN_POINT('',(281.55,-16.0045613729919,-14.));
#9744=CARTESIAN_POINT('',(281.55,-49.203989870859,-14.));
#9745=CARTESIAN_POINT('',(281.55,-15.9735290551441,-14.7107569324106));
#9746=CARTESIAN_POINT('Origin',(270.2,-16.2352453793361,-8.71646760291946));
#9747=CARTESIAN_POINT('',(286.4,-16.0045613729919,-14.));
#9748=CARTESIAN_POINT('',(239.101040454344,-16.0045613729919,-14.));
#9749=CARTESIAN_POINT('',(286.4,-15.9735290551441,-14.7107569324106));
#9750=CARTESIAN_POINT('Origin',(286.4,-15.9735290551441,-14.7107569324106));
#9751=CARTESIAN_POINT('',(286.4,-13.301989123051,-14.));
#9752=CARTESIAN_POINT('',(286.4,-49.203989870859,-14.));
#9753=CARTESIAN_POINT('',(286.4,-13.2760988568731,-14.5929845865242));
#9754=CARTESIAN_POINT('Origin',(270.2,-13.5378151810651,-8.59869525703305));
#9755=CARTESIAN_POINT('',(281.4,-13.301989123051,-14.));
#9756=CARTESIAN_POINT('',(239.101040454344,-13.301989123051,-14.));
#9757=CARTESIAN_POINT('',(281.4,-13.2760988568731,-14.5929845865242));
#9758=CARTESIAN_POINT('Origin',(281.4,-13.2760988568731,-14.5929845865242));
#9759=CARTESIAN_POINT('',(281.4,-11.7004648267897,-14.));
#9760=CARTESIAN_POINT('',(281.4,-47.8552747717235,-14.));
#9761=CARTESIAN_POINT('',(281.4,-11.6776217023421,-14.5231935667397));
#9762=CARTESIAN_POINT('Origin',(270.2,-11.9393380265342,-8.52890423724852));
#9763=CARTESIAN_POINT('',(267.451540484929,-11.7004648267897,-14.));
#9764=CARTESIAN_POINT('',(239.101040454344,-11.7004648267896,-14.));
#9765=CARTESIAN_POINT('Origin',(265.,-11.9393380265342,-8.52890423724852));
#9766=CARTESIAN_POINT('Origin',(266.111355861578,-6.04495351920119,-8.27154985179304));
#9767=CARTESIAN_POINT('',(263.232995721547,-5.79484398432607,-14.));
#9768=CARTESIAN_POINT('',(266.767004278453,-5.79484398432607,-14.));
#9769=CARTESIAN_POINT('',(237.056718385133,-5.79484398432606,-14.));
#9770=CARTESIAN_POINT('Origin',(265.,-6.04495351920119,-8.27154985179304));
#9771=CARTESIAN_POINT('Origin',(265.,-11.9393380265342,-8.52890423724852));
#9772=CARTESIAN_POINT('Origin',(265.,-137.24803266961,-14.));
#9773=CARTESIAN_POINT('',(262.548459515071,-11.7004648267897,-14.));
#9774=CARTESIAN_POINT('Origin',(265.,-137.24803266961,-14.));
#9775=CARTESIAN_POINT('Origin',(265.,-11.9393380265342,-8.52890423724852));
#9776=CARTESIAN_POINT('Origin',(270.2,-11.9393380265342,-8.52890423724852));
#9777=CARTESIAN_POINT('',(259.,-11.7004648267897,-14.));
#9778=CARTESIAN_POINT('',(239.101040454344,-11.7004648267896,-14.));
#9779=CARTESIAN_POINT('',(259.,-12.2010543507262,-2.53461490775737));
#9780=CARTESIAN_POINT('Origin',(259.,-13.7995315052571,-2.60440592754191));
#9781=CARTESIAN_POINT('',(259.,-13.301989123051,-14.));
#9782=CARTESIAN_POINT('',(259.,-48.1169910959155,-14.));
#9783=CARTESIAN_POINT('',(259.,-13.7995315052571,-2.60440592754191));
#9784=CARTESIAN_POINT('Origin',(270.2,-13.5378151810651,-8.59869525703305));
#9785=CARTESIAN_POINT('',(254.,-13.301989123051,-14.));
#9786=CARTESIAN_POINT('',(239.101040454344,-13.301989123051,-14.));
#9787=CARTESIAN_POINT('',(254.,-13.7995315052571,-2.6044059275419));
#9788=CARTESIAN_POINT('Origin',(254.,-16.4969617035282,-2.72217827342831));
#9789=CARTESIAN_POINT('',(254.,-49.465706195051,-14.));
#9790=CARTESIAN_POINT('Origin',(303.866666666667,-16.2352453793361,-8.71646760291946));
#9791=CARTESIAN_POINT('',(292.516666666667,-16.0045613729919,-14.));
#9792=CARTESIAN_POINT('',(287.666666666667,-16.0045613729919,-14.));
#9793=CARTESIAN_POINT('',(255.934373787678,-16.0045613729919,-14.));
#9794=CARTESIAN_POINT('',(292.516666666667,-16.4969617035282,-2.72217827342831));
#9795=CARTESIAN_POINT('',(287.666666666667,-16.4969617035282,-2.72217827342831));
#9796=CARTESIAN_POINT('Origin',(292.516666666667,-16.4969617035282,-2.72217827342831));
#9797=CARTESIAN_POINT('',(292.516666666667,-34.8224718540623,-14.));
#9798=CARTESIAN_POINT('',(292.516666666667,-49.465706195051,-14.));
#9799=CARTESIAN_POINT('',(292.516666666667,-35.2790682692671,-3.54222275589662));
#9800=CARTESIAN_POINT('Origin',(303.866666666667,-35.0173519450751,-9.53651208538777));
#9801=CARTESIAN_POINT('',(315.216666666667,-34.8224718540624,-14.));
#9802=CARTESIAN_POINT('',(255.934373787678,-34.8224718540623,-14.));
#9803=CARTESIAN_POINT('',(315.216666666667,-34.7556356208831,-15.5308014148789));
#9804=CARTESIAN_POINT('Origin',(315.216666666667,-15.9735290551441,-14.7107569324106));
#9805=CARTESIAN_POINT('',(315.216666666667,-16.0045613729919,-14.));
#9806=CARTESIAN_POINT('',(315.216666666667,-49.203989870859,-14.));
#9807=CARTESIAN_POINT('',(315.216666666667,-15.9735290551441,-14.7107569324106));
#9808=CARTESIAN_POINT('Origin',(303.866666666667,-16.2352453793361,-8.71646760291946));
#9809=CARTESIAN_POINT('',(320.066666666667,-16.0045613729919,-14.));
#9810=CARTESIAN_POINT('',(255.934373787678,-16.0045613729919,-14.));
#9811=CARTESIAN_POINT('',(320.066666666667,-15.9735290551441,-14.7107569324106));
#9812=CARTESIAN_POINT('Origin',(320.066666666667,-15.9735290551441,-14.7107569324106));
#9813=CARTESIAN_POINT('',(320.066666666667,-13.301989123051,-14.));
#9814=CARTESIAN_POINT('',(320.066666666667,-49.203989870859,-14.));
#9815=CARTESIAN_POINT('',(320.066666666667,-13.2760988568731,-14.5929845865242));
#9816=CARTESIAN_POINT('Origin',(303.866666666667,-13.5378151810651,-8.59869525703305));
#9817=CARTESIAN_POINT('',(315.066666666667,-13.301989123051,-14.));
#9818=CARTESIAN_POINT('',(255.934373787678,-13.3019891230509,-14.));
#9819=CARTESIAN_POINT('',(315.066666666667,-13.2760988568731,-14.5929845865242));
#9820=CARTESIAN_POINT('Origin',(315.066666666667,-13.2760988568731,-14.5929845865242));
#9821=CARTESIAN_POINT('',(315.066666666667,-11.7004648267897,-14.));
#9822=CARTESIAN_POINT('',(315.066666666667,-47.8552747717235,-14.));
#9823=CARTESIAN_POINT('',(315.066666666667,-11.6776217023421,-14.5231935667397));
#9824=CARTESIAN_POINT('Origin',(303.866666666667,-11.9393380265342,-8.52890423724852));
#9825=CARTESIAN_POINT('',(301.118207151596,-11.7004648267897,-14.));
#9826=CARTESIAN_POINT('',(255.934373787678,-11.7004648267896,-14.));
#9827=CARTESIAN_POINT('Origin',(298.666666666667,-11.9393380265342,-8.52890423724852));
#9828=CARTESIAN_POINT('Origin',(299.778022528245,-6.04495351920119,-8.27154985179304));
#9829=CARTESIAN_POINT('',(296.899662388213,-5.79484398432607,-14.));
#9830=CARTESIAN_POINT('',(300.43367094512,-5.79484398432607,-14.));
#9831=CARTESIAN_POINT('',(253.890051718467,-5.79484398432605,-14.));
#9832=CARTESIAN_POINT('Origin',(298.666666666667,-6.04495351920119,-8.27154985179304));
#9833=CARTESIAN_POINT('Origin',(298.666666666667,-11.9393380265342,-8.52890423724852));
#9834=CARTESIAN_POINT('Origin',(298.666666666667,-137.24803266961,-14.));
#9835=CARTESIAN_POINT('',(296.215126181738,-11.7004648267897,-14.));
#9836=CARTESIAN_POINT('Origin',(298.666666666667,-137.24803266961,-14.));
#9837=CARTESIAN_POINT('Origin',(298.666666666667,-11.9393380265342,-8.52890423724852));
#9838=CARTESIAN_POINT('Origin',(303.866666666667,-11.9393380265342,-8.52890423724852));
#9839=CARTESIAN_POINT('',(292.666666666667,-11.7004648267897,-14.));
#9840=CARTESIAN_POINT('',(255.934373787678,-11.7004648267896,-14.));
#9841=CARTESIAN_POINT('',(292.666666666667,-12.2010543507262,-2.53461490775737));
#9842=CARTESIAN_POINT('Origin',(292.666666666667,-13.7995315052571,-2.60440592754191));
#9843=CARTESIAN_POINT('',(292.666666666667,-13.301989123051,-14.));
#9844=CARTESIAN_POINT('',(292.666666666667,-48.1169910959155,-14.));
#9845=CARTESIAN_POINT('',(292.666666666667,-13.7995315052571,-2.60440592754191));
#9846=CARTESIAN_POINT('Origin',(303.866666666667,-13.5378151810651,-8.59869525703305));
#9847=CARTESIAN_POINT('',(287.666666666667,-13.301989123051,-14.));
#9848=CARTESIAN_POINT('',(255.934373787678,-13.3019891230509,-14.));
#9849=CARTESIAN_POINT('',(287.666666666667,-13.7995315052571,-2.6044059275419));
#9850=CARTESIAN_POINT('Origin',(287.666666666667,-16.4969617035282,-2.72217827342831));
#9851=CARTESIAN_POINT('',(287.666666666667,-49.465706195051,-14.));
#9852=CARTESIAN_POINT('Origin',(337.533333333333,-16.2352453793361,-8.71646760291946));
#9853=CARTESIAN_POINT('',(326.183333333333,-16.0045613729919,-14.));
#9854=CARTESIAN_POINT('',(321.333333333333,-16.0045613729919,-14.));
#9855=CARTESIAN_POINT('',(272.767707121011,-16.0045613729919,-14.));
#9856=CARTESIAN_POINT('',(326.183333333333,-16.4969617035282,-2.72217827342831));
#9857=CARTESIAN_POINT('',(321.333333333333,-16.4969617035282,-2.72217827342831));
#9858=CARTESIAN_POINT('Origin',(326.183333333333,-16.4969617035282,-2.72217827342831));
#9859=CARTESIAN_POINT('',(326.183333333333,-34.8224718540623,-14.));
#9860=CARTESIAN_POINT('',(326.183333333333,-49.465706195051,-14.));
#9861=CARTESIAN_POINT('',(326.183333333333,-35.2790682692671,-3.54222275589662));
#9862=CARTESIAN_POINT('Origin',(337.533333333333,-35.0173519450751,-9.53651208538777));
#9863=CARTESIAN_POINT('',(348.883333333333,-34.8224718540624,-14.));
#9864=CARTESIAN_POINT('',(272.767707121011,-34.8224718540623,-14.));
#9865=CARTESIAN_POINT('',(348.883333333333,-34.7556356208831,-15.5308014148789));
#9866=CARTESIAN_POINT('Origin',(348.883333333333,-15.9735290551441,-14.7107569324106));
#9867=CARTESIAN_POINT('',(348.883333333333,-16.0045613729919,-14.));
#9868=CARTESIAN_POINT('',(348.883333333333,-49.203989870859,-14.));
#9869=CARTESIAN_POINT('',(348.883333333333,-15.9735290551441,-14.7107569324106));
#9870=CARTESIAN_POINT('Origin',(337.533333333333,-16.2352453793361,-8.71646760291946));
#9871=CARTESIAN_POINT('',(353.733333333333,-16.0045613729919,-14.));
#9872=CARTESIAN_POINT('',(272.767707121011,-16.0045613729919,-14.));
#9873=CARTESIAN_POINT('',(353.733333333333,-15.9735290551441,-14.7107569324106));
#9874=CARTESIAN_POINT('Origin',(353.733333333333,-15.9735290551441,-14.7107569324106));
#9875=CARTESIAN_POINT('',(353.733333333333,-13.301989123051,-14.));
#9876=CARTESIAN_POINT('',(353.733333333333,-49.203989870859,-14.));
#9877=CARTESIAN_POINT('',(353.733333333333,-13.2760988568731,-14.5929845865242));
#9878=CARTESIAN_POINT('Origin',(337.533333333333,-13.5378151810651,-8.59869525703305));
#9879=CARTESIAN_POINT('',(348.733333333333,-13.301989123051,-14.));
#9880=CARTESIAN_POINT('',(272.767707121011,-13.3019891230509,-14.));
#9881=CARTESIAN_POINT('',(348.733333333333,-13.2760988568731,-14.5929845865242));
#9882=CARTESIAN_POINT('Origin',(348.733333333333,-13.2760988568731,-14.5929845865242));
#9883=CARTESIAN_POINT('',(348.733333333333,-11.7004648267897,-14.));
#9884=CARTESIAN_POINT('',(348.733333333333,-47.8552747717235,-14.));
#9885=CARTESIAN_POINT('',(348.733333333333,-11.6776217023421,-14.5231935667397));
#9886=CARTESIAN_POINT('Origin',(337.533333333333,-11.9393380265342,-8.52890423724852));
#9887=CARTESIAN_POINT('',(334.784873818263,-11.7004648267897,-14.));
#9888=CARTESIAN_POINT('',(272.767707121011,-11.7004648267896,-14.));
#9889=CARTESIAN_POINT('Origin',(332.333333333333,-11.9393380265342,-8.52890423724852));
#9890=CARTESIAN_POINT('Origin',(333.444689194911,-6.04495351920119,-8.27154985179304));
#9891=CARTESIAN_POINT('',(330.56632905488,-5.79484398432607,-14.));
#9892=CARTESIAN_POINT('',(334.100337611787,-5.79484398432607,-14.));
#9893=CARTESIAN_POINT('',(270.7233850518,-5.79484398432604,-14.));
#9894=CARTESIAN_POINT('Origin',(332.333333333333,-6.04495351920119,-8.27154985179304));
#9895=CARTESIAN_POINT('Origin',(332.333333333333,-11.9393380265342,-8.52890423724852));
#9896=CARTESIAN_POINT('Origin',(332.333333333333,-137.24803266961,-14.));
#9897=CARTESIAN_POINT('',(329.881792848404,-11.7004648267897,-14.));
#9898=CARTESIAN_POINT('Origin',(332.333333333333,-137.24803266961,-14.));
#9899=CARTESIAN_POINT('Origin',(332.333333333333,-11.9393380265342,-8.52890423724852));
#9900=CARTESIAN_POINT('Origin',(337.533333333333,-11.9393380265342,-8.52890423724852));
#9901=CARTESIAN_POINT('',(326.333333333333,-11.7004648267897,-14.));
#9902=CARTESIAN_POINT('',(272.767707121011,-11.7004648267896,-14.));
#9903=CARTESIAN_POINT('',(326.333333333333,-12.2010543507262,-2.53461490775737));
#9904=CARTESIAN_POINT('Origin',(326.333333333333,-13.7995315052571,-2.60440592754191));
#9905=CARTESIAN_POINT('',(326.333333333333,-13.301989123051,-14.));
#9906=CARTESIAN_POINT('',(326.333333333333,-48.1169910959155,-14.));
#9907=CARTESIAN_POINT('',(326.333333333333,-13.7995315052571,-2.60440592754191));
#9908=CARTESIAN_POINT('Origin',(337.533333333333,-13.5378151810651,-8.59869525703305));
#9909=CARTESIAN_POINT('',(321.333333333333,-13.301989123051,-14.));
#9910=CARTESIAN_POINT('',(272.767707121011,-13.3019891230509,-14.));
#9911=CARTESIAN_POINT('',(321.333333333333,-13.7995315052571,-2.6044059275419));
#9912=CARTESIAN_POINT('Origin',(321.333333333333,-16.4969617035282,-2.72217827342831));
#9913=CARTESIAN_POINT('',(321.333333333333,-49.465706195051,-14.));
#9914=CARTESIAN_POINT('Origin',(371.2,-16.2352453793361,-8.71646760291946));
#9915=CARTESIAN_POINT('',(359.85,-16.0045613729919,-14.));
#9916=CARTESIAN_POINT('',(355.,-16.0045613729919,-14.));
#9917=CARTESIAN_POINT('',(289.601040454344,-16.0045613729919,-14.));
#9918=CARTESIAN_POINT('',(359.85,-16.4969617035282,-2.72217827342831));
#9919=CARTESIAN_POINT('',(355.,-16.4969617035282,-2.72217827342831));
#9920=CARTESIAN_POINT('Origin',(359.85,-16.4969617035282,-2.72217827342831));
#9921=CARTESIAN_POINT('',(359.85,-34.8224718540623,-14.));
#9922=CARTESIAN_POINT('',(359.85,-49.465706195051,-14.));
#9923=CARTESIAN_POINT('',(359.85,-35.2790682692671,-3.54222275589662));
#9924=CARTESIAN_POINT('Origin',(371.2,-35.0173519450751,-9.53651208538777));
#9925=CARTESIAN_POINT('',(382.55,-34.8224718540624,-14.));
#9926=CARTESIAN_POINT('',(289.601040454344,-34.8224718540623,-14.));
#9927=CARTESIAN_POINT('',(382.55,-34.7556356208831,-15.5308014148789));
#9928=CARTESIAN_POINT('Origin',(382.55,-15.9735290551441,-14.7107569324106));
#9929=CARTESIAN_POINT('',(382.55,-16.0045613729919,-14.));
#9930=CARTESIAN_POINT('',(382.55,-49.203989870859,-14.));
#9931=CARTESIAN_POINT('',(382.55,-15.9735290551441,-14.7107569324106));
#9932=CARTESIAN_POINT('Origin',(371.2,-16.2352453793361,-8.71646760291946));
#9933=CARTESIAN_POINT('',(387.4,-16.0045613729919,-14.));
#9934=CARTESIAN_POINT('',(289.601040454344,-16.0045613729919,-14.));
#9935=CARTESIAN_POINT('',(387.4,-15.9735290551441,-14.7107569324106));
#9936=CARTESIAN_POINT('Origin',(387.4,-15.9735290551441,-14.7107569324106));
#9937=CARTESIAN_POINT('',(387.4,-13.301989123051,-14.));
#9938=CARTESIAN_POINT('',(387.4,-49.203989870859,-14.));
#9939=CARTESIAN_POINT('',(387.4,-13.2760988568731,-14.5929845865242));
#9940=CARTESIAN_POINT('Origin',(371.2,-13.5378151810651,-8.59869525703305));
#9941=CARTESIAN_POINT('',(382.4,-13.301989123051,-14.));
#9942=CARTESIAN_POINT('',(289.601040454344,-13.3019891230509,-14.));
#9943=CARTESIAN_POINT('',(382.4,-13.2760988568731,-14.5929845865242));
#9944=CARTESIAN_POINT('Origin',(382.4,-13.2760988568731,-14.5929845865242));
#9945=CARTESIAN_POINT('',(382.4,-11.7004648267897,-14.));
#9946=CARTESIAN_POINT('',(382.4,-47.8552747717235,-14.));
#9947=CARTESIAN_POINT('',(382.4,-11.6776217023421,-14.5231935667397));
#9948=CARTESIAN_POINT('Origin',(371.2,-11.9393380265342,-8.52890423724852));
#9949=CARTESIAN_POINT('',(368.451540484929,-11.7004648267897,-14.));
#9950=CARTESIAN_POINT('',(289.601040454344,-11.7004648267896,-14.));
#9951=CARTESIAN_POINT('Origin',(366.,-11.9393380265342,-8.52890423724852));
#9952=CARTESIAN_POINT('Origin',(367.111355861578,-6.04495351920119,-8.27154985179304));
#9953=CARTESIAN_POINT('',(364.232995721547,-5.79484398432607,-14.));
#9954=CARTESIAN_POINT('',(367.767004278453,-5.79484398432607,-14.));
#9955=CARTESIAN_POINT('',(287.556718385133,-5.79484398432603,-14.));
#9956=CARTESIAN_POINT('Origin',(366.,-6.04495351920119,-8.27154985179304));
#9957=CARTESIAN_POINT('Origin',(366.,-11.9393380265342,-8.52890423724852));
#9958=CARTESIAN_POINT('Origin',(366.,-137.24803266961,-14.));
#9959=CARTESIAN_POINT('',(363.548459515071,-11.7004648267897,-14.));
#9960=CARTESIAN_POINT('Origin',(366.,-137.24803266961,-14.));
#9961=CARTESIAN_POINT('Origin',(366.,-11.9393380265342,-8.52890423724852));
#9962=CARTESIAN_POINT('Origin',(371.2,-11.9393380265342,-8.52890423724852));
#9963=CARTESIAN_POINT('',(360.,-11.7004648267897,-14.));
#9964=CARTESIAN_POINT('',(289.601040454344,-11.7004648267896,-14.));
#9965=CARTESIAN_POINT('',(360.,-12.2010543507262,-2.53461490775737));
#9966=CARTESIAN_POINT('Origin',(360.,-13.7995315052571,-2.60440592754191));
#9967=CARTESIAN_POINT('',(360.,-13.301989123051,-14.));
#9968=CARTESIAN_POINT('',(360.,-48.1169910959155,-14.));
#9969=CARTESIAN_POINT('',(360.,-13.7995315052571,-2.60440592754191));
#9970=CARTESIAN_POINT('Origin',(371.2,-13.5378151810651,-8.59869525703305));
#9971=CARTESIAN_POINT('',(355.,-13.301989123051,-14.));
#9972=CARTESIAN_POINT('',(289.601040454344,-13.3019891230509,-14.));
#9973=CARTESIAN_POINT('',(355.,-13.7995315052571,-2.6044059275419));
#9974=CARTESIAN_POINT('Origin',(355.,-16.4969617035282,-2.72217827342831));
#9975=CARTESIAN_POINT('',(355.,-49.465706195051,-14.));
#9976=CARTESIAN_POINT('Ctrl Pts',(427.975,-32.3017654436837,-14.));
#9977=CARTESIAN_POINT('Ctrl Pts',(427.975,-28.2028123999437,-14.));
#9978=CARTESIAN_POINT('Ctrl Pts',(423.875,-28.2028123999437,-14.));
#9979=CARTESIAN_POINT('Ctrl Pts',(419.775,-28.2028123999437,-14.));
#9980=CARTESIAN_POINT('Ctrl Pts',(419.775,-32.3017654436837,-14.));
#9981=CARTESIAN_POINT('Ctrl Pts',(419.775,-36.4007184874237,-14.));
#9982=CARTESIAN_POINT('Ctrl Pts',(423.875,-36.4007184874237,-14.));
#9983=CARTESIAN_POINT('Ctrl Pts',(427.975,-36.4007184874237,-14.));
#9984=CARTESIAN_POINT('Ctrl Pts',(427.975,-32.3017654436837,-14.));
#9985=CARTESIAN_POINT('Ctrl Pts',(427.975,-32.3017654436837,-5.96758123901016));
#9986=CARTESIAN_POINT('Ctrl Pts',(427.975,-28.2028123999437,-5.96758123901016));
#9987=CARTESIAN_POINT('Ctrl Pts',(423.875,-28.2028123999437,-5.96758123901016));
#9988=CARTESIAN_POINT('Ctrl Pts',(419.775,-28.2028123999437,-5.96758123901016));
#9989=CARTESIAN_POINT('Ctrl Pts',(419.775,-32.3017654436837,-5.96758123901016));
#9990=CARTESIAN_POINT('Ctrl Pts',(419.775,-36.4007184874237,-5.96758123901016));
#9991=CARTESIAN_POINT('Ctrl Pts',(423.875,-36.4007184874237,-5.96758123901016));
#9992=CARTESIAN_POINT('Ctrl Pts',(427.975,-36.4007184874237,-5.96758123901016));
#9993=CARTESIAN_POINT('Ctrl Pts',(427.975,-32.3017654436837,-5.96758123901016));
#9994=CARTESIAN_POINT('',(427.975,-32.3017654436837,-14.));
#9995=CARTESIAN_POINT('Ctrl Pts',(427.975,-32.3017654436837,-6.17504683800239));
#9996=CARTESIAN_POINT('Ctrl Pts',(427.975,-32.3017654436837,-14.));
#9997=CARTESIAN_POINT('Origin',(423.875,-32.3017654436837,-14.));
#9998=CARTESIAN_POINT('Ctrl Pts',(-4.02500000000004,-96.6154947080158,-14.));
#9999=CARTESIAN_POINT('Ctrl Pts',(-4.02500000000004,-92.5165416642758,-14.));
#10000=CARTESIAN_POINT('Ctrl Pts',(-8.12500000000004,-92.5165416642758,
-14.));
#10001=CARTESIAN_POINT('Ctrl Pts',(-12.225,-92.5165416642758,-14.));
#10002=CARTESIAN_POINT('Ctrl Pts',(-12.225,-96.6154947080158,-14.));
#10003=CARTESIAN_POINT('Ctrl Pts',(-12.225,-100.714447751756,-14.));
#10004=CARTESIAN_POINT('Ctrl Pts',(-8.12500000000004,-100.714447751756,
-14.));
#10005=CARTESIAN_POINT('Ctrl Pts',(-4.02500000000004,-100.714447751756,
-14.));
#10006=CARTESIAN_POINT('Ctrl Pts',(-4.02500000000004,-96.6154947080158,
-14.));
#10007=CARTESIAN_POINT('Ctrl Pts',(-4.02500000000004,-96.6154947080158,
-8.7755793006538));
#10008=CARTESIAN_POINT('Ctrl Pts',(-4.02500000000004,-92.5165416642758,
-8.7755793006538));
#10009=CARTESIAN_POINT('Ctrl Pts',(-8.12500000000004,-92.5165416642758,
-8.7755793006538));
#10010=CARTESIAN_POINT('Ctrl Pts',(-12.225,-92.5165416642758,-8.7755793006538));
#10011=CARTESIAN_POINT('Ctrl Pts',(-12.225,-96.6154947080158,-8.7755793006538));
#10012=CARTESIAN_POINT('Ctrl Pts',(-12.225,-100.714447751756,-8.7755793006538));
#10013=CARTESIAN_POINT('Ctrl Pts',(-8.12500000000004,-100.714447751756,
-8.7755793006538));
#10014=CARTESIAN_POINT('Ctrl Pts',(-4.02500000000004,-100.714447751756,
-8.7755793006538));
#10015=CARTESIAN_POINT('Ctrl Pts',(-4.02500000000004,-96.6154947080158,
-8.7755793006538));
#10016=CARTESIAN_POINT('',(-4.02500000000004,-96.6154947080158,-14.));
#10017=CARTESIAN_POINT('Ctrl Pts',(-4.02500000000004,-96.6154947080158,
-8.98304489964588));
#10018=CARTESIAN_POINT('Ctrl Pts',(-4.02500000000004,-96.6154947080158,
-14.));
#10019=CARTESIAN_POINT('Origin',(-8.12500000000004,-96.6154947080158,-14.));
#10020=CARTESIAN_POINT('Ctrl Pts',(426.975,-96.6154947080158,-14.));
#10021=CARTESIAN_POINT('Ctrl Pts',(426.975,-96.6154947080158,-4.));
#10022=CARTESIAN_POINT('Ctrl Pts',(426.975,-95.3192450299336,-14.));
#10023=CARTESIAN_POINT('Ctrl Pts',(426.975,-95.3192450299336,-4.));
#10024=CARTESIAN_POINT('Ctrl Pts',(426.317750039572,-94.0402052611928,-14.));
#10025=CARTESIAN_POINT('Ctrl Pts',(426.317750039572,-94.0402052611928,-4.));
#10026=CARTESIAN_POINT('Ctrl Pts',(425.265278066489,-93.2851936667334,-14.));
#10027=CARTESIAN_POINT('Ctrl Pts',(425.265278066489,-93.2851936667334,-4.));
#10028=CARTESIAN_POINT('Ctrl Pts',(424.214872164943,-92.5316642095722,-14.));
#10029=CARTESIAN_POINT('Ctrl Pts',(424.214872164943,-92.5316642095722,-4.));
#10030=CARTESIAN_POINT('Ctrl Pts',(422.798131501398,-92.3184034139509,-14.));
#10031=CARTESIAN_POINT('Ctrl Pts',(422.798131501398,-92.3184034139509,-4.));
#10032=CARTESIAN_POINT('Ctrl Pts',(421.572651496369,-92.7288289374127,-14.));
#10033=CARTESIAN_POINT('Ctrl Pts',(421.572651496369,-92.7288289374127,-4.));
#10034=CARTESIAN_POINT('Ctrl Pts',(420.355125112567,-93.1365907134921,-14.));
#10035=CARTESIAN_POINT('Ctrl Pts',(420.355125112567,-93.1365907134921,-4.));
#10036=CARTESIAN_POINT('Ctrl Pts',(419.356368658801,-94.1500193311953,-14.));
#10037=CARTESIAN_POINT('Ctrl Pts',(419.356368658801,-94.1500193311953,-4.));
#10038=CARTESIAN_POINT('Ctrl Pts',(418.967301672487,-95.3748869172075,-14.));
#10039=CARTESIAN_POINT('Ctrl Pts',(418.967301672487,-95.3748869172075,-4.));
#10040=CARTESIAN_POINT('Ctrl Pts',(418.573965208558,-96.613195748363,-14.));
#10041=CARTESIAN_POINT('Ctrl Pts',(418.573965208558,-96.613195748363,-4.));
#10042=CARTESIAN_POINT('Ctrl Pts',(418.815426968975,-98.0355228553225,-14.));
#10043=CARTESIAN_POINT('Ctrl Pts',(418.815426968975,-98.0355228553225,-4.));
#10044=CARTESIAN_POINT('Ctrl Pts',(419.594797130015,-99.0745962268371,-14.));
#10045=CARTESIAN_POINT('Ctrl Pts',(419.594797130015,-99.0745962268371,-4.));
#10046=CARTESIAN_POINT('Ctrl Pts',(420.369423105677,-100.107344546482,-14.));
#10047=CARTESIAN_POINT('Ctrl Pts',(420.369423105677,-100.107344546482,-4.));
#10048=CARTESIAN_POINT('Ctrl Pts',(421.654276958418,-100.735610195129,-14.));
#10049=CARTESIAN_POINT('Ctrl Pts',(421.654276958418,-100.735610195129,-4.));
#10050=CARTESIAN_POINT('Ctrl Pts',(422.944128159555,-100.71386509067,-14.));
#10051=CARTESIAN_POINT('Ctrl Pts',(422.944128159555,-100.71386509067,-4.));
#10052=CARTESIAN_POINT('Ctrl Pts',(424.238240339678,-100.692048152007,-14.));
#10053=CARTESIAN_POINT('Ctrl Pts',(424.238240339678,-100.692048152007,-4.));
#10054=CARTESIAN_POINT('Ctrl Pts',(425.505170675847,-100.016178582844,-14.));
#10055=CARTESIAN_POINT('Ctrl Pts',(425.505170675847,-100.016178582844,-4.));
#10056=CARTESIAN_POINT('Ctrl Pts',(426.243654138816,-98.9520264793658,-14.));
#10057=CARTESIAN_POINT('Ctrl Pts',(426.243654138816,-98.9520264793658,-4.));
#10058=CARTESIAN_POINT('Ctrl Pts',(426.716038927107,-98.2713216412511,-14.));
#10059=CARTESIAN_POINT('Ctrl Pts',(426.716038927107,-98.2713216412511,-4.));
#10060=CARTESIAN_POINT('Ctrl Pts',(426.975,-97.444358137516,-14.));
#10061=CARTESIAN_POINT('Ctrl Pts',(426.975,-97.444358137516,-4.));
#10062=CARTESIAN_POINT('Ctrl Pts',(426.975,-96.6154947080158,-14.));
#10063=CARTESIAN_POINT('Ctrl Pts',(426.975,-96.6154947080158,-4.));
#10064=CARTESIAN_POINT('',(426.975,-96.6154947080158,-14.));
#10065=CARTESIAN_POINT('',(426.975,-96.6154947080158,-14.));
#10066=CARTESIAN_POINT('Ctrl Pts',(426.975,-96.6154947080158,-14.));
#10067=CARTESIAN_POINT('Ctrl Pts',(426.975,-97.444358137516,-14.));
#10068=CARTESIAN_POINT('Ctrl Pts',(426.716038927107,-98.2713216412511,-14.));
#10069=CARTESIAN_POINT('Ctrl Pts',(426.243654138816,-98.9520264793658,-14.));
#10070=CARTESIAN_POINT('Ctrl Pts',(425.505170675847,-100.016178582844,-14.));
#10071=CARTESIAN_POINT('Ctrl Pts',(424.238240339678,-100.692048152007,-14.));
#10072=CARTESIAN_POINT('Ctrl Pts',(422.944128159555,-100.71386509067,-14.));
#10073=CARTESIAN_POINT('Ctrl Pts',(421.654276958418,-100.735610195129,-14.));
#10074=CARTESIAN_POINT('Ctrl Pts',(420.369423105677,-100.107344546482,-14.));
#10075=CARTESIAN_POINT('Ctrl Pts',(419.594797130015,-99.0745962268371,-14.));
#10076=CARTESIAN_POINT('Ctrl Pts',(418.815426968975,-98.0355228553225,-14.));
#10077=CARTESIAN_POINT('Ctrl Pts',(418.573965208558,-96.613195748363,-14.));
#10078=CARTESIAN_POINT('Ctrl Pts',(418.967301672487,-95.3748869172075,-14.));
#10079=CARTESIAN_POINT('Ctrl Pts',(419.356368658801,-94.1500193311953,-14.));
#10080=CARTESIAN_POINT('Ctrl Pts',(420.355125112567,-93.1365907134921,-14.));
#10081=CARTESIAN_POINT('Ctrl Pts',(421.572651496369,-92.7288289374127,-14.));
#10082=CARTESIAN_POINT('Ctrl Pts',(422.798131501398,-92.3184034139509,-14.));
#10083=CARTESIAN_POINT('Ctrl Pts',(424.214872164943,-92.5316642095722,-14.));
#10084=CARTESIAN_POINT('Ctrl Pts',(425.265278066489,-93.2851936667334,-14.));
#10085=CARTESIAN_POINT('Ctrl Pts',(426.317750039572,-94.0402052611928,-14.));
#10086=CARTESIAN_POINT('Ctrl Pts',(426.975,-95.3192450299336,-14.));
#10087=CARTESIAN_POINT('Ctrl Pts',(426.975,-96.6154947080158,-14.));
#10088=CARTESIAN_POINT('Origin',(12.9267376548534,-9.47320902840485,-14.));
#10089=CARTESIAN_POINT('',(12.9267376548534,-9.47321058346832,-14.));
#10090=CARTESIAN_POINT('',(12.9267376548534,-9.47321058346832,-14.));
#10091=CARTESIAN_POINT('',(37.0001199732371,-9.47321054382375,-14.));
#10092=CARTESIAN_POINT('',(110.464409281771,-9.47320902840485,-14.));
#10093=CARTESIAN_POINT('',(37.0001199732371,-9.47321054382375,-14.));
#10094=CARTESIAN_POINT('Origin',(12.4267376318474,-4.42223917571786,-2.00000004470347));
#10095=CARTESIAN_POINT('',(11.9267376400335,-9.39309835008647,-2.00000004470347));
#10096=CARTESIAN_POINT('Origin',(12.4267376400335,-9.39309835008647,-2.00000004470347));
#10097=CARTESIAN_POINT('',(11.9267376401655,-9.47321058511514,-2.00000004473942));
#10098=CARTESIAN_POINT('Origin',(12.4267376401655,-9.47321058429173,-2.00000004470347));
#10099=CARTESIAN_POINT('',(11.9267376318474,-4.42223917654127,-2.00000004473942));
#10100=CARTESIAN_POINT('Origin',(12.4267376400335,0.059948784192847,-2.00000004470347));
#10101=CARTESIAN_POINT('',(11.9267376400335,-0.473211731390774,-2.00000004470345));
#10102=CARTESIAN_POINT('',(11.9267376400335,0.059948784192847,-2.00000004470347));
#10103=CARTESIAN_POINT('Origin',(12.4267376400335,-0.473211731390774,-2.00000004470344));
#10104=CARTESIAN_POINT('Ctrl Pts',(12.9267376902289,0.0267882686092241,
-2.50000004470344));
#10105=CARTESIAN_POINT('Ctrl Pts',(12.4267376400335,0.0267883188045935,
-2.50000004470344));
#10106=CARTESIAN_POINT('Ctrl Pts',(12.4267376400335,-0.473211731390774,
-2.50000004470344));
#10107=CARTESIAN_POINT('Ctrl Pts',(12.9267377404243,0.526788268609222,-2.50000004470344));
#10108=CARTESIAN_POINT('Ctrl Pts',(11.9267376400335,0.526788368999961,-2.50000004470345));
#10109=CARTESIAN_POINT('Ctrl Pts',(11.9267376400335,-0.473211731390774,
-2.50000004470345));
#10110=CARTESIAN_POINT('Ctrl Pts',(12.9267377404243,0.526788268609222,-2.00000004470344));
#10111=CARTESIAN_POINT('Ctrl Pts',(11.9267376400335,0.526788368999961,-2.00000004470345));
#10112=CARTESIAN_POINT('Ctrl Pts',(11.9267376400335,-0.473211731390774,
-2.00000004470345));
#10113=CARTESIAN_POINT('',(12.9267377404243,0.526788268609221,-2.00000004470347));
#10114=CARTESIAN_POINT('Origin',(12.9267376400335,-0.473211731390774,-2.00000004470344));
#10115=CARTESIAN_POINT('Origin',(12.9267376902289,0.0267882686092237,-2.00000004470347));
#10116=CARTESIAN_POINT('Origin',(19.3384287473813,0.026787624934883,-2.00000004470346));
#10117=CARTESIAN_POINT('',(19.3384287975766,0.526787624934881,-2.00000004470346));
#10118=CARTESIAN_POINT('Ctrl Pts',(37.3531001108318,0.547607826721786,-8.9));
#10119=CARTESIAN_POINT('Ctrl Pts',(37.2359812929779,0.533744440083214,-8.9));
#10120=CARTESIAN_POINT('Ctrl Pts',(37.1180495474955,0.526789456348724,-8.9));
#10121=CARTESIAN_POINT('Ctrl Pts',(37.0001199562153,0.526789456176256,-8.9));
#10122=CARTESIAN_POINT('Ctrl Pts',(37.3531001108318,0.547607826721786,-8.84699573161391));
#10123=CARTESIAN_POINT('Ctrl Pts',(37.2359824353337,0.533744575304189,-8.84699573161391));
#10124=CARTESIAN_POINT('Ctrl Pts',(37.1180483972769,0.526789456348723,-8.84699573161391));
#10125=CARTESIAN_POINT('Ctrl Pts',(37.0001199562153,0.526789456176256,-8.84699573161391));
#10126=CARTESIAN_POINT('Ctrl Pts',(37.3543546013774,0.537009806661071,-8.79401335990833));
#10127=CARTESIAN_POINT('Ctrl Pts',(37.2368206605946,0.523097281807388,-8.79401335990833));
#10128=CARTESIAN_POINT('Ctrl Pts',(37.1184675276787,0.516117447366196,-8.79401335990833));
#10129=CARTESIAN_POINT('Ctrl Pts',(37.0001199562309,0.516117447193116,-8.79401335990833));
#10130=CARTESIAN_POINT('Ctrl Pts',(37.3567667528646,0.516631789511866,-8.74514240320177));
#10131=CARTESIAN_POINT('Ctrl Pts',(37.2384313111268,0.502624390769993,-8.74514240320177));
#10132=CARTESIAN_POINT('Ctrl Pts',(37.1192745452936,0.49559716331158,-8.74514240320177));
#10133=CARTESIAN_POINT('Ctrl Pts',(37.0001199562609,0.49559716313732,-8.74514240320177));
#10134=CARTESIAN_POINT('',(37.0001199567689,0.526789456176254,-8.9));
#10135=CARTESIAN_POINT('Ctrl Pts',(37.3531001108318,0.547607826721786,-8.9));
#10136=CARTESIAN_POINT('Ctrl Pts',(37.2359812929779,0.533744440083214,-8.9));
#10137=CARTESIAN_POINT('Ctrl Pts',(37.1180495474955,0.526789456348724,-8.9));
#10138=CARTESIAN_POINT('Ctrl Pts',(37.0001199562153,0.526789456176256,-8.9));
#10139=CARTESIAN_POINT('Origin',(37.0001199567685,0.126785851864824,-8.9));
#10140=CARTESIAN_POINT('Ctrl Pts',(37.0782421832424,0.38785670304984,-2.48448351586163));
#10141=CARTESIAN_POINT('Ctrl Pts',(37.0850877254896,0.397135244291971,-2.45791518761724));
#10142=CARTESIAN_POINT('Ctrl Pts',(37.0931856358538,0.41959374595767,-2.38546938392976));
#10143=CARTESIAN_POINT('Ctrl Pts',(37.0542929818389,0.513753637711749,-2.21400672294448));
#10144=CARTESIAN_POINT('Ctrl Pts',(37.005864820185,0.526633453449629,-2.02260399717604));
#10145=CARTESIAN_POINT('Ctrl Pts',(37.0027080592386,0.526785851869086,-2.01033671125429));
#10146=CARTESIAN_POINT('Ctrl Pts',(37.0001199567685,0.526785851864825,-2.00000004470344));
#10147=CARTESIAN_POINT('Ctrl Pts',(37.1429415277275,0.475551076185805,-2.48448351586163));
#10148=CARTESIAN_POINT('Ctrl Pts',(37.1500816496393,0.479815210840979,-2.44288224832244));
#10149=CARTESIAN_POINT('Ctrl Pts',(37.1479536277639,0.491070924846186,-2.33101850932016));
#10150=CARTESIAN_POINT('Ctrl Pts',(37.0772751545097,0.522758053976617,-2.16446055524744));
#10151=CARTESIAN_POINT('Ctrl Pts',(37.008342906918,0.526739197540601,-2.0174110180575));
#10152=CARTESIAN_POINT('Ctrl Pts',(37.0038173717365,0.526785851870913,-2.00792243202933));
#10153=CARTESIAN_POINT('Ctrl Pts',(37.0001199567685,0.526785851864825,-2.00000004470344));
#10154=CARTESIAN_POINT('Ctrl Pts',(37.2448771813078,0.534797448828279,-2.48448351586163));
#10155=CARTESIAN_POINT('Ctrl Pts',(37.248732725597,0.535185882365351,-2.42098475334612));
#10156=CARTESIAN_POINT('Ctrl Pts',(37.21892108634,0.533480542504245,-2.25666511659059));
#10157=CARTESIAN_POINT('Ctrl Pts',(37.099778445731,0.527178653412097,-2.11445733856358));
#10158=CARTESIAN_POINT('Ctrl Pts',(37.0108457649053,0.52680534439049,-2.01222568336885));
#10159=CARTESIAN_POINT('Ctrl Pts',(37.0049266842345,0.52678585187274,-2.00550815280437));
#10160=CARTESIAN_POINT('Ctrl Pts',(37.0001199567685,0.526785851864825,-2.00000004470344));
#10161=CARTESIAN_POINT('Ctrl Pts',(37.3531001108316,0.547607826721762,-2.48448351586163));
#10162=CARTESIAN_POINT('Ctrl Pts',(37.3531001108316,0.547607826721762,-2.39890511119268));
#10163=CARTESIAN_POINT('Ctrl Pts',(37.2927704005306,0.539478033499598,-2.18198510345427));
#10164=CARTESIAN_POINT('Ctrl Pts',(37.1221890058645,0.527375210521839,-2.06447755891564));
#10165=CARTESIAN_POINT('Ctrl Pts',(37.0133532556823,0.526817423353679,-2.00703941840803));
#10166=CARTESIAN_POINT('Ctrl Pts',(37.0060359967325,0.526785851874567,-2.00309387357941));
#10167=CARTESIAN_POINT('Ctrl Pts',(37.0001199567685,0.526785851864825,-2.00000004470344));
#10168=CARTESIAN_POINT('',(37.3531001108311,0.547607826721694,-2.48448351586163));
#10169=CARTESIAN_POINT('Ctrl Pts',(37.0001199567685,0.526785851864825,-2.00000004470344));
#10170=CARTESIAN_POINT('Ctrl Pts',(37.0060359967325,0.526785851874567,-2.00309387357941));
#10171=CARTESIAN_POINT('Ctrl Pts',(37.0133532556823,0.526817423353679,-2.00703941840803));
#10172=CARTESIAN_POINT('Ctrl Pts',(37.1221890058645,0.527375210521839,-2.06447755891564));
#10173=CARTESIAN_POINT('Ctrl Pts',(37.2927704005306,0.539478033499598,-2.18198510345427));
#10174=CARTESIAN_POINT('Ctrl Pts',(37.3531001108316,0.547607826721762,-2.39890511119268));
#10175=CARTESIAN_POINT('Ctrl Pts',(37.3531001108316,0.547607826721762,-2.48448351586163));
#10176=CARTESIAN_POINT('Origin',(37.4001199567685,0.150381022379364,-2.48448351586163));
#10177=CARTESIAN_POINT('Origin',(37.4001199567685,0.150381022379364,-14.));
#10178=CARTESIAN_POINT('',(37.3531001108316,0.547607826721763,-14.));
#10179=CARTESIAN_POINT('Origin',(435.002080908688,7.5827006914189,-17.));
#10180=CARTESIAN_POINT('',(435.002080908688,10.5827006914189,0.710531778889913));
#10181=CARTESIAN_POINT('Origin',(435.002080908688,7.5827006914189,0.579548947121038));
#10182=CARTESIAN_POINT('',(435.002080908688,10.5827006914189,-17.));
#10183=CARTESIAN_POINT('Origin',(435.002080908688,7.5827006914189,-17.));
#10184=CARTESIAN_POINT('',(435.002080908688,10.5827006914189,-17.));
#10185=CARTESIAN_POINT('',(435.002080908688,10.5827006914189,-17.));
#10186=CARTESIAN_POINT('Origin',(11.9267376400335,-13.9594082817623,-0.360999864739304));
#10187=CARTESIAN_POINT('',(43.0001199518237,10.582700691419,0.710531778889918));
#10188=CARTESIAN_POINT('',(435.,10.5826384174273,0.710529059948661));
#10189=CARTESIAN_POINT('',(124.713398806736,10.5826384174273,0.710529059948661));
#10190=CARTESIAN_POINT('',(438.,7.58549375281425,0.579670894817993));
#10191=CARTESIAN_POINT('Origin',(435.,7.58549375281425,0.579670894817991));
#10192=CARTESIAN_POINT('',(438.,-172.243185407352,-7.27181898173385));
#10193=CARTESIAN_POINT('',(438.,-93.1012968445577,-3.81640942323661));
#10194=CARTESIAN_POINT('',(435.,-175.240330071965,-7.40267714686452));
#10195=CARTESIAN_POINT('Origin',(435.,-172.243185407352,-7.27181898173385));
#10196=CARTESIAN_POINT('',(-19.,-175.240330071965,-7.40267714686452));
#10197=CARTESIAN_POINT('',(-3.53663117998322,-175.240330071965,-7.40267714686452));
#10198=CARTESIAN_POINT('',(-21.9979190913116,-172.354798017435,-7.27669209364379));
#10199=CARTESIAN_POINT('Origin',(-19.,-172.243185407352,-7.27181898173385));
#10200=CARTESIAN_POINT('',(-21.9979190913116,-172.451602064567,-7.28091864971712));
#10201=CARTESIAN_POINT('',(-21.9979190913116,-2.07424744201494,0.157917476200257));
#10202=CARTESIAN_POINT('Origin',(-18.9979190913116,-172.451602064567,-7.28091864971712));
#10203=CARTESIAN_POINT('',(224.964409274361,10.5827006914189,0.710531778889917));
#10204=CARTESIAN_POINT('Origin',(-18.9979190913116,-172.451602064567,-17.));
#10205=CARTESIAN_POINT('',(-21.9979190913116,-172.451602064567,-17.));
#10206=CARTESIAN_POINT('',(-21.9979190913116,-172.451602064567,-17.));
#10207=CARTESIAN_POINT('Origin',(-18.9979190913116,-172.451602064567,-17.));
#10208=CARTESIAN_POINT('Origin',(-13.9979190913116,0.526790971595154,-14.));
#10209=CARTESIAN_POINT('',(-19.0000000049654,0.526789363954031,-17.));
#10210=CARTESIAN_POINT('',(-19.0000000049654,0.526789363954031,-9.));
#10211=CARTESIAN_POINT('',(-19.0000000049654,0.526789363954031,-14.));
#10212=CARTESIAN_POINT('',(-13.9979190913116,0.526790971595154,-9.));
#10213=CARTESIAN_POINT('',(1.67673763838514,0.526789398004935,-9.));
#10214=CARTESIAN_POINT('',(-13.9979190913116,0.526790971595154,-17.));
#10215=CARTESIAN_POINT('',(-13.9979190913116,0.526790971595154,-14.));
#10216=CARTESIAN_POINT('',(97.0020809086884,0.526790971595155,-17.));
#10217=CARTESIAN_POINT('Origin',(208.002080908688,-82.4344506865738,-17.));
#10218=CARTESIAN_POINT('',(43.0001199518237,10.5827006914189,-17.));
#10219=CARTESIAN_POINT('',(43.0001199518237,10.5172716088536,-17.));
#10220=CARTESIAN_POINT('',(43.0001199518237,-35.9258749975774,-17.));
#10221=CARTESIAN_POINT('',(-21.9979190913116,10.582700691419,-17.));
#10222=CARTESIAN_POINT('',(-21.9979190913116,-2.3587426901614,-17.));
#10223=CARTESIAN_POINT('',(-21.9979190913116,10.582700691419,-17.));
#10224=CARTESIAN_POINT('Origin',(-19.0000000000202,-2.47035530079154,-17.));
#10225=CARTESIAN_POINT('',(1.67673763838514,0.526789398004935,-17.));
#10226=CARTESIAN_POINT('',(104.839413437805,0.526779041428691,-17.));
#10227=CARTESIAN_POINT('',(37.0001199567689,0.526789456176255,-17.));
#10228=CARTESIAN_POINT('',(97.0020809086884,0.526790971595155,-17.));
#10229=CARTESIAN_POINT('',(40.0001199518237,3.52393412078933,-17.));
#10230=CARTESIAN_POINT('Origin',(37.0001199518237,3.52393412078933,-17.));
#10231=CARTESIAN_POINT('',(40.0001199518237,7.5201269442405,-17.));
#10232=CARTESIAN_POINT('',(40.0001199518236,-37.4571618711665,-17.));
#10233=CARTESIAN_POINT('Origin',(43.0001199518237,7.5201269442405,-17.));
#10234=CARTESIAN_POINT('Origin',(-13.9979190913116,0.526790971595154,-14.));
#10235=CARTESIAN_POINT('',(37.0001199567689,0.526789456176254,-9.));
#10236=CARTESIAN_POINT('',(1.67673763838514,0.526789398004935,-9.));
#10237=CARTESIAN_POINT('',(1.67673763838514,0.526789398004935,-9.));
#10238=CARTESIAN_POINT('',(37.0001199567689,0.526789456176255,-14.));
#10239=CARTESIAN_POINT('',(1.67673763838514,0.526789398004935,-14.));
#10240=CARTESIAN_POINT('Origin',(1.67673759822884,0.126789398004937,-8.9));
#10241=CARTESIAN_POINT('',(1.27673767854144,0.526789438161223,-8.9));
#10242=CARTESIAN_POINT('',(1.67673763838514,0.526789398004935,-8.9));
#10243=CARTESIAN_POINT('Origin',(1.27673763838515,0.126789438161225,-8.9));
#10244=CARTESIAN_POINT('Origin',(1.27673763838515,0.126789438161225,-8.50000002235174));
#10245=CARTESIAN_POINT('',(1.27673767854143,0.526789438161223,-5.48989798506321));
#10246=CARTESIAN_POINT('',(1.67673764003353,0.126789438161225,-5.48989798506321));
#10247=CARTESIAN_POINT('Origin',(1.27673763838514,0.126789438161225,-5.48989798506321));
#10248=CARTESIAN_POINT('',(1.67673763838515,0.126789438161225,-8.50000002235174));
#10249=CARTESIAN_POINT('',(1.27673767854144,0.526789438161223,-8.50000002235174));
#10250=CARTESIAN_POINT('Ctrl Pts',(1.67673764003353,0.52678939800493,-5.00000004470345));
#10251=CARTESIAN_POINT('Ctrl Pts',(1.67673764003353,0.52678939800493,-5.002108285332));
#10252=CARTESIAN_POINT('Ctrl Pts',(1.67673764003353,0.526775684725359,-5.00421551504131));
#10253=CARTESIAN_POINT('Ctrl Pts',(1.67673764003354,0.525520421525362,-5.10562279072115));
#10254=CARTESIAN_POINT('Ctrl Pts',(1.67673764003353,0.474111106459644,-5.24717023457707));
#10255=CARTESIAN_POINT('Ctrl Pts',(1.67673764003354,0.380167026816665,-5.35726396290093));
#10256=CARTESIAN_POINT('Ctrl Pts',(1.67673764003353,0.292772961929173,-5.42819544536679));
#10257=CARTESIAN_POINT('Ctrl Pts',(1.67673764003353,0.213060417088576,-5.46559778994119));
#10258=CARTESIAN_POINT('Ctrl Pts',(1.67673764003353,0.157427684615445,-5.48332081678349));
#10259=CARTESIAN_POINT('Ctrl Pts',(1.67673764003353,0.135487013484737,-5.48812259919207));
#10260=CARTESIAN_POINT('Ctrl Pts',(1.67673764003353,0.126789438161225,-5.48989798506321));
#10261=CARTESIAN_POINT('Ctrl Pts',(1.67673764003353,0.52678939800493,-5.00000004470345));
#10262=CARTESIAN_POINT('Ctrl Pts',(1.67645346282081,0.526780026250522,-5.00152545233387));
#10263=CARTESIAN_POINT('Ctrl Pts',(1.67618003237963,0.526798501136344,-5.00312172563496));
#10264=CARTESIAN_POINT('Ctrl Pts',(1.66239128462661,0.525559941458402,-5.07567719665818));
#10265=CARTESIAN_POINT('Ctrl Pts',(1.64378053845685,0.509606079318056,-5.1854636392032));
#10266=CARTESIAN_POINT('Ctrl Pts',(1.63285595772792,0.47182710330104,-5.29382275396164));
#10267=CARTESIAN_POINT('Ctrl Pts',(1.63095050579415,0.432520633165893,-5.37977348716449));
#10268=CARTESIAN_POINT('Ctrl Pts',(1.64167552257929,0.390122796289632,-5.44436855623527));
#10269=CARTESIAN_POINT('Ctrl Pts',(1.66094210037437,0.356351331952906,-5.48030844910725));
#10270=CARTESIAN_POINT('Ctrl Pts',(1.67216354199802,0.342035160989596,-5.48815182863501));
#10271=CARTESIAN_POINT('Ctrl Pts',(1.67673764003353,0.336228935015114,-5.48989798506321));
#10272=CARTESIAN_POINT('Ctrl Pts',(1.67673764003353,0.52678939800493,-5.00000004470345));
#10273=CARTESIAN_POINT('Ctrl Pts',(1.67617484945558,0.526789398061429,-5.00098704835712));
#10274=CARTESIAN_POINT('Ctrl Pts',(1.67561433825278,0.526789398117704,-5.00196289356487));
#10275=CARTESIAN_POINT('Ctrl Pts',(1.64851262014742,0.526789400838437,-5.04955454254045));
#10276=CARTESIAN_POINT('Ctrl Pts',(1.60929280709124,0.526789404775763,-5.11789373904245));
#10277=CARTESIAN_POINT('Ctrl Pts',(1.56654108511862,0.526789409067636,-5.1969068876205));
#10278=CARTESIAN_POINT('Ctrl Pts',(1.53087864494059,0.526789412647817,-5.26783529054144));
#10279=CARTESIAN_POINT('Ctrl Pts',(1.50044681538225,0.526789415702894,-5.34287557360323));
#10280=CARTESIAN_POINT('Ctrl Pts',(1.48310462964196,0.52678941744389,-5.4206366783079));
#10281=CARTESIAN_POINT('Ctrl Pts',(1.48325721838151,0.526789417428576,-5.46791925236582));
#10282=CARTESIAN_POINT('Ctrl Pts',(1.48617717704371,0.526789417135439,-5.48989798506321));
#10283=CARTESIAN_POINT('Ctrl Pts',(1.67673764003353,0.52678939800493,-5.00000004470345));
#10284=CARTESIAN_POINT('Ctrl Pts',(1.67589434378327,0.52678939808959,-5.00042169282761));
#10285=CARTESIAN_POINT('Ctrl Pts',(1.67505117450985,0.526789398174241,-5.00084321349513));
#10286=CARTESIAN_POINT('Ctrl Pts',(1.63450065009043,0.526789402245109,-5.02112477025529));
#10287=CARTESIAN_POINT('Ctrl Pts',(1.57500125289039,0.526789408218318,-5.05105477370958));
#10288=CARTESIAN_POINT('Ctrl Pts',(1.49968576450323,0.52678941577929,-5.09867453896114));
#10289=CARTESIAN_POINT('Ctrl Pts',(1.42865432552873,0.526789422910191,-5.15308754457633));
#10290=CARTESIAN_POINT('Ctrl Pts',(1.35241207184078,0.52678943056421,-5.2354338630861));
#10291=CARTESIAN_POINT('Ctrl Pts',(1.29122936661646,0.526789436706388,-5.35586064517357));
#10292=CARTESIAN_POINT('Ctrl Pts',(1.27673768018982,0.526789438161223,-5.44551337393123));
#10293=CARTESIAN_POINT('Ctrl Pts',(1.27673768018982,0.526789438161223,-5.48989798506321));
#10294=CARTESIAN_POINT('',(1.67673763838514,0.526789398004935,-5.00000004470345));
#10295=CARTESIAN_POINT('Ctrl Pts',(1.27673768018982,0.526789438161223,-5.48989798506321));
#10296=CARTESIAN_POINT('Ctrl Pts',(1.27673768018982,0.526789438161223,-5.44551337393123));
#10297=CARTESIAN_POINT('Ctrl Pts',(1.29122936661646,0.526789436706388,-5.35586064517357));
#10298=CARTESIAN_POINT('Ctrl Pts',(1.35241207184078,0.52678943056421,-5.2354338630861));
#10299=CARTESIAN_POINT('Ctrl Pts',(1.42865432552873,0.526789422910191,-5.15308754457633));
#10300=CARTESIAN_POINT('Ctrl Pts',(1.49968576450323,0.52678941577929,-5.09867453896114));
#10301=CARTESIAN_POINT('Ctrl Pts',(1.57500125289039,0.526789408218318,-5.05105477370958));
#10302=CARTESIAN_POINT('Ctrl Pts',(1.63450065009043,0.526789402245109,-5.02112477025529));
#10303=CARTESIAN_POINT('Ctrl Pts',(1.67505117407019,0.526789398174241,-5.00084321371503));
#10304=CARTESIAN_POINT('Ctrl Pts',(1.67589434290426,0.52678939808959,-5.00042169326704));
#10305=CARTESIAN_POINT('Ctrl Pts',(1.67673763871482,0.526789398004931,-5.0000000453628));
#10306=CARTESIAN_POINT('Origin',(1.67673764003353,0.0267893980049304,-5.00000004470345));
#10307=CARTESIAN_POINT('Ctrl Pts',(1.67673763673675,0.52678939800493,-5.00000004470344));
#10308=CARTESIAN_POINT('Ctrl Pts',(2.67673764003353,0.526789401301709,-5.00000004470344));
#10309=CARTESIAN_POINT('Ctrl Pts',(2.67673764003353,-0.473210601995069,
-5.00000004470344));
#10310=CARTESIAN_POINT('Ctrl Pts',(1.67673763673675,0.526789398004931,-5.50000004470345));
#10311=CARTESIAN_POINT('Ctrl Pts',(2.67673764003353,0.526789401301709,-5.50000004470344));
#10312=CARTESIAN_POINT('Ctrl Pts',(2.67673764003353,-0.473210601995069,
-5.50000004470344));
#10313=CARTESIAN_POINT('Ctrl Pts',(1.67673763838514,0.02678939800493,-5.50000004470345));
#10314=CARTESIAN_POINT('Ctrl Pts',(2.17673764003353,0.0267893996533194,
-5.50000004470345));
#10315=CARTESIAN_POINT('Ctrl Pts',(2.17673764003353,-0.473210601995069,
-5.50000004470345));
#10316=CARTESIAN_POINT('',(2.67673764003353,-0.473210601995069,-5.00000004470344));
#10317=CARTESIAN_POINT('Origin',(1.67673764003353,-0.473210601995069,-5.00000004470345));
#10318=CARTESIAN_POINT('',(2.17673764003353,-0.473210601995069,-5.50000004470348));
#10319=CARTESIAN_POINT('Origin',(2.17673764003353,-0.473210601995069,-5.00000004470345));
#10320=CARTESIAN_POINT('',(1.67673763838514,0.0267893980049304,-5.50000004470349));
#10321=CARTESIAN_POINT('Origin',(1.67673764003353,-0.473210601995069,-5.50000004470348));
#10322=CARTESIAN_POINT('Origin',(1.67673764003353,0.0267893980049304,-5.00000004470345));
#10323=CARTESIAN_POINT('Origin',(2.17673764003353,-4.4732105170072,-5.00000004470348));
#10324=CARTESIAN_POINT('',(2.67673764003353,-9.37126789338713,-5.00000004470348));
#10325=CARTESIAN_POINT('',(2.17673764003353,-9.37126789338713,-5.50000004470348));
#10326=CARTESIAN_POINT('Origin',(2.17673764003353,-9.37126789338713,-5.00000004470348));
#10327=CARTESIAN_POINT('',(2.17673764003353,-4.4732105170072,-5.50000004470348));
#10328=CARTESIAN_POINT('',(2.67673764003353,-4.4732105170072,-5.00000004470348));
#10329=CARTESIAN_POINT('Origin',(37.0001199567685,0.52678956633385,-5.50000004470345));
#10330=CARTESIAN_POINT('',(2.17673764038117,-9.47321060117165,-5.50000004470348));
#10331=CARTESIAN_POINT('',(2.17673763214706,-4.47321054609286,-5.50000004470348));
#10332=CARTESIAN_POINT('',(1.67673763838514,-9.47321060199507,-5.50000004470348));
#10333=CARTESIAN_POINT('',(19.338428814045,-9.4732105729094,-5.50000004470347));
#10334=CARTESIAN_POINT('',(1.67673763838514,0.526789566333849,-5.50000004470349));
#10335=CARTESIAN_POINT('Origin',(2.17673763214706,-4.47321054609286,-5.00000004470348));
#10336=CARTESIAN_POINT('',(2.67673764020141,-9.47321060034824,-5.00000004466753));
#10337=CARTESIAN_POINT('',(2.67673763214706,-4.47321054526945,-5.00000004466753));
#10338=CARTESIAN_POINT('Origin',(2.17673764038117,-9.47321060117165,-5.00000004470348));
#10339=CARTESIAN_POINT('Origin',(1.67673763838514,0.526789566333849,-3.00000004470348));
#10340=CARTESIAN_POINT('',(1.67673663447785,-9.47321060199501,-14.));
#10341=CARTESIAN_POINT('Origin',(1.67673765485336,-9.47321060199507,-14.));
#10342=CARTESIAN_POINT('',(1.67673663447785,-9.47321060199501,-14.));
#10343=CARTESIAN_POINT('',(1.67673663447785,-9.47321060199501,-14.));
#10344=CARTESIAN_POINT('',(104.839409221694,-9.4732104321045,-14.));
#10345=CARTESIAN_POINT('Origin',(208.002080908688,-82.4344506865738,-14.));
#10346=CARTESIAN_POINT('',(-13.9979200952189,-9.4732090284048,-14.));
#10347=CARTESIAN_POINT('',(97.0020840690497,-9.47322017177615,-14.));
#10348=CARTESIAN_POINT('',(-13.9979190913116,-167.451602064567,-14.));
#10349=CARTESIAN_POINT('',(-13.9979190913116,-124.94302637557,-14.));
#10350=CARTESIAN_POINT('',(430.002080908688,-167.451602064567,-14.));
#10351=CARTESIAN_POINT('',(319.002080908688,-167.451602064567,-14.));
#10352=CARTESIAN_POINT('',(430.002080908688,3.48270069141894,-14.));
#10353=CARTESIAN_POINT('',(430.002080908688,-39.9258749975774,-14.));
#10354=CARTESIAN_POINT('',(50.0000545307923,3.48270069141895,-14.));
#10355=CARTESIAN_POINT('',(128.984033610457,3.48270069141895,-14.));
#10356=CARTESIAN_POINT('Ctrl Pts',(49.9998992510596,3.48270486065709,-14.));
#10357=CARTESIAN_POINT('Ctrl Pts',(49.9976209725934,2.78265877659022,-14.));
#10358=CARTESIAN_POINT('Ctrl Pts',(49.9389160262616,2.08279065697582,-14.));
#10359=CARTESIAN_POINT('Ctrl Pts',(49.8240781924179,1.39224489512594,-14.));
#10360=CARTESIAN_POINT('Ctrl Pts',(49.3247484077084,-1.61033757317227,-14.));
#10361=CARTESIAN_POINT('Ctrl Pts',(47.7311739428959,-4.41776090877582,-14.));
#10362=CARTESIAN_POINT('Ctrl Pts',(45.4118205616095,-6.38566464308228,-14.));
#10363=CARTESIAN_POINT('Ctrl Pts',(43.0858847981771,-8.35915333676161,-14.));
#10364=CARTESIAN_POINT('Ctrl Pts',(40.0488797912694,-9.47321053880298,-14.));
#10365=CARTESIAN_POINT('Ctrl Pts',(37.0001199732371,-9.47321054382375,-14.));
#10366=CARTESIAN_POINT('Ctrl Pts',(37.0001199732371,-9.47321054382375,-14.));
#10367=CARTESIAN_POINT('Ctrl Pts',(37.0001199732371,-9.47321054382375,6.01646438521322));
#10368=CARTESIAN_POINT('Ctrl Pts',(40.0488797912694,-9.47321053880298,-14.));
#10369=CARTESIAN_POINT('Ctrl Pts',(40.0488797912694,-9.47321053880298,6.01646438521322));
#10370=CARTESIAN_POINT('Ctrl Pts',(43.0858847981771,-8.35915333676161,-14.));
#10371=CARTESIAN_POINT('Ctrl Pts',(43.0858847981771,-8.35915333676161,6.01646438521322));
#10372=CARTESIAN_POINT('Ctrl Pts',(45.4118205616095,-6.38566464308228,-14.));
#10373=CARTESIAN_POINT('Ctrl Pts',(45.4118205616095,-6.38566464308228,6.01646438521322));
#10374=CARTESIAN_POINT('Ctrl Pts',(47.7311739428959,-4.41776090877582,-14.));
#10375=CARTESIAN_POINT('Ctrl Pts',(47.7311739428959,-4.41776090877582,6.01646438521322));
#10376=CARTESIAN_POINT('Ctrl Pts',(49.3247484077084,-1.61033757317227,-14.));
#10377=CARTESIAN_POINT('Ctrl Pts',(49.3247484077084,-1.61033757317227,6.01646438521322));
#10378=CARTESIAN_POINT('Ctrl Pts',(49.8240781924179,1.39224489512594,-14.));
#10379=CARTESIAN_POINT('Ctrl Pts',(49.8240781924179,1.39224489512594,6.01646438521322));
#10380=CARTESIAN_POINT('Ctrl Pts',(50.0130143892373,2.52836080402773,-14.));
#10381=CARTESIAN_POINT('Ctrl Pts',(50.0130143892373,2.52836080402773,6.01646438521322));
#10382=CARTESIAN_POINT('Ctrl Pts',(50.0500086215105,3.68971071416706,-14.));
#10383=CARTESIAN_POINT('Ctrl Pts',(50.0500086215105,3.68971071416706,6.01646438521322));
#10384=CARTESIAN_POINT('Ctrl Pts',(49.9337525713462,4.83557109440972,-14.));
#10385=CARTESIAN_POINT('Ctrl Pts',(49.9337525713462,4.83557109440972,6.01646438521322));
#10386=CARTESIAN_POINT('Ctrl Pts',(50.0000545307923,3.48270069141895,-14.));
#10387=CARTESIAN_POINT('Ctrl Pts',(50.0000545307923,3.48270069141895,-10.6639226024645));
#10388=CARTESIAN_POINT('Ctrl Pts',(50.0000545307923,3.48270069141895,-7.32784520492893));
#10389=CARTESIAN_POINT('Ctrl Pts',(50.0000545307923,3.48270069141895,-2.52814185518708));
#10390=CARTESIAN_POINT('Ctrl Pts',(50.0000545307923,3.48270069141895,-1.06451590298076));
#10391=CARTESIAN_POINT('Ctrl Pts',(50.0000545307923,3.48270069141895,0.399110049225552));
#10392=CARTESIAN_POINT('Origin',(1.67673765485336,-9.47321060199507,-14.));
#10393=CARTESIAN_POINT('',(11.9267376406148,-9.47321058511514,-8.25000002198324));
#10394=CARTESIAN_POINT('Origin',(11.9267376400335,-9.37126787812499,-2.50000004470347));
#10395=CARTESIAN_POINT('',(11.9267376400335,-9.47321058511514,-0.165128238678683));
#10396=CARTESIAN_POINT('Origin',(11.9267376400335,-0.406891997948156,0.230715788743297));
#10397=CARTESIAN_POINT('',(11.9267376400335,-0.473211731390774,-6.88464210562835));
#10398=CARTESIAN_POINT('Origin',(12.9267376400335,-0.473211731390774,-6.88464210562835));
#10399=CARTESIAN_POINT('',(12.9267377404243,0.526788268609221,-6.88464210562835));
#10400=CARTESIAN_POINT('Origin',(1.67673763838514,0.526789398004935,-14.));
#10401=CARTESIAN_POINT('',(37.0001199567689,0.526789456176254,-9.));
#10402=CARTESIAN_POINT('Ctrl Pts',(37.0001199567685,0.526789456176258,-17.));
#10403=CARTESIAN_POINT('Ctrl Pts',(40.0001199518237,0.526789461116339,-17.));
#10404=CARTESIAN_POINT('Ctrl Pts',(40.0001199518237,3.52393412078933,-17.));
#10405=CARTESIAN_POINT('Ctrl Pts',(37.0001199567685,0.526789456176258,0.400910339673044));
#10406=CARTESIAN_POINT('Ctrl Pts',(40.0001199518237,0.526789461116339,0.400910339673044));
#10407=CARTESIAN_POINT('Ctrl Pts',(40.0001199518237,3.52393412078933,0.400910339673044));
#10408=CARTESIAN_POINT('',(40.0001199518237,3.52393412078933,-14.));
#10409=CARTESIAN_POINT('',(37.0001199567689,0.526789456176254,-9.));
#10410=CARTESIAN_POINT('Origin',(40.0001199518237,7.52012694424049,-14.));
#10411=CARTESIAN_POINT('',(40.0001199518237,7.5201269442405,-14.));
#10412=CARTESIAN_POINT('Ctrl Pts',(43.0001199518237,10.5172716088536,-17.));
#10413=CARTESIAN_POINT('Ctrl Pts',(40.0001199518237,10.5172716088536,-17.));
#10414=CARTESIAN_POINT('Ctrl Pts',(40.0001199518237,7.5201269442405,-17.));
#10415=CARTESIAN_POINT('Ctrl Pts',(43.0001199518237,10.5172716088536,0.706246055573747));
#10416=CARTESIAN_POINT('Ctrl Pts',(40.0001199518237,10.5172716088536,0.706246055573747));
#10417=CARTESIAN_POINT('Ctrl Pts',(40.0001199518237,7.5201269442405,0.706246055573747));
#10418=CARTESIAN_POINT('',(43.0001199518237,10.5172716088536,-14.));
#10419=CARTESIAN_POINT('Origin',(43.0001199518237,10.582700691419,-14.));
#10420=CARTESIAN_POINT('',(43.0001199518237,10.582700691419,-14.));
#10421=CARTESIAN_POINT('Origin',(237.500059973439,10.5499861501362,1.45838891723183));
#10422=CARTESIAN_POINT('',(43.0001199518237,10.582700691419,-14.));
#10423=CARTESIAN_POINT('',(436.501040451872,10.5827006914189,0.709102751078562));
#10424=CARTESIAN_POINT('',(435.,10.5663434169573,1.08374592165459));
#10425=CARTESIAN_POINT('Origin',(438.002080908688,10.5827006914189,-17.));
#10426=CARTESIAN_POINT('',(436.501040451872,10.5827006914189,0.709102751078562));
#10427=CARTESIAN_POINT('Origin',(438.002080908688,10.5827006914189,-17.));
#10428=CARTESIAN_POINT('Origin',(435.,7.5691987523442,0.952887756523919));
#10429=CARTESIAN_POINT('',(438.,7.5691987523442,0.952887756523919));
#10430=CARTESIAN_POINT('Origin',(438.,-172.243123141002,-7.27324511560522));
#10431=CARTESIAN_POINT('',(438.,-172.243123141002,-7.27324511560522));
#10432=CARTESIAN_POINT('Origin',(435.,-172.243123141002,-7.27324511560522));
#10433=CARTESIAN_POINT('',(435.,-175.240267805748,-7.40410327770122));
#10434=CARTESIAN_POINT('Origin',(-19.,-175.240267805748,-7.40410327770122));
#10435=CARTESIAN_POINT('',(-19.,-175.240267805748,-7.40410327770122));
#10436=CARTESIAN_POINT('Origin',(-19.,-172.243123141002,-7.27324511560522));
#10437=CARTESIAN_POINT('',(-21.9979190913116,-172.35473575109,-7.27811822740214));
#10438=CARTESIAN_POINT('Origin',(-21.9979190913116,10.582700691419,-17.));
#10439=CARTESIAN_POINT('',(-21.9979190913116,-2.35874269016116,-14.));
#10440=CARTESIAN_POINT('Ctrl Pts',(-19.0000000049654,0.526789363954031,
-17.));
#10441=CARTESIAN_POINT('Ctrl Pts',(-21.8902858648982,0.526789359194245,
-17.));
#10442=CARTESIAN_POINT('Ctrl Pts',(-21.9979190913116,-2.3587426901614,-17.));
#10443=CARTESIAN_POINT('Ctrl Pts',(-19.0000000049654,0.526789363954031,
0.270052170515866));
#10444=CARTESIAN_POINT('Ctrl Pts',(-21.8902858648982,0.526789359194245,
0.270052170515866));
#10445=CARTESIAN_POINT('Ctrl Pts',(-21.9979190913116,-2.3587426901614,0.270052170515866));
#10446=CARTESIAN_POINT('',(-19.0000000049654,0.526789363954031,-9.));
#10447=CARTESIAN_POINT('Origin',(1.67673763838514,0.526789398004935,-14.));
#10448=CARTESIAN_POINT('',(1.67673763838514,0.52678956633385,-2.50000004470348));
#10449=CARTESIAN_POINT('',(1.67673774042426,0.526789398004925,-7.08256411967189));
#10450=CARTESIAN_POINT('',(1.67673763838515,0.526789398004935,-8.50000002235174));
#10451=CARTESIAN_POINT('Origin',(1.67673764003353,-0.473210601995069,-7.08256411967189));
#10452=CARTESIAN_POINT('',(2.67673764003353,-0.473210601995069,-7.08256411967189));
#10453=CARTESIAN_POINT('Origin',(2.67673764003353,-9.47321060034824,-0.165128239343776));
#10454=CARTESIAN_POINT('',(2.67673764003353,-9.37126789338713,-2.50000004470348));
#10455=CARTESIAN_POINT('',(2.67673764003353,-9.47321060034824,-0.165128239343775));
#10456=CARTESIAN_POINT('',(2.67673764003353,-9.37126789338713,-2.50000004470348));
#10457=CARTESIAN_POINT('Origin',(2.67673764003353,-9.47321060034824,-0.165128239343775));
#10458=CARTESIAN_POINT('',(2.67673764020141,-9.47321060034824,-2.50000004470348));
#10459=CARTESIAN_POINT('Origin',(1.67673765485336,-9.47321060199507,-14.));
#10460=CARTESIAN_POINT('',(1.67673663447785,-9.47321060199501,-14.));
#10461=CARTESIAN_POINT('Origin',(-13.9979200952189,-9.4732090284048,-14.));
#10462=CARTESIAN_POINT('',(-13.9979200952189,-9.4732090284048,-14.));
#10463=CARTESIAN_POINT('Origin',(-13.9979190913116,-167.451602064567,-14.));
#10464=CARTESIAN_POINT('',(-13.9979190913116,-167.451602064567,-14.));
#10465=CARTESIAN_POINT('Origin',(430.002080908688,-167.451602064567,-14.));
#10466=CARTESIAN_POINT('',(430.002080908688,-167.451602064567,-14.));
#10467=CARTESIAN_POINT('Origin',(430.002080908688,2.58270069141894,-14.));
#10468=CARTESIAN_POINT('',(430.002080908688,3.48270069141894,-14.));
#10469=CARTESIAN_POINT('Origin',(49.9659863122265,3.48270069141895,-14.));
#10470=UNCERTAINTY_MEASURE_WITH_UNIT(LENGTH_MEASURE(0.01),#10474,
'DISTANCE_ACCURACY_VALUE',
'Maximum model space distance between geometric entities at asserted c
onnectivities');
#10471=UNCERTAINTY_MEASURE_WITH_UNIT(LENGTH_MEASURE(0.01),#10474,
'DISTANCE_ACCURACY_VALUE',
'Maximum model space distance between geometric entities at asserted c
onnectivities');
#10472=(
GEOMETRIC_REPRESENTATION_CONTEXT(3)
GLOBAL_UNCERTAINTY_ASSIGNED_CONTEXT((#10470))
GLOBAL_UNIT_ASSIGNED_CONTEXT((#10474,#10476,#10477))
REPRESENTATION_CONTEXT('','3D')
);
#10473=(
GEOMETRIC_REPRESENTATION_CONTEXT(3)
GLOBAL_UNCERTAINTY_ASSIGNED_CONTEXT((#10471))
GLOBAL_UNIT_ASSIGNED_CONTEXT((#10474,#10476,#10477))
REPRESENTATION_CONTEXT('','3D')
);
#10474=(
LENGTH_UNIT()
NAMED_UNIT(*)
SI_UNIT(.MILLI.,.METRE.)
);
#10475=(
LENGTH_UNIT()
NAMED_UNIT(*)
SI_UNIT($,.METRE.)
);
#10476=(
NAMED_UNIT(*)
PLANE_ANGLE_UNIT()
SI_UNIT($,.RADIAN.)
);
#10477=(
NAMED_UNIT(*)
SI_UNIT($,.STERADIAN.)
SOLID_ANGLE_UNIT()
);
#10478=SHAPE_DEFINITION_REPRESENTATION(#10479,#10480);
#10479=PRODUCT_DEFINITION_SHAPE('',$,#10482);
#10480=SHAPE_REPRESENTATION('',(#5114),#10472);
#10481=PRODUCT_DEFINITION_CONTEXT('part definition',#10486,'design');
#10482=PRODUCT_DEFINITION('Bottom Case','Bottom Case',#10483,#10481);
#10483=PRODUCT_DEFINITION_FORMATION('',$,#10488);
#10484=PRODUCT_RELATED_PRODUCT_CATEGORY('Bottom Case','Bottom Case',(#10488));
#10485=APPLICATION_PROTOCOL_DEFINITION('international standard',
'automotive_design',2009,#10486);
#10486=APPLICATION_CONTEXT(
'Core Data for Automotive Mechanical Design Process');
#10487=PRODUCT_CONTEXT('part definition',#10486,'mechanical');
#10488=PRODUCT('Bottom Case','Bottom Case',$,(#10487));
#10489=PRESENTATION_STYLE_ASSIGNMENT((#10490));
#10490=SURFACE_STYLE_USAGE(.BOTH.,#10491);
#10491=SURFACE_SIDE_STYLE('',(#10492));
#10492=SURFACE_STYLE_FILL_AREA(#10493);
#10493=FILL_AREA_STYLE('Steel - Satin',(#10494));
#10494=FILL_AREA_STYLE_COLOUR('Steel - Satin',#10495);
#10495=COLOUR_RGB('Steel - Satin',0.627450980392157,0.627450980392157,0.627450980392157);
ENDSEC;
END-ISO-10303-21;
